transaction_id,amount,transaction_hour,transactions_last_24h,account_age_days,device_changes_7d,location_changes_7d,is_fraud
TXN000001,83.28,11,4,268,0,0,0
TXN000002,48.54,7,3,181,0,0,0
TXN000003,94.68,6,4,120,0,0,1
TXN000004,199.25,7,4,222,1,0,0
TXN000005,44.74,15,1,591,0,1,0
TXN000006,44.75,5,7,214,0,2,1
TXN000007,209.0,11,3,709,0,0,0
TXN000008,104.83,17,6,774,1,0,0
TXN000009,36.63,11,2,48,0,0,0
TXN000010,86.59,18,3,808,0,1,0
TXN000011,36.82,17,1,652,1,0,0
TXN000012,36.75,10,1,269,0,1,0
TXN000013,67.07,17,4,635,0,1,0
TXN000014,10.74,17,3,449,1,0,0
TXN000015,12.6,12,1,436,1,0,0
TXN000016,33.85,9,2,641,2,0,0
TXN000017,23.08,14,2,94,0,1,0
TXN000018,71.32,21,2,319,0,0,0
TXN000019,25.23,15,3,375,1,0,0
TXN000020,16.44,9,4,496,0,0,0
TXN000021,189.77,16,8,596,0,0,1
TXN000022,45.06,12,1,304,0,0,0
TXN000023,57.82,15,7,540,1,0,0
TXN000024,16.26,17,0,334,2,0,0
TXN000025,34.37,14,4,259,0,0,0
TXN000026,60.0,18,6,459,0,0,0
TXN000027,20.53,17,1,1035,0,1,0
TXN000028,75.14,15,1,352,0,0,0
TXN000029,32.77,8,4,177,0,0,0
TXN000030,42.61,19,7,1198,0,0,0
TXN000031,32.74,21,0,1393,0,0,0
TXN000032,263.6,8,2,178,0,0,0
TXN000033,53.98,13,6,359,1,0,0
TXN000034,22.22,10,3,226,0,0,0
TXN000035,109.86,17,2,377,1,1,0
TXN000036,19.34,17,3,324,1,0,0
TXN000037,65.2,8,5,463,0,0,0
TXN000038,10.32,20,6,349,0,1,0
TXN000039,17.66,9,2,304,1,0,0
TXN000040,64.54,18,1,446,0,0,0
TXN000041,102.28,13,2,166,0,0,0
TXN000042,63.16,11,7,1332,1,1,0
TXN000043,49.49,9,3,1122,0,1,0
TXN000044,42.27,9,4,317,1,2,0
TXN000045,15.54,16,1,496,0,0,0
TXN000046,29.61,14,3,534,0,0,1
TXN000047,36.91,8,1,558,1,0,0
TXN000048,134.1,8,4,457,0,0,0
TXN000049,73.12,6,6,184,0,0,0
TXN000050,12.2,17,10,481,0,1,1
TXN000051,71.91,17,4,622,1,0,1
TXN000052,39.36,6,3,436,0,0,0
TXN000053,30.71,14,1,555,1,1,0
TXN000054,91.83,7,5,392,0,1,0
TXN000055,131.15,20,4,1026,0,0,0
TXN000056,120.49,20,4,230,0,0,0
TXN000057,26.75,16,7,454,1,1,0
TXN000058,41.98,21,3,773,0,0,0
TXN000059,72.35,18,4,444,1,1,0
TXN000060,125.11,19,6,1051,0,0,0
TXN000061,36.33,14,3,103,0,1,0
TXN000062,46.63,11,4,503,0,0,0
TXN000063,21.32,9,4,246,1,1,0
TXN000064,19.75,11,3,206,0,0,0
TXN000065,108.92,15,1,171,0,0,0
TXN000066,172.92,9,5,985,0,0,0
TXN000067,51.36,10,3,425,2,0,0
TXN000068,128.12,13,3,1120,0,2,0
TXN000069,74.25,10,7,159,0,0,0
TXN000070,31.55,15,3,363,1,1,0
TXN000071,74.23,21,2,195,0,1,0
TXN000072,201.81,17,3,1026,1,2,0
TXN000073,52.96,16,0,551,1,2,0
TXN000074,206.43,15,1,368,2,0,0
TXN000075,5.89,13,4,783,0,0,0
TXN000076,109.8,9,2,490,0,2,0
TXN000077,58.79,20,2,34,0,0,0
TXN000078,42.34,10,6,135,0,0,0
TXN000079,59.03,7,2,503,1,2,0
TXN000080,10.08,17,4,144,0,0,0
TXN000081,45.3,9,1,275,0,0,0
TXN000082,73.96,12,4,166,0,0,0
TXN000083,191.75,2,0,694,0,1,0
TXN000084,35.14,8,1,183,1,0,0
TXN000085,27.46,9,1,390,0,0,0
TXN000086,35.64,5,1,495,0,0,0
TXN000087,118.88,16,3,297,0,0,0
TXN000088,72.2,19,6,400,1,0,0
TXN000089,34.8,12,5,338,0,2,0
TXN000090,84.46,20,3,947,0,0,0
TXN000091,59.29,9,3,496,0,1,0
TXN000092,124.38,11,4,69,0,0,0
TXN000093,30.06,8,2,856,0,0,0
TXN000094,41.33,15,3,101,0,0,1
TXN000095,39.12,12,5,807,0,0,0
TXN000096,15.74,15,7,510,0,1,0
TXN000097,70.22,18,5,252,0,1,0
TXN000098,68.16,14,3,208,1,0,0
TXN000099,54.84,15,5,121,0,0,0
TXN000100,44.73,21,3,105,0,1,0
TXN000101,16.39,11,4,674,0,0,0
TXN000102,38.19,11,4,323,0,1,0
TXN000103,40.8,17,6,362,0,0,0
TXN000104,27.61,15,1,200,1,1,0
TXN000105,47.6,9,1,172,0,0,0
TXN000106,76.97,12,4,343,0,0,0
TXN000107,271.31,13,1,134,0,0,0
TXN000108,63.33,12,4,211,3,0,1
TXN000109,67.96,9,5,272,0,0,0
TXN000110,51.25,21,4,217,0,0,0
TXN000111,10.69,18,6,625,0,0,0
TXN000112,53.38,13,2,39,0,1,0
TXN000113,57.47,16,8,739,0,0,1
TXN000114,443.08,20,6,962,0,0,0
TXN000115,46.36,8,5,175,0,0,0
TXN000116,70.55,10,1,299,1,0,0
TXN000117,53.01,14,2,333,0,1,0
TXN000118,20.22,18,0,427,0,1,0
TXN000119,144.23,3,1,1184,0,1,0
TXN000120,103.46,23,2,1144,1,1,0
TXN000121,106.95,13,2,132,0,0,0
TXN000122,25.2,11,3,244,1,0,0
TXN000123,179.9,11,6,1194,0,1,0
TXN000124,16.58,9,4,190,0,0,0
TXN000125,89.91,18,3,82,1,0,0
TXN000126,351.39,22,2,273,1,2,0
TXN000127,23.52,12,3,706,0,0,0
TXN000128,33.74,21,3,275,0,0,0
TXN000129,59.42,19,1,151,0,0,0
TXN000130,35.59,13,2,292,0,0,0
TXN000131,14.61,16,4,875,0,1,0
TXN000132,57.87,12,5,488,0,1,0
TXN000133,22.13,14,6,176,0,1,1
TXN000134,81.66,6,3,350,0,1,0
TXN000135,24.99,16,2,94,0,1,0
TXN000136,203.86,5,0,175,2,0,0
TXN000137,28.06,18,3,132,0,1,0
TXN000138,41.52,19,3,282,1,1,0
TXN000139,109.02,10,2,417,0,0,0
TXN000140,19.18,11,2,301,1,2,0
TXN000141,66.24,13,3,72,0,0,0
TXN000142,165.85,15,4,750,1,0,1
TXN000143,13.92,10,4,151,0,0,0
TXN000144,63.88,15,3,116,0,0,0
TXN000145,68.09,11,6,273,0,0,0
TXN000146,106.12,5,0,495,1,1,0
TXN000147,19.08,0,2,483,1,0,0
TXN000148,17.77,7,4,335,1,2,0
TXN000149,85.08,18,4,364,0,0,0
TXN000150,70.28,22,2,410,0,0,0
TXN000151,67.55,12,4,131,1,0,0
TXN000152,73.29,14,3,499,1,1,0
TXN000153,30.63,8,2,206,0,0,0
TXN000154,66.51,14,5,458,0,0,0
TXN000155,70.04,8,7,93,0,0,0
TXN000156,29.75,15,1,94,0,2,0
TXN000157,266.64,21,4,145,0,1,1
TXN000158,81.68,9,3,230,1,1,0
TXN000159,19.83,18,3,153,0,0,0
TXN000160,95.4,1,1,675,0,0,1
TXN000161,23.84,12,0,653,2,1,0
TXN000162,106.59,8,3,357,1,1,0
TXN000163,146.18,11,4,848,0,0,0
TXN000164,27.18,9,0,319,1,1,0
TXN000165,123.83,12,0,143,0,1,0
TXN000166,77.55,12,1,273,1,0,0
TXN000167,109.81,11,3,203,0,0,0
TXN000168,273.77,16,2,911,0,0,0
TXN000169,44.32,21,3,448,1,0,0
TXN000170,28.77,12,4,755,0,1,0
TXN000171,25.63,9,4,143,0,0,0
TXN000172,27.29,10,5,260,1,0,0
TXN000173,51.13,19,2,151,0,2,0
TXN000174,72.96,14,4,916,0,0,0
TXN000175,69.07,13,4,252,0,0,0
TXN000176,110.29,8,8,44,0,0,1
TXN000177,55.2,13,1,951,1,1,0
TXN000178,187.82,10,4,300,0,0,0
TXN000179,43.6,21,2,113,1,2,0
TXN000180,551.23,20,3,372,0,2,0
TXN000181,92.93,7,2,319,0,0,0
TXN000182,26.35,14,1,711,1,2,0
TXN000183,21.97,10,9,1089,1,0,1
TXN000184,82.28,12,1,727,0,1,0
TXN000185,45.15,20,1,167,0,0,0
TXN000186,100.17,14,5,228,1,0,0
TXN000187,81.63,11,3,165,1,0,0
TXN000188,51.32,9,2,809,1,1,0
TXN000189,26.58,18,4,459,1,0,0
TXN000190,15.07,15,5,439,0,0,0
TXN000191,37.35,13,1,120,0,0,0
TXN000192,113.06,9,1,392,0,2,0
TXN000193,65.5,11,4,597,0,0,0
TXN000194,18.94,22,7,249,0,0,0
TXN000195,63.26,14,5,71,0,0,0
TXN000196,75.76,12,4,103,0,0,0
TXN000197,25.76,14,4,918,0,0,0
TXN000198,62.22,18,1,864,2,0,0
TXN000199,57.37,11,2,1015,0,1,0
TXN000200,20.67,9,4,703,1,0,0
TXN000201,74.0,15,3,210,0,0,0
TXN000202,87.94,16,2,752,1,1,0
TXN000203,137.08,17,3,233,0,1,0
TXN000204,133.72,20,3,303,0,0,0
TXN000205,16.93,12,3,523,0,1,0
TXN000206,24.6,6,7,288,0,1,0
TXN000207,84.59,22,5,212,1,0,0
TXN000208,84.5,12,1,317,0,1,0
TXN000209,84.59,15,3,701,1,1,0
TXN000210,1443.49,16,5,231,0,0,1
TXN000211,88.7,14,5,212,0,0,0
TXN000212,143.34,9,6,229,0,2,0
TXN000213,122.84,17,2,100,0,0,0
TXN000214,94.98,18,4,124,0,1,0
TXN000215,41.76,14,6,158,0,1,0
TXN000216,104.08,13,1,253,1,0,0
TXN000217,28.31,8,1,460,0,1,0
TXN000218,44.64,7,1,73,1,0,0
TXN000219,36.14,11,3,518,1,0,0
TXN000220,58.53,11,4,915,1,0,0
TXN000221,390.51,21,2,170,1,1,0
TXN000222,11.17,18,3,438,0,0,0
TXN000223,97.84,16,3,133,0,0,0
TXN000224,13.86,14,4,326,1,0,0
TXN000225,36.56,9,6,359,0,0,0
TXN000226,137.77,22,2,587,0,1,0
TXN000227,57.66,12,5,1393,0,0,0
TXN000228,21.84,7,2,284,0,1,0
TXN000229,29.73,13,4,319,0,0,0
TXN000230,97.29,20,3,334,0,0,1
TXN000231,29.35,20,4,377,0,2,0
TXN000232,65.63,0,4,401,0,0,1
TXN000233,56.75,20,6,273,2,0,0
TXN000234,31.38,10,6,1085,0,0,0
TXN000235,337.77,3,3,330,0,0,0
TXN000236,93.58,19,5,191,0,1,0
TXN000237,9.76,19,1,312,1,0,0
TXN000238,63.97,15,2,347,0,0,0
TXN000239,31.11,14,4,345,1,3,1
TXN000240,112.68,18,5,364,0,0,0
TXN000241,27.84,18,4,699,0,0,0
TXN000242,49.52,20,2,1050,0,1,0
TXN000243,83.87,14,7,473,1,1,0
TXN000244,113.97,22,1,745,1,1,0
TXN000245,19.68,23,2,364,0,1,0
TXN000246,41.09,8,4,366,0,1,0
TXN000247,36.46,19,4,213,0,2,0
TXN000248,31.33,13,8,679,0,1,1
TXN000249,244.85,12,2,1128,0,2,1
TXN000250,77.03,15,1,883,0,1,0
TXN000251,18.69,5,6,523,0,0,0
TXN000252,119.13,13,1,425,0,0,0
TXN000253,331.57,19,1,426,0,0,0
TXN000254,131.31,9,1,778,0,1,0
TXN000255,15.01,12,3,294,1,1,0
TXN000256,36.18,21,5,138,0,0,0
TXN000257,160.27,12,2,328,0,1,0
TXN000258,29.92,11,4,156,0,1,0
TXN000259,79.62,13,4,344,0,0,0
TXN000260,105.47,14,5,162,0,2,0
TXN000261,24.83,15,2,554,0,0,0
TXN000262,51.9,18,4,251,0,0,0
TXN000263,5.0,13,4,245,0,1,0
TXN000264,22.86,18,4,484,0,0,0
TXN000265,44.05,14,2,174,0,0,0
TXN000266,18.9,11,4,181,1,0,0
TXN000267,218.67,16,5,328,0,2,0
TXN000268,16.19,17,3,628,0,0,0
TXN000269,37.56,14,6,69,1,1,0
TXN000270,61.02,5,1,591,0,1,0
TXN000271,185.88,9,3,284,0,1,0
TXN000272,16.11,10,3,402,2,1,0
TXN000273,146.74,10,4,472,0,1,0
TXN000274,55.08,16,4,121,0,1,0
TXN000275,23.71,1,6,545,0,0,0
TXN000276,80.87,17,1,1073,1,0,0
TXN000277,64.66,10,4,291,1,0,0
TXN000278,32.78,11,2,424,0,0,0
TXN000279,57.94,14,4,442,0,0,0
TXN000280,39.35,9,6,102,0,2,0
TXN000281,60.13,20,3,699,0,0,0
TXN000282,95.85,7,2,97,1,1,0
TXN000283,210.21,13,5,475,0,3,0
TXN000284,19.07,19,3,333,1,0,0
TXN000285,334.65,15,5,519,0,0,0
TXN000286,10.39,11,2,113,1,1,0
TXN000287,47.99,12,5,237,0,1,0
TXN000288,90.02,17,2,64,0,0,0
TXN000289,69.33,22,4,225,1,2,0
TXN000290,32.16,20,0,221,0,1,0
TXN000291,45.75,11,4,287,0,0,0
TXN000292,35.91,23,1,672,0,0,0
TXN000293,33.08,0,2,552,0,0,1
TXN000294,112.41,2,1,39,1,1,0
TXN000295,73.96,19,0,243,0,0,0
TXN000296,30.3,9,3,119,2,0,0
TXN000297,117.29,6,4,65,0,1,0
TXN000298,70.9,10,0,318,0,0,0
TXN000299,108.95,12,8,186,0,1,1
TXN000300,93.24,17,3,617,0,0,0
TXN000301,26.99,15,4,553,1,0,0
TXN000302,33.91,10,3,351,0,0,0
TXN000303,103.05,13,1,424,0,0,0
TXN000304,91.73,21,3,871,1,0,0
TXN000305,53.64,18,5,365,0,0,0
TXN000306,60.32,11,2,407,0,2,0
TXN000307,161.74,23,3,340,0,0,0
TXN000308,33.02,17,3,369,0,0,0
TXN000309,86.92,6,2,127,1,0,0
TXN000310,45.98,3,4,474,0,0,1
TXN000311,45.38,9,4,253,0,2,0
TXN000312,138.93,17,5,681,1,1,0
TXN000313,110.12,9,1,141,0,0,0
TXN000314,109.01,14,1,261,0,1,0
TXN000315,165.61,7,3,147,0,0,0
TXN000316,55.58,21,2,107,0,1,0
TXN000317,97.48,11,4,414,1,0,0
TXN000318,41.94,20,3,578,0,0,0
TXN000319,71.92,21,3,465,0,0,0
TXN000320,48.88,0,1,274,0,0,0
TXN000321,59.29,13,2,234,1,0,0
TXN000322,90.55,2,5,72,0,1,0
TXN000323,27.24,20,2,124,1,2,0
TXN000324,323.28,14,3,375,0,1,0
TXN000325,23.22,6,2,100,0,0,0
TXN000326,19.45,8,3,272,0,0,0
TXN000327,146.12,12,2,1083,0,0,0
TXN000328,107.01,21,3,341,1,0,0
TXN000329,92.81,16,2,231,0,0,0
TXN000330,93.14,19,4,607,1,0,0
TXN000331,54.03,12,1,943,0,0,0
TXN000332,25.47,4,1,891,0,0,0
TXN000333,58.23,22,2,360,0,1,0
TXN000334,30.7,1,2,643,0,2,1
TXN000335,125.07,21,3,352,0,0,0
TXN000336,48.18,12,3,186,0,2,0
TXN000337,27.07,0,4,65,0,1,0
TXN000338,41.55,16,3,189,1,0,0
TXN000339,77.56,22,2,211,0,0,0
TXN000340,33.81,22,5,235,0,1,0
TXN000341,27.14,9,5,145,1,0,0
TXN000342,67.16,9,2,262,1,0,0
TXN000343,67.24,14,6,193,0,1,0
TXN000344,35.48,15,2,669,0,0,0
TXN000345,36.58,17,4,262,0,1,0
TXN000346,66.5,9,2,462,0,0,0
TXN000347,15.94,22,6,192,1,1,0
TXN000348,16.5,15,1,467,0,0,0
TXN000349,29.65,19,2,401,1,0,0
TXN000350,45.54,14,1,304,0,1,0
TXN000351,71.11,12,2,173,0,0,0
TXN000352,191.34,22,4,96,0,0,0
TXN000353,113.18,15,5,247,0,0,0
TXN000354,47.66,19,3,449,0,3,1
TXN000355,53.72,21,5,715,0,0,0
TXN000356,23.29,16,7,237,0,1,0
TXN000357,53.75,14,1,92,0,0,0
TXN000358,42.72,0,2,483,0,0,1
TXN000359,71.83,3,6,303,1,1,0
TXN000360,27.03,9,4,216,0,0,0
TXN000361,84.9,9,5,451,0,0,0
TXN000362,200.9,10,2,304,0,0,0
TXN000363,49.78,11,1,342,1,2,0
TXN000364,76.82,11,6,740,0,1,0
TXN000365,98.16,12,5,225,2,0,0
TXN000366,38.82,7,4,292,0,0,0
TXN000367,66.05,4,1,816,1,1,0
TXN000368,55.19,16,2,539,1,1,0
TXN000369,59.32,14,4,593,0,1,0
TXN000370,28.3,13,5,626,0,0,0
TXN000371,55.75,15,4,199,0,0,0
TXN000372,83.37,19,8,337,0,0,1
TXN000373,187.44,12,3,160,0,0,0
TXN000374,123.39,16,6,619,0,0,0
TXN000375,340.43,21,2,294,1,1,0
TXN000376,28.44,19,2,415,0,0,0
TXN000377,114.6,12,3,500,0,0,0
TXN000378,63.81,16,1,44,0,0,0
TXN000379,351.19,9,2,382,0,3,1
TXN000380,27.47,14,3,843,2,0,0
TXN000381,26.74,22,3,14,1,0,0
TXN000382,32.8,14,4,673,0,1,0
TXN000383,8.98,21,6,494,1,0,0
TXN000384,34.92,12,2,430,1,0,0
TXN000385,28.64,23,5,261,1,0,1
TXN000386,62.04,15,2,230,1,0,0
TXN000387,73.0,4,2,426,0,0,0
TXN000388,269.01,15,3,171,0,1,0
TXN000389,122.47,10,4,135,0,0,0
TXN000390,33.44,2,3,979,2,2,1
TXN000391,25.44,19,5,649,0,1,0
TXN000392,82.94,10,5,428,0,1,0
TXN000393,17.78,18,4,275,1,1,0
TXN000394,258.98,10,2,217,0,0,0
TXN000395,148.79,9,2,323,2,0,0
TXN000396,36.64,22,6,422,0,0,0
TXN000397,12.73,11,3,307,0,0,0
TXN000398,172.57,15,2,118,1,0,0
TXN000399,49.53,15,3,323,1,0,0
TXN000400,156.36,14,5,68,1,0,0
TXN000401,14.08,20,4,594,0,0,0
TXN000402,32.8,16,9,475,0,1,1
TXN000403,54.84,12,1,615,0,0,0
TXN000404,56.82,19,2,137,0,0,1
TXN000405,37.24,9,3,431,0,0,0
TXN000406,92.71,14,8,234,0,0,1
TXN000407,22.03,21,5,488,1,0,0
TXN000408,48.37,15,7,466,0,1,0
TXN000409,60.48,18,3,744,0,0,0
TXN000410,84.54,16,3,466,1,2,0
TXN000411,99.97,19,1,246,0,1,0
TXN000412,20.99,21,2,291,1,0,0
TXN000413,14.82,10,2,1092,0,0,0
TXN000414,161.75,9,1,672,0,0,0
TXN000415,72.42,13,3,650,1,1,0
TXN000416,28.9,17,1,293,0,0,0
TXN000417,204.07,10,3,802,0,0,0
TXN000418,60.24,0,1,859,1,0,0
TXN000419,148.77,11,2,28,0,0,0
TXN000420,57.82,22,5,312,1,0,0
TXN000421,314.71,16,2,151,0,0,0
TXN000422,242.75,12,5,105,0,0,0
TXN000423,44.18,9,7,299,0,1,0
TXN000424,124.69,11,4,404,0,0,0
TXN000425,94.5,9,4,385,1,0,0
TXN000426,174.75,7,0,703,0,0,0
TXN000427,24.04,20,1,1068,0,1,0
TXN000428,97.82,23,5,587,1,1,1
TXN000429,134.24,9,5,1273,0,0,0
TXN000430,12.24,5,5,501,0,0,0
TXN000431,19.97,11,2,630,0,0,0
TXN000432,9.65,13,10,364,0,1,1
TXN000433,43.42,9,0,177,1,1,0
TXN000434,100.48,11,4,1096,0,1,0
TXN000435,195.78,9,1,124,0,0,0
TXN000436,58.15,18,3,477,0,0,0
TXN000437,217.96,17,3,175,1,0,0
TXN000438,16.89,15,5,449,1,1,0
TXN000439,12.83,12,0,843,0,0,0
TXN000440,52.08,20,0,67,0,1,0
TXN000441,75.68,22,4,266,0,0,0
TXN000442,53.1,9,3,297,0,0,0
TXN000443,9.42,10,5,713,0,0,0
TXN000444,50.61,14,4,395,0,0,0
TXN000445,18.01,7,3,268,1,0,0
TXN000446,96.47,13,3,638,0,0,0
TXN000447,74.56,15,1,376,0,0,0
TXN000448,24.56,14,1,191,0,1,0
TXN000449,35.28,11,4,111,0,0,0
TXN000450,22.19,14,6,189,0,0,0
TXN000451,51.77,22,4,132,1,0,0
TXN000452,122.96,9,6,384,0,3,1
TXN000453,23.62,16,5,487,0,0,1
TXN000454,83.8,4,4,426,0,0,0
TXN000455,34.79,6,2,60,2,0,0
TXN000456,27.83,14,3,1064,0,1,0
TXN000457,49.85,7,1,585,1,0,0
TXN000458,22.65,1,2,328,0,0,0
TXN000459,34.1,9,3,371,1,1,0
TXN000460,19.72,14,2,851,2,0,0
TXN000461,290.04,17,3,297,0,2,0
TXN000462,56.26,9,2,214,0,2,0
TXN000463,30.12,16,3,355,0,1,0
TXN000464,65.49,9,2,427,0,0,0
TXN000465,49.63,15,1,411,0,0,0
TXN000466,45.25,12,4,390,0,0,0
TXN000467,92.02,16,1,246,0,0,0
TXN000468,103.95,23,6,492,0,0,1
TXN000469,34.78,21,3,365,0,0,0
TXN000470,33.47,0,3,271,0,0,1
TXN000471,43.22,20,5,1002,0,0,0
TXN000472,7.72,6,4,129,1,0,1
TXN000473,15.06,21,6,137,1,2,0
TXN000474,174.49,10,2,562,1,0,0
TXN000475,221.01,12,4,156,0,0,0
TXN000476,44.18,7,9,482,1,1,1
TXN000477,89.13,8,2,827,0,0,0
TXN000478,71.13,17,1,889,1,1,0
TXN000479,747.74,21,3,272,0,0,0
TXN000480,141.41,15,3,275,1,1,0
TXN000481,48.97,17,1,344,0,0,0
TXN000482,24.23,18,5,50,0,1,0
TXN000483,13.94,10,3,76,1,1,0
TXN000484,64.91,4,5,108,0,3,1
TXN000485,28.71,0,4,251,0,0,0
TXN000486,16.3,11,5,268,1,1,0
TXN000487,31.51,10,3,243,0,0,0
TXN000488,21.77,6,1,266,1,0,0
TXN000489,229.08,9,3,767,2,1,0
TXN000490,115.51,8,4,616,0,1,0
TXN000491,54.23,20,3,323,0,1,0
TXN000492,192.09,8,2,249,0,2,0
TXN000493,58.31,14,6,299,1,0,0
TXN000494,26.26,15,2,570,0,0,0
TXN000495,199.27,14,4,160,0,0,0
TXN000496,86.32,7,2,738,0,0,0
TXN000497,22.61,11,7,1203,0,0,0
TXN000498,46.44,5,7,981,1,1,0
TXN000499,25.94,12,2,271,0,0,0
TXN000500,16.85,9,5,187,0,0,0
TXN000501,119.97,14,3,42,0,0,0
TXN000502,276.72,16,3,301,0,0,0
TXN000503,16.63,14,1,67,0,0,0
TXN000504,88.1,12,2,270,0,0,0
TXN000505,31.4,12,4,201,0,0,0
TXN000506,36.09,19,5,1097,0,1,0
TXN000507,33.0,9,2,198,0,0,0
TXN000508,26.2,17,2,563,2,0,0
TXN000509,56.9,17,0,586,1,0,0
TXN000510,26.94,12,5,197,0,0,0
TXN000511,68.71,11,2,60,0,1,0
TXN000512,52.32,13,2,582,1,0,0
TXN000513,44.56,7,4,251,0,0,0
TXN000514,25.24,4,6,799,1,0,0
TXN000515,33.44,8,1,497,0,1,0
TXN000516,103.76,9,2,290,0,1,0
TXN000517,83.58,13,1,372,0,1,0
TXN000518,23.79,19,2,250,0,1,0
TXN000519,59.41,10,2,153,2,0,0
TXN000520,103.41,21,1,501,0,1,0
TXN000521,13.21,22,4,685,0,0,0
TXN000522,86.65,22,2,472,0,0,0
TXN000523,31.09,19,2,607,1,0,0
TXN000524,88.68,12,0,269,0,0,0
TXN000525,28.54,6,3,166,0,0,0
TXN000526,11.77,14,5,161,0,0,0
TXN000527,13.69,14,2,421,0,1,0
TXN000528,56.88,19,2,260,0,1,0
TXN000529,68.09,23,6,1003,0,0,0
TXN000530,25.31,13,1,264,1,0,0
TXN000531,93.95,11,4,2000,0,0,1
TXN000532,13.3,9,4,533,0,1,0
TXN000533,51.62,0,4,43,0,1,1
TXN000534,19.5,14,1,24,0,1,0
TXN000535,31.37,14,4,230,1,0,0
TXN000536,56.84,19,3,827,2,1,0
TXN000537,26.28,13,3,386,0,0,0
TXN000538,39.37,20,5,192,0,1,0
TXN000539,128.43,15,5,565,0,0,0
TXN000540,33.44,19,2,986,1,0,0
TXN000541,111.09,8,1,630,1,2,0
TXN000542,20.9,19,3,488,0,0,0
TXN000543,85.66,16,1,104,0,0,0
TXN000544,185.92,9,3,231,0,1,0
TXN000545,6.68,9,5,498,0,1,0
TXN000546,27.73,21,5,540,0,1,0
TXN000547,89.17,2,1,259,1,0,1
TXN000548,45.94,13,4,204,1,0,0
TXN000549,74.85,11,1,71,1,0,0
TXN000550,32.68,16,2,351,0,0,0
TXN000551,58.77,19,2,576,0,1,0
TXN000552,47.83,11,1,561,0,0,0
TXN000553,147.32,12,2,54,1,1,0
TXN000554,67.78,23,1,560,0,3,1
TXN000555,72.75,18,4,926,1,0,0
TXN000556,38.47,20,3,325,0,0,0
TXN000557,36.07,13,3,622,1,2,0
TXN000558,37.8,10,6,322,0,0,1
TXN000559,76.35,12,5,129,1,0,0
TXN000560,38.17,17,1,224,0,1,0
TXN000561,69.85,8,1,509,2,0,0
TXN000562,318.65,10,1,587,0,0,0
TXN000563,114.49,4,4,157,1,0,0
TXN000564,41.38,12,2,962,2,0,0
TXN000565,151.57,19,3,1005,1,1,0
TXN000566,38.6,2,1,156,1,3,1
TXN000567,9.66,16,3,731,0,2,0
TXN000568,23.18,21,4,497,0,0,0
TXN000569,11.13,10,2,266,0,0,0
TXN000570,40.5,16,4,111,1,0,0
TXN000571,55.46,22,9,1011,0,0,1
TXN000572,227.0,22,4,336,0,1,0
TXN000573,72.09,10,4,72,0,1,0
TXN000574,45.32,7,4,889,1,0,0
TXN000575,110.5,8,3,464,1,1,0
TXN000576,8.34,17,1,188,0,0,0
TXN000577,66.7,17,4,368,0,1,0
TXN000578,105.13,16,1,631,0,1,0
TXN000579,15.54,11,3,253,0,0,0
TXN000580,144.34,9,7,236,0,0,0
TXN000581,72.8,15,3,201,0,0,0
TXN000582,38.36,13,2,181,0,0,0
TXN000583,93.49,17,4,408,0,0,0
TXN000584,376.19,13,3,46,1,0,0
TXN000585,63.73,11,2,263,1,0,0
TXN000586,67.42,11,1,494,0,0,0
TXN000587,36.95,9,7,83,0,0,0
TXN000588,26.51,10,5,611,0,2,0
TXN000589,110.59,7,5,743,0,0,0
TXN000590,26.37,11,2,641,0,1,0
TXN000591,58.02,3,8,853,0,0,1
TXN000592,36.38,9,5,366,0,0,0
TXN000593,82.03,17,5,188,0,1,0
TXN000594,72.5,11,2,859,1,0,0
TXN000595,131.88,16,5,278,0,0,0
TXN000596,35.39,17,2,222,0,0,0
TXN000597,43.41,15,4,295,0,1,0
TXN000598,23.76,22,0,138,0,0,0
TXN000599,37.43,1,2,214,0,1,1
TXN000600,75.24,17,3,355,0,0,0
TXN000601,103.9,22,7,890,0,3,1
TXN000602,24.93,19,5,325,0,0,0
TXN000603,114.34,9,5,575,1,0,0
TXN000604,172.83,11,4,176,0,0,0
TXN000605,77.59,9,1,831,1,1,0
TXN000606,269.15,15,3,1331,0,0,0
TXN000607,28.28,17,5,904,0,3,1
TXN000608,18.95,11,2,632,1,0,0
TXN000609,12.04,14,3,127,0,1,0
TXN000610,194.73,16,2,272,0,0,0
TXN000611,95.22,12,2,56,1,0,0
TXN000612,52.08,19,3,254,1,0,0
TXN000613,69.27,18,5,446,0,0,0
TXN000614,20.98,6,4,619,0,0,0
TXN000615,436.54,15,0,311,0,0,0
TXN000616,60.94,10,3,550,0,0,0
TXN000617,59.92,14,1,447,0,0,0
TXN000618,101.18,22,3,202,2,0,1
TXN000619,82.18,20,3,180,0,0,0
TXN000620,66.04,12,4,628,1,1,0
TXN000621,27.89,11,4,485,0,1,0
TXN000622,81.51,10,5,319,1,0,0
TXN000623,270.35,14,1,86,0,0,0
TXN000624,171.33,8,1,714,0,0,0
TXN000625,211.5,14,1,176,1,1,0
TXN000626,35.36,0,3,511,1,2,0
TXN000627,23.54,11,1,262,1,1,0
TXN000628,49.06,9,1,344,1,0,0
TXN000629,57.25,22,1,504,0,0,0
TXN000630,138.39,17,4,43,0,0,0
TXN000631,12.95,11,7,198,1,1,0
TXN000632,200.36,7,3,471,0,2,0
TXN000633,47.74,14,4,207,0,0,0
TXN000634,37.98,9,2,985,0,0,0
TXN000635,23.1,14,2,589,0,0,0
TXN000636,13.37,19,3,278,0,1,1
TXN000637,109.91,15,7,548,2,0,1
TXN000638,58.11,15,3,439,1,0,0
TXN000639,18.24,14,5,620,1,2,0
TXN000640,18.16,21,4,235,0,0,0
TXN000641,41.04,21,4,38,0,1,0
TXN000642,225.58,14,4,107,0,0,0
TXN000643,43.79,11,6,339,0,0,0
TXN000644,15.22,13,3,461,1,0,0
TXN000645,44.31,9,3,308,0,0,0
TXN000646,43.3,15,4,232,0,0,0
TXN000647,5.52,13,7,754,0,0,0
TXN000648,52.14,7,2,207,0,0,0
TXN000649,44.87,9,1,116,0,0,0
TXN000650,98.67,13,2,253,2,0,0
TXN000651,262.86,20,4,394,0,1,0
TXN000652,142.25,14,3,780,0,0,1
TXN000653,43.44,16,4,1160,2,0,0
TXN000654,21.32,11,2,325,0,1,0
TXN000655,486.56,14,5,287,0,0,0
TXN000656,57.42,13,0,759,0,0,0
TXN000657,55.25,16,5,255,1,1,0
TXN000658,53.49,5,4,124,1,0,0
TXN000659,64.61,13,4,752,0,0,0
TXN000660,48.29,11,4,758,1,0,0
TXN000661,33.53,11,2,178,0,0,0
TXN000662,34.3,22,1,381,0,1,0
TXN000663,53.1,9,2,266,0,0,0
TXN000664,34.4,11,5,679,0,3,1
TXN000665,29.79,14,3,111,0,0,0
TXN000666,59.77,19,5,389,0,1,0
TXN000667,43.96,12,4,441,1,0,0
TXN000668,196.05,17,1,235,2,1,0
TXN000669,5.74,19,1,942,0,0,0
TXN000670,138.07,11,4,241,2,0,0
TXN000671,157.46,12,4,174,1,0,0
TXN000672,9.37,11,2,641,0,0,0
TXN000673,40.8,19,2,275,1,1,0
TXN000674,39.82,4,2,77,0,0,0
TXN000675,16.5,11,3,361,0,0,0
TXN000676,28.19,16,2,291,0,0,0
TXN000677,21.24,14,6,563,0,0,0
TXN000678,242.12,13,2,44,0,0,0
TXN000679,120.94,14,4,463,0,0,0
TXN000680,160.91,9,3,608,0,1,0
TXN000681,100.83,12,6,123,0,0,1
TXN000682,20.91,13,2,542,0,0,0
TXN000683,34.96,20,3,402,0,0,0
TXN000684,82.76,10,4,250,0,1,0
TXN000685,19.32,19,0,341,0,0,1
TXN000686,100.09,16,1,145,0,0,0
TXN000687,44.51,1,1,287,0,0,0
TXN000688,39.7,17,3,325,0,1,0
TXN000689,99.91,3,4,288,0,0,1
TXN000690,79.65,23,1,685,0,2,0
TXN000691,40.17,20,6,403,0,0,0
TXN000692,146.27,11,2,672,0,0,0
TXN000693,21.78,10,3,286,0,0,0
TXN000694,92.16,12,7,498,0,0,0
TXN000695,90.39,11,1,392,1,0,0
TXN000696,41.97,12,2,397,0,0,0
TXN000697,72.04,11,3,702,0,1,0
TXN000698,18.85,15,3,161,1,0,0
TXN000699,119.75,9,4,68,1,0,0
TXN000700,46.66,19,3,416,1,1,0
TXN000701,35.01,18,4,360,0,0,0
TXN000702,133.17,13,1,630,0,1,0
TXN000703,30.0,19,3,484,1,0,0
TXN000704,16.49,10,5,464,0,0,0
TXN000705,14.54,1,4,382,0,0,0
TXN000706,91.39,15,3,668,0,0,0
TXN000707,18.39,13,1,774,1,1,0
TXN000708,242.64,14,4,283,0,1,0
TXN000709,9.3,20,4,375,0,0,0
TXN000710,230.9,22,5,1001,0,1,0
TXN000711,65.32,15,4,134,1,0,0
TXN000712,50.29,18,2,324,0,0,0
TXN000713,34.36,7,2,100,0,0,0
TXN000714,76.65,9,5,438,0,1,0
TXN000715,52.88,17,4,205,0,1,0
TXN000716,139.46,12,1,206,0,0,0
TXN000717,60.17,13,5,106,2,1,0
TXN000718,62.04,11,3,356,0,0,0
TXN000719,40.08,15,1,506,1,1,0
TXN000720,52.02,9,3,138,0,1,0
TXN000721,70.93,15,2,110,0,0,0
TXN000722,12.76,9,3,479,0,0,0
TXN000723,17.36,6,1,57,0,0,0
TXN000724,102.7,11,1,531,0,1,0
TXN000725,63.13,10,5,570,0,0,0
TXN000726,46.69,20,2,258,0,2,0
TXN000727,55.46,5,4,227,0,0,0
TXN000728,73.36,9,3,271,0,0,0
TXN000729,34.51,14,6,165,0,1,0
TXN000730,28.18,13,3,220,0,0,0
TXN000731,64.49,4,3,414,0,0,0
TXN000732,23.77,0,4,471,0,0,1
TXN000733,77.25,23,3,209,0,0,1
TXN000734,12.84,16,4,193,0,0,0
TXN000735,130.95,12,5,282,0,0,1
TXN000736,81.59,13,0,171,0,1,0
TXN000737,67.87,10,1,399,0,2,0
TXN000738,125.87,11,4,274,1,1,0
TXN000739,224.9,16,4,168,0,0,0
TXN000740,129.31,20,3,145,0,0,0
TXN000741,11.42,9,6,324,2,0,0
TXN000742,18.4,19,6,413,1,1,0
TXN000743,32.1,8,4,497,0,3,1
TXN000744,55.82,9,4,813,2,1,0
TXN000745,84.78,3,0,199,1,2,0
TXN000746,29.46,8,4,277,1,1,0
TXN000747,63.99,20,4,108,1,1,0
TXN000748,28.73,13,1,731,2,1,0
TXN000749,32.47,7,5,139,0,1,0
TXN000750,16.52,22,2,188,0,0,0
TXN000751,24.91,20,2,552,0,0,0
TXN000752,17.31,17,3,667,0,1,0
TXN000753,23.82,21,4,961,0,0,0
TXN000754,133.7,9,4,888,0,0,0
TXN000755,24.36,19,2,25,0,1,0
TXN000756,511.59,16,1,346,0,0,0
TXN000757,83.04,19,6,449,0,2,0
TXN000758,63.89,18,3,380,0,0,0
TXN000759,26.32,11,5,635,0,0,0
TXN000760,99.01,18,3,157,0,1,0
TXN000761,33.47,10,3,332,0,0,0
TXN000762,60.56,11,2,572,0,2,0
TXN000763,481.1,8,3,147,1,0,0
TXN000764,50.32,21,2,191,0,0,0
TXN000765,145.02,11,1,436,1,0,0
TXN000766,30.03,14,4,436,0,0,0
TXN000767,53.0,12,2,992,0,1,0
TXN000768,245.96,22,5,280,0,0,0
TXN000769,32.04,11,5,262,0,0,1
TXN000770,254.83,18,2,657,0,1,0
TXN000771,99.64,19,4,238,0,1,0
TXN000772,33.85,13,3,480,0,0,1
TXN000773,93.46,12,3,449,2,1,0
TXN000774,124.79,17,8,575,1,0,1
TXN000775,92.62,20,3,547,0,0,0
TXN000776,14.37,17,2,554,3,0,1
TXN000777,29.43,10,6,425,0,0,0
TXN000778,44.24,20,1,553,0,1,0
TXN000779,51.25,12,3,266,0,0,0
TXN000780,92.53,14,4,253,1,0,0
TXN000781,63.5,19,7,715,0,0,0
TXN000782,17.55,9,4,685,0,0,0
TXN000783,75.43,18,2,392,1,0,0
TXN000784,91.74,15,4,373,0,0,0
TXN000785,87.87,20,5,249,1,1,0
TXN000786,136.82,9,2,881,1,0,0
TXN000787,110.92,12,2,46,1,0,0
TXN000788,80.66,19,1,892,1,1,0
TXN000789,51.44,1,1,209,0,0,0
TXN000790,13.31,8,4,474,1,0,0
TXN000791,78.66,23,3,370,0,1,0
TXN000792,65.14,10,2,419,0,0,0
TXN000793,68.78,22,1,888,1,0,0
TXN000794,18.44,9,1,266,1,0,0
TXN000795,21.78,11,6,210,0,1,0
TXN000796,133.64,17,3,308,1,0,0
TXN000797,52.79,16,2,206,0,0,0
TXN000798,97.44,15,1,399,1,0,0
TXN000799,55.93,14,5,443,0,2,0
TXN000800,56.0,19,1,407,0,1,0
TXN000801,121.21,10,3,906,0,0,0
TXN000802,35.21,13,1,221,1,0,0
TXN000803,59.25,8,4,1406,1,0,0
TXN000804,36.86,15,8,413,0,1,1
TXN000805,37.74,10,4,92,0,0,1
TXN000806,41.98,11,1,175,0,1,0
TXN000807,65.94,13,3,526,1,0,0
TXN000808,36.35,2,0,732,0,0,0
TXN000809,158.76,7,3,417,0,0,0
TXN000810,25.52,16,3,145,0,0,0
TXN000811,46.58,12,7,140,0,0,0
TXN000812,37.57,19,3,459,0,0,0
TXN000813,186.78,16,2,187,0,0,1
TXN000814,64.53,0,0,96,0,0,0
TXN000815,131.25,15,5,501,0,0,0
TXN000816,15.44,7,2,238,1,0,0
TXN000817,68.51,18,2,337,0,0,0
TXN000818,116.3,23,3,225,0,3,1
TXN000819,58.55,14,2,897,0,0,0
TXN000820,135.05,16,1,144,0,2,0
TXN000821,35.17,10,5,137,0,0,0
TXN000822,180.9,13,2,649,1,0,0
TXN000823,385.32,19,2,32,1,0,0
TXN000824,40.11,9,4,1135,0,0,0
TXN000825,37.39,10,1,450,1,0,0
TXN000826,187.8,13,1,606,0,0,0
TXN000827,209.06,17,4,359,0,1,0
TXN000828,35.01,12,1,134,1,0,0
TXN000829,38.2,21,3,482,1,1,0
TXN000830,42.97,7,4,776,0,0,0
TXN000831,17.41,12,3,163,0,0,0
TXN000832,25.01,17,1,306,0,1,0
TXN000833,23.25,10,1,186,0,0,0
TXN000834,28.43,16,4,521,0,1,0
TXN000835,53.01,9,5,468,0,0,0
TXN000836,66.63,5,3,1037,0,0,0
TXN000837,203.96,8,6,201,0,0,0
TXN000838,23.37,21,5,571,0,0,0
TXN000839,126.05,14,5,444,0,0,0
TXN000840,45.52,18,4,591,0,2,0
TXN000841,52.35,11,1,201,1,1,0
TXN000842,96.89,15,3,69,0,0,0
TXN000843,21.02,13,6,310,0,0,0
TXN000844,75.57,21,3,338,0,1,0
TXN000845,62.9,17,2,992,0,0,0
TXN000846,82.98,17,4,185,0,1,0
TXN000847,69.81,4,3,503,1,0,0
TXN000848,440.1,14,1,101,1,0,0
TXN000849,31.75,13,2,238,1,0,0
TXN000850,34.77,21,2,168,0,0,0
TXN000851,32.15,10,1,455,0,0,0
TXN000852,34.05,10,4,329,0,0,0
TXN000853,31.76,12,4,381,0,1,0
TXN000854,150.0,10,4,184,0,1,0
TXN000855,182.62,8,2,62,0,0,0
TXN000856,33.61,19,2,211,0,0,0
TXN000857,26.91,14,1,500,0,0,0
TXN000858,81.51,19,5,549,1,0,0
TXN000859,34.14,19,4,395,0,1,0
TXN000860,93.5,10,4,539,1,2,0
TXN000861,64.88,14,5,158,0,0,0
TXN000862,15.05,7,2,423,0,0,0
TXN000863,203.44,20,3,633,0,1,0
TXN000864,251.26,12,1,112,0,0,0
TXN000865,32.43,12,0,223,0,1,0
TXN000866,39.27,11,4,248,0,0,0
TXN000867,69.62,13,6,161,0,0,0
TXN000868,72.55,10,4,98,1,0,0
TXN000869,95.56,12,3,741,1,0,0
TXN000870,301.47,18,2,489,0,0,0
TXN000871,46.97,19,3,308,1,1,0
TXN000872,27.7,11,6,192,0,0,0
TXN000873,16.9,13,4,102,1,2,0
TXN000874,29.33,20,3,204,0,0,0
TXN000875,53.08,5,5,610,0,0,0
TXN000876,250.98,20,1,848,0,1,0
TXN000877,35.16,9,3,760,0,0,0
TXN000878,66.04,16,5,203,0,0,0
TXN000879,53.84,15,2,124,0,0,0
TXN000880,149.92,14,2,265,0,1,0
TXN000881,467.73,19,5,344,0,0,0
TXN000882,34.77,7,3,385,1,0,0
TXN000883,36.02,11,2,254,0,0,0
TXN000884,132.63,14,2,166,0,0,0
TXN000885,97.48,18,5,732,0,0,0
TXN000886,262.36,9,4,455,0,0,1
TXN000887,89.69,18,5,298,0,0,0
TXN000888,40.23,12,4,215,0,1,0
TXN000889,90.2,9,1,189,0,0,0
TXN000890,140.11,18,2,908,1,0,0
TXN000891,109.66,7,4,42,0,1,0
TXN000892,84.03,14,4,315,1,2,0
TXN000893,135.19,6,3,771,1,0,0
TXN000894,147.51,11,1,390,1,0,0
TXN000895,176.77,15,0,613,1,0,1
TXN000896,94.77,14,7,577,0,0,0
TXN000897,47.37,12,5,642,0,0,0
TXN000898,61.85,12,3,1550,0,1,0
TXN000899,152.25,10,4,587,1,1,0
TXN000900,27.27,13,2,81,0,0,0
TXN000901,74.69,21,1,1049,0,1,0
TXN000902,39.08,19,3,522,0,0,0
TXN000903,55.95,8,3,589,0,0,0
TXN000904,161.85,2,5,129,0,0,0
TXN000905,64.23,21,6,306,1,0,0
TXN000906,56.8,14,2,829,1,1,0
TXN000907,17.19,14,5,351,0,0,0
TXN000908,102.96,18,2,362,0,0,0
TXN000909,94.51,11,2,746,0,0,0
TXN000910,343.36,13,6,51,0,0,0
TXN000911,42.03,22,2,96,0,0,0
TXN000912,65.78,16,2,107,2,0,0
TXN000913,67.49,8,3,347,0,0,0
TXN000914,208.69,8,5,305,1,1,0
TXN000915,50.35,9,2,425,1,0,0
TXN000916,69.21,18,4,83,1,2,0
TXN000917,91.53,11,1,290,0,1,0
TXN000918,63.98,1,4,229,0,2,0
TXN000919,37.36,21,3,747,0,0,0
TXN000920,64.39,9,7,151,0,1,0
TXN000921,135.99,0,3,274,0,0,0
TXN000922,22.82,10,0,446,1,3,1
TXN000923,61.13,10,1,213,1,0,0
TXN000924,30.11,12,3,1079,0,0,0
TXN000925,150.78,21,3,574,0,1,0
TXN000926,14.96,20,6,484,1,0,0
TXN000927,33.95,13,0,452,0,0,0
TXN000928,75.24,12,4,230,1,1,0
TXN000929,206.58,14,5,40,0,0,0
TXN000930,51.63,10,1,383,0,1,0
TXN000931,34.06,5,5,341,1,1,0
TXN000932,270.15,21,4,203,0,0,0
TXN000933,15.95,9,4,687,0,1,0
TXN000934,8.42,9,5,420,1,0,0
TXN000935,79.36,13,2,45,0,3,1
TXN000936,35.63,13,2,358,0,0,0
TXN000937,22.92,1,2,352,0,0,1
TXN000938,99.69,8,2,360,1,0,0
TXN000939,67.17,12,5,103,0,0,0
TXN000940,33.8,16,4,345,1,0,0
TXN000941,18.39,10,0,237,2,0,0
TXN000942,114.62,12,2,176,0,0,0
TXN000943,94.89,14,4,100,0,2,0
TXN000944,50.18,20,6,637,0,0,0
TXN000945,262.34,11,4,1183,0,0,0
TXN000946,21.99,8,4,880,0,0,0
TXN000947,14.93,13,4,161,0,2,1
TXN000948,30.32,17,4,697,0,1,0
TXN000949,52.52,8,4,283,0,1,0
TXN000950,67.14,12,0,45,0,0,0
TXN000951,44.48,1,4,244,2,0,0
TXN000952,73.64,2,1,359,0,1,0
TXN000953,18.84,13,2,407,0,0,0
TXN000954,186.27,11,6,399,0,2,0
TXN000955,50.92,19,3,132,0,3,1
TXN000956,141.13,15,2,218,1,1,0
TXN000957,73.06,13,1,427,0,0,0
TXN000958,80.5,12,0,200,0,0,0
TXN000959,88.62,13,1,171,0,2,0
TXN000960,79.88,3,1,162,1,1,1
TXN000961,94.28,20,2,99,0,0,0
TXN000962,168.98,23,3,153,0,1,0
TXN000963,64.52,9,5,462,1,3,1
TXN000964,99.75,8,3,251,0,3,1
TXN000965,50.59,8,4,328,0,0,0
TXN000966,185.69,16,7,381,0,2,1
TXN000967,30.72,16,6,149,1,1,0
TXN000968,252.35,19,2,1183,1,1,0
TXN000969,52.77,17,6,228,0,0,0
TXN000970,16.18,13,1,279,0,1,0
TXN000971,60.88,15,3,187,0,1,0
TXN000972,30.6,16,5,1005,1,0,0
TXN000973,111.56,14,4,916,2,1,0
TXN000974,31.35,13,2,41,0,1,0
TXN000975,37.37,16,5,149,0,0,0
TXN000976,10.96,14,4,243,2,1,0
TXN000977,37.17,16,3,601,0,0,0
TXN000978,6.96,15,2,307,0,1,0
TXN000979,14.21,17,2,642,2,2,0
TXN000980,104.2,16,3,483,2,0,0
TXN000981,106.48,14,1,213,0,1,0
TXN000982,78.39,16,3,960,2,1,0
TXN000983,24.0,13,6,45,0,1,0
TXN000984,52.43,10,1,1179,0,0,0
TXN000985,54.43,0,4,36,0,0,0
TXN000986,20.4,14,1,480,1,0,0
TXN000987,195.96,15,2,446,1,2,0
TXN000988,115.1,22,4,148,0,1,0
TXN000989,45.25,11,2,355,0,1,0
TXN000990,55.86,12,2,334,0,0,0
TXN000991,65.18,9,6,618,1,0,0
TXN000992,9.63,6,4,865,1,0,0
TXN000993,44.25,18,1,276,0,0,0
TXN000994,30.58,10,1,385,0,0,0
TXN000995,23.3,15,3,335,0,2,0
TXN000996,42.99,16,3,151,1,1,0
TXN000997,251.65,13,3,454,0,0,0
TXN000998,94.13,20,4,1241,1,1,0
TXN000999,33.6,13,0,337,0,1,0
TXN001000,88.83,10,3,42,1,0,0
TXN001001,179.37,20,3,512,0,1,0
TXN001002,119.81,19,2,269,0,0,0
TXN001003,57.44,9,5,697,0,0,0
TXN001004,31.5,2,2,349,0,1,0
TXN001005,98.84,7,4,273,0,0,0
TXN001006,76.28,10,4,131,0,0,0
TXN001007,116.85,22,0,112,0,0,0
TXN001008,93.68,14,1,312,0,1,0
TXN001009,133.24,12,4,323,0,0,0
TXN001010,34.64,20,2,285,0,0,0
TXN001011,167.3,13,7,149,0,0,0
TXN001012,64.58,11,4,94,1,1,0
TXN001013,318.61,21,4,285,1,3,1
TXN001014,30.39,19,2,741,2,0,0
TXN001015,238.79,19,2,408,0,0,0
TXN001016,64.6,14,2,737,0,0,0
TXN001017,31.38,18,1,206,0,0,0
TXN001018,36.19,9,3,354,0,1,0
TXN001019,41.58,14,3,393,2,1,0
TXN001020,78.3,23,2,864,0,0,0
TXN001021,85.15,11,2,477,1,0,0
TXN001022,33.53,18,1,1055,1,0,0
TXN001023,53.48,13,0,470,0,0,0
TXN001024,337.29,3,3,49,1,0,0
TXN001025,237.08,18,4,484,0,0,0
TXN001026,79.11,9,3,743,0,0,0
TXN001027,56.39,15,4,239,0,0,0
TXN001028,60.46,7,3,509,0,1,0
TXN001029,91.97,21,7,405,0,0,1
TXN001030,22.89,11,1,315,1,1,0
TXN001031,43.87,10,3,240,0,2,0
TXN001032,13.22,8,0,192,0,1,0
TXN001033,76.66,21,3,420,0,0,0
TXN001034,94.64,17,4,221,0,0,0
TXN001035,36.21,17,2,884,0,0,0
TXN001036,208.07,13,1,745,0,0,0
TXN001037,19.26,13,3,58,1,0,0
TXN001038,15.73,8,5,204,2,1,0
TXN001039,66.07,14,6,254,0,2,0
TXN001040,132.96,10,4,76,1,0,0
TXN001041,228.45,22,0,311,0,0,0
TXN001042,36.96,18,5,609,0,0,0
TXN001043,136.58,12,1,416,0,1,0
TXN001044,52.84,8,2,124,1,0,0
TXN001045,47.15,18,2,146,2,1,0
TXN001046,115.71,8,3,401,0,0,0
TXN001047,95.06,9,3,471,0,0,0
TXN001048,14.3,9,4,372,0,0,0
TXN001049,191.53,14,1,379,0,0,0
TXN001050,176.46,18,2,587,0,0,0
TXN001051,32.08,11,3,1065,0,1,0
TXN001052,76.43,7,4,372,0,0,0
TXN001053,83.09,13,6,368,1,0,0
TXN001054,68.14,17,3,58,0,1,0
TXN001055,34.2,10,0,132,0,0,0
TXN001056,30.85,9,5,611,0,1,0
TXN001057,53.43,21,1,470,1,0,0
TXN001058,147.94,21,2,250,0,0,0
TXN001059,86.67,23,6,725,1,0,0
TXN001060,39.84,18,4,131,1,1,0
TXN001061,105.21,9,3,262,0,0,0
TXN001062,5.0,9,10,296,0,0,1
TXN001063,144.96,11,5,693,1,0,0
TXN001064,12.44,11,3,298,0,1,0
TXN001065,40.12,22,7,922,1,0,0
TXN001066,21.08,18,5,511,0,0,0
TXN001067,18.17,17,2,229,0,1,0
TXN001068,146.45,9,7,394,1,0,0
TXN001069,36.69,20,1,176,0,0,0
TXN001070,73.3,19,6,222,0,1,0
TXN001071,52.46,9,3,414,0,0,0
TXN001072,81.9,19,6,205,0,0,0
TXN001073,58.28,10,6,181,0,0,0
TXN001074,18.35,7,3,825,0,1,0
TXN001075,127.34,16,2,1059,0,0,0
TXN001076,35.88,16,5,421,1,0,0
TXN001077,14.54,7,4,278,0,0,0
TXN001078,37.94,11,3,170,0,0,0
TXN001079,195.52,23,1,187,0,1,0
TXN001080,112.47,16,2,78,0,0,0
TXN001081,40.6,17,3,43,0,0,0
TXN001082,40.57,9,2,353,0,1,0
TXN001083,41.54,7,4,440,0,0,0
TXN001084,319.01,10,3,337,1,0,0
TXN001085,75.54,10,3,309,0,1,0
TXN001086,78.69,10,0,145,0,0,0
TXN001087,131.07,9,1,423,0,0,0
TXN001088,66.88,14,3,290,1,1,0
TXN001089,43.81,11,0,161,2,0,0
TXN001090,46.21,19,2,146,0,0,0
TXN001091,51.37,9,4,720,2,1,1
TXN001092,52.9,13,3,300,1,2,0
TXN001093,101.34,0,3,399,0,0,1
TXN001094,57.06,13,1,332,0,0,0
TXN001095,101.77,5,2,123,0,2,0
TXN001096,50.98,22,2,732,1,0,0
TXN001097,58.37,18,0,456,0,1,0
TXN001098,9.99,13,3,255,1,0,0
TXN001099,118.97,7,3,575,0,0,0
TXN001100,73.3,15,3,110,0,0,0
TXN001101,127.52,18,3,426,0,1,0
TXN001102,5.0,9,1,414,0,1,0
TXN001103,322.18,14,3,517,0,0,0
TXN001104,48.49,18,4,472,0,0,0
TXN001105,140.04,18,4,102,0,1,0
TXN001106,22.56,18,7,41,0,0,0
TXN001107,91.91,20,2,184,1,0,0
TXN001108,22.3,21,10,247,1,0,1
TXN001109,32.13,12,1,380,0,0,0
TXN001110,277.81,14,0,243,0,0,0
TXN001111,46.43,18,3,683,0,1,0
TXN001112,65.68,16,4,574,1,0,0
TXN001113,114.38,23,4,280,0,0,0
TXN001114,83.21,1,2,800,1,0,0
TXN001115,62.04,11,3,907,0,0,0
TXN001116,74.46,10,1,639,0,1,0
TXN001117,421.11,10,3,852,0,0,0
TXN001118,51.99,10,5,292,0,1,0
TXN001119,64.78,17,2,140,0,1,0
TXN001120,133.36,7,4,1882,1,1,0
TXN001121,139.73,17,1,359,0,1,0
TXN001122,149.75,16,1,274,1,0,0
TXN001123,93.96,10,2,351,0,0,0
TXN001124,20.67,10,5,141,1,1,0
TXN001125,218.86,15,3,445,0,1,0
TXN001126,20.61,18,1,426,0,0,0
TXN001127,70.61,20,1,574,0,0,0
TXN001128,28.76,19,5,1153,1,0,0
TXN001129,51.7,22,2,268,0,1,0
TXN001130,72.2,15,4,94,0,1,0
TXN001131,71.75,20,5,236,1,1,0
TXN001132,78.15,18,5,418,0,0,0
TXN001133,215.22,20,4,618,1,0,0
TXN001134,80.28,0,0,80,0,0,1
TXN001135,44.37,22,2,129,1,0,0
TXN001136,123.9,13,3,47,0,0,0
TXN001137,150.06,18,4,162,0,0,0
TXN001138,19.23,8,4,96,0,0,0
TXN001139,90.72,12,3,310,1,0,0
TXN001140,99.09,10,2,769,0,2,0
TXN001141,42.4,11,1,691,0,0,0
TXN001142,175.8,8,8,153,0,1,1
TXN001143,48.06,18,4,152,0,1,0
TXN001144,60.75,0,1,353,0,0,0
TXN001145,47.13,11,3,207,0,1,0
TXN001146,55.33,9,5,797,0,0,0
TXN001147,21.5,15,1,530,1,1,0
TXN001148,16.05,10,3,157,0,1,0
TXN001149,211.73,10,5,393,1,1,0
TXN001150,26.58,13,1,169,1,0,0
TXN001151,23.51,16,4,64,0,0,0
TXN001152,8.75,8,1,495,0,0,0
TXN001153,31.72,9,6,311,0,0,0
TXN001154,17.73,10,4,1564,1,1,0
TXN001155,220.46,22,3,536,0,0,0
TXN001156,128.81,12,5,682,0,0,0
TXN001157,30.42,15,0,96,0,0,0
TXN001158,370.4,10,2,71,1,2,0
TXN001159,125.78,13,4,869,1,1,0
TXN001160,41.43,6,2,353,0,0,0
TXN001161,6.52,3,2,108,0,0,1
TXN001162,382.72,13,3,340,0,0,0
TXN001163,16.76,12,4,103,0,0,0
TXN001164,13.48,8,2,439,0,0,0
TXN001165,130.21,16,4,759,1,2,0
TXN001166,434.32,23,5,270,1,0,1
TXN001167,177.09,12,2,249,0,1,0
TXN001168,88.17,15,3,452,0,1,0
TXN001169,90.52,22,4,678,0,0,0
TXN001170,112.78,19,3,57,0,0,1
TXN001171,104.07,13,2,1004,0,0,0
TXN001172,69.34,17,4,612,0,2,0
TXN001173,59.65,8,5,516,0,0,0
TXN001174,51.77,14,3,390,0,0,0
TXN001175,28.76,10,3,540,0,0,0
TXN001176,43.01,9,4,171,1,1,0
TXN001177,12.95,12,7,350,0,2,1
TXN001178,50.22,8,3,199,0,0,0
TXN001179,23.56,16,4,278,0,0,0
TXN001180,21.37,13,3,336,0,0,0
TXN001181,63.62,14,5,439,0,1,0
TXN001182,178.25,8,3,224,0,0,0
TXN001183,119.17,8,2,122,0,0,1
TXN001184,14.37,15,3,555,0,0,0
TXN001185,23.54,23,3,175,0,0,0
TXN001186,121.47,7,1,742,1,0,0
TXN001187,23.69,10,1,154,1,0,0
TXN001188,45.11,19,3,265,0,1,0
TXN001189,87.14,6,1,551,1,1,0
TXN001190,23.97,20,4,130,0,0,0
TXN001191,59.71,14,2,236,1,0,0
TXN001192,17.57,12,2,439,0,0,0
TXN001193,32.75,11,3,433,0,0,0
TXN001194,71.65,11,2,622,0,0,1
TXN001195,14.1,11,1,543,0,2,0
TXN001196,79.39,20,3,397,0,1,0
TXN001197,53.69,17,2,346,2,0,0
TXN001198,87.32,16,2,761,0,1,0
TXN001199,66.04,18,2,618,1,1,0
TXN001200,174.08,10,5,928,0,0,0
TXN001201,60.73,15,2,754,0,0,0
TXN001202,37.9,13,2,58,0,0,0
TXN001203,60.58,18,3,460,2,0,0
TXN001204,86.64,11,3,147,1,0,0
TXN001205,56.91,16,4,121,0,0,0
TXN001206,56.51,20,3,112,0,1,0
TXN001207,30.06,12,4,449,1,1,0
TXN001208,31.08,6,4,166,0,0,0
TXN001209,16.57,14,0,304,1,0,0
TXN001210,241.57,11,3,370,0,0,0
TXN001211,18.97,16,3,690,0,0,0
TXN001212,30.3,21,1,91,0,0,0
TXN001213,29.65,13,3,783,1,0,0
TXN001214,116.83,13,2,118,0,1,0
TXN001215,42.49,16,0,112,0,0,0
TXN001216,157.68,7,0,381,0,0,0
TXN001217,30.8,10,2,251,1,1,0
TXN001218,69.21,21,4,102,0,2,0
TXN001219,26.84,16,2,64,0,0,0
TXN001220,338.11,0,4,422,0,0,1
TXN001221,19.9,9,1,1207,0,1,0
TXN001222,71.05,16,3,362,1,0,1
TXN001223,93.57,18,3,214,0,1,0
TXN001224,77.61,19,0,335,0,0,0
TXN001225,46.64,11,1,78,0,1,0
TXN001226,48.89,21,4,680,0,0,0
TXN001227,56.67,14,4,335,1,0,0
TXN001228,48.19,16,0,161,0,1,0
TXN001229,123.88,15,1,216,1,0,0
TXN001230,357.43,8,4,387,0,0,0
TXN001231,33.99,22,3,329,0,0,0
TXN001232,17.04,8,6,484,0,1,0
TXN001233,50.65,10,5,280,0,1,0
TXN001234,489.19,18,4,168,0,0,0
TXN001235,27.57,15,3,217,0,0,0
TXN001236,219.92,19,2,584,0,1,0
TXN001237,227.25,14,2,604,1,0,0
TXN001238,34.11,12,1,428,1,0,0
TXN001239,88.56,21,6,123,0,0,0
TXN001240,217.92,3,1,483,0,0,1
TXN001241,39.56,19,5,480,0,0,0
TXN001242,45.92,10,3,483,0,1,0
TXN001243,33.3,19,1,191,0,0,0
TXN001244,23.05,8,5,242,1,0,1
TXN001245,31.44,15,2,467,0,1,0
TXN001246,19.29,20,4,168,0,0,0
TXN001247,56.2,13,1,168,1,0,0
TXN001248,28.38,17,4,545,0,0,0
TXN001249,66.6,18,7,433,0,0,0
TXN001250,14.55,17,4,353,0,0,0
TXN001251,72.33,21,0,237,1,0,0
TXN001252,110.89,13,4,585,0,0,0
TXN001253,10.03,9,6,407,0,0,0
TXN001254,75.03,4,2,233,1,0,1
TXN001255,155.01,10,4,738,0,0,0
TXN001256,19.53,8,1,686,0,1,0
TXN001257,226.26,14,2,277,1,1,0
TXN001258,77.96,9,2,170,0,1,0
TXN001259,29.99,3,1,781,1,0,1
TXN001260,52.07,3,4,289,1,1,1
TXN001261,87.76,19,3,338,0,1,0
TXN001262,58.24,15,1,770,1,0,0
TXN001263,86.31,11,5,328,0,1,0
TXN001264,24.96,20,6,586,1,2,0
TXN001265,63.05,6,5,57,2,0,0
TXN001266,16.42,22,4,193,0,0,0
TXN001267,49.67,15,3,152,1,0,0
TXN001268,25.32,9,4,565,0,1,0
TXN001269,29.22,16,3,612,0,0,0
TXN001270,156.13,18,0,181,1,1,0
TXN001271,138.05,12,4,569,0,1,0
TXN001272,91.63,19,3,454,1,0,0
TXN001273,21.57,8,3,336,0,2,0
TXN001274,41.72,10,3,212,0,0,0
TXN001275,153.11,7,0,65,1,0,0
TXN001276,61.59,9,0,1324,0,1,0
TXN001277,392.07,10,3,35,0,1,0
TXN001278,76.27,20,6,148,0,1,0
TXN001279,64.28,7,6,247,0,1,0
TXN001280,41.98,12,3,1100,0,2,0
TXN001281,61.16,14,5,241,0,1,0
TXN001282,47.96,20,3,167,1,0,0
TXN001283,99.67,23,2,371,0,0,1
TXN001284,123.12,17,2,355,1,0,0
TXN001285,27.99,22,4,300,0,0,0
TXN001286,17.61,18,3,233,1,0,0
TXN001287,11.46,22,6,744,0,0,1
TXN001288,84.08,17,5,436,0,0,0
TXN001289,21.37,7,4,281,0,0,0
TXN001290,8.76,12,4,201,0,0,0
TXN001291,75.97,16,6,45,1,0,0
TXN001292,454.43,11,4,217,0,2,0
TXN001293,54.32,10,2,397,0,1,0
TXN001294,111.35,15,3,290,1,1,0
TXN001295,58.53,21,5,83,0,1,0
TXN001296,50.2,3,2,528,0,0,0
TXN001297,119.25,18,3,255,0,2,0
TXN001298,42.66,17,2,407,0,0,0
TXN001299,68.53,22,6,640,0,1,0
TXN001300,71.77,21,1,103,1,0,0
TXN001301,30.94,18,2,240,0,3,1
TXN001302,126.88,14,3,342,0,0,0
TXN001303,47.05,9,5,157,2,2,0
TXN001304,28.72,14,2,671,3,0,1
TXN001305,86.15,18,2,153,1,0,0
TXN001306,25.44,20,3,49,0,0,0
TXN001307,55.92,18,3,458,0,1,0
TXN001308,54.18,9,3,734,0,1,0
TXN001309,137.42,15,0,1266,0,1,0
TXN001310,81.74,11,5,364,0,0,0
TXN001311,53.45,0,6,305,0,0,0
TXN001312,109.41,9,3,251,0,0,0
TXN001313,177.98,8,3,321,1,1,0
TXN001314,87.72,19,4,263,0,0,0
TXN001315,55.08,10,2,140,0,0,0
TXN001316,17.9,10,1,113,0,1,0
TXN001317,22.08,22,2,874,1,1,0
TXN001318,42.12,12,4,219,0,1,0
TXN001319,32.52,0,3,308,0,1,1
TXN001320,46.58,10,3,1004,0,0,0
TXN001321,57.29,8,2,220,0,0,0
TXN001322,85.65,7,3,153,0,1,0
TXN001323,51.42,7,5,528,1,0,0
TXN001324,82.56,15,4,636,0,1,0
TXN001325,57.67,9,3,84,1,1,0
TXN001326,10.18,11,0,973,0,0,0
TXN001327,24.57,19,4,246,0,1,0
TXN001328,48.3,12,5,267,0,0,0
TXN001329,19.53,20,3,184,0,0,1
TXN001330,90.92,13,5,132,0,0,0
TXN001331,200.56,12,1,507,0,0,0
TXN001332,153.85,17,4,186,0,0,0
TXN001333,45.54,6,3,413,0,1,0
TXN001334,193.86,7,1,217,1,0,0
TXN001335,61.95,16,0,53,0,0,0
TXN001336,41.0,13,3,271,1,0,0
TXN001337,32.41,18,2,434,0,0,0
TXN001338,42.22,20,2,39,0,1,0
TXN001339,39.25,12,3,567,2,1,0
TXN001340,63.11,15,2,214,1,0,0
TXN001341,62.58,13,3,87,0,0,0
TXN001342,54.74,22,3,102,1,0,0
TXN001343,79.15,19,2,212,0,1,0
TXN001344,150.21,20,4,386,0,0,0
TXN001345,122.38,10,2,684,2,0,0
TXN001346,15.45,18,3,417,0,2,0
TXN001347,6.23,10,3,271,0,0,0
TXN001348,120.8,9,2,68,0,0,0
TXN001349,17.08,21,4,573,0,1,0
TXN001350,45.1,1,4,538,1,0,0
TXN001351,20.19,22,3,353,0,2,0
TXN001352,11.8,8,2,727,0,0,0
TXN001353,86.51,19,3,117,0,0,0
TXN001354,104.09,10,3,815,0,1,0
TXN001355,33.45,11,2,501,0,0,0
TXN001356,6.04,9,5,651,0,0,1
TXN001357,34.32,15,2,215,0,0,0
TXN001358,76.18,11,4,463,0,0,0
TXN001359,15.53,16,3,78,0,0,0
TXN001360,63.81,1,2,781,1,0,0
TXN001361,53.89,6,5,926,2,1,0
TXN001362,89.34,7,5,225,0,0,0
TXN001363,60.44,12,2,642,0,1,0
TXN001364,23.88,18,2,385,1,0,0
TXN001365,150.97,20,4,320,1,0,0
TXN001366,47.72,10,2,296,0,1,0
TXN001367,53.35,14,3,276,1,0,0
TXN001368,24.7,18,5,512,0,1,0
TXN001369,37.46,10,1,367,2,0,0
TXN001370,25.74,12,4,83,2,0,0
TXN001371,47.13,14,3,127,1,0,0
TXN001372,233.91,8,5,737,0,0,0
TXN001373,17.01,2,0,189,1,0,1
TXN001374,13.85,8,3,604,0,0,0
TXN001375,190.66,15,2,215,0,1,0
TXN001376,45.7,6,2,42,0,0,0
TXN001377,30.92,9,7,58,0,0,0
TXN001378,132.15,11,4,147,0,0,0
TXN001379,32.63,7,2,140,0,0,1
TXN001380,257.78,9,0,274,0,0,0
TXN001381,97.15,20,2,113,0,1,0
TXN001382,36.06,1,3,1203,0,1,0
TXN001383,341.62,16,2,485,2,0,0
TXN001384,32.63,12,2,164,0,0,0
TXN001385,102.59,16,2,329,0,0,0
TXN001386,70.41,15,3,541,2,0,0
TXN001387,165.09,10,4,893,1,1,0
TXN001388,205.88,19,2,305,0,0,0
TXN001389,56.1,13,4,360,0,1,0
TXN001390,28.78,19,4,286,0,0,0
TXN001391,80.72,12,2,918,0,1,0
TXN001392,30.69,23,4,401,0,0,0
TXN001393,302.29,18,7,358,0,1,0
TXN001394,61.32,22,5,406,1,2,0
TXN001395,40.02,14,4,176,0,0,0
TXN001396,63.88,13,0,344,1,0,0
TXN001397,17.37,17,3,335,1,0,0
TXN001398,23.91,20,1,672,0,0,0
TXN001399,151.46,22,5,309,1,0,0
TXN001400,31.24,11,5,194,0,0,0
TXN001401,22.42,18,3,253,0,1,0
TXN001402,86.16,9,2,235,0,0,0
TXN001403,149.58,14,3,124,0,3,1
TXN001404,100.6,9,4,467,0,0,0
TXN001405,127.31,11,2,789,0,0,0
TXN001406,28.7,21,3,406,0,1,0
TXN001407,16.3,8,2,840,0,0,0
TXN001408,195.61,15,2,1139,0,0,1
TXN001409,41.5,15,1,21,0,1,0
TXN001410,44.11,8,1,107,0,2,0
TXN001411,168.84,11,5,83,0,1,0
TXN001412,87.6,14,2,868,1,1,0
TXN001413,80.44,9,5,196,0,1,0
TXN001414,343.87,18,2,87,0,0,0
TXN001415,31.6,22,2,102,0,0,0
TXN001416,120.14,9,4,267,0,0,0
TXN001417,57.31,9,5,429,1,0,0
TXN001418,68.6,13,3,263,0,0,0
TXN001419,200.18,17,6,396,0,0,0
TXN001420,84.07,10,1,151,2,0,0
TXN001421,86.28,1,4,285,0,0,0
TXN001422,135.86,14,0,396,0,1,0
TXN001423,40.04,22,0,883,0,1,0
TXN001424,26.75,12,5,288,1,0,0
TXN001425,22.46,12,2,419,0,0,0
TXN001426,10.26,22,4,252,1,2,0
TXN001427,313.49,16,5,94,0,1,1
TXN001428,21.38,17,5,424,1,0,0
TXN001429,45.24,14,5,383,0,0,0
TXN001430,43.15,22,3,746,0,0,0
TXN001431,70.9,16,5,443,0,1,0
TXN001432,109.22,20,5,852,0,0,0
TXN001433,113.45,16,0,572,1,0,0
TXN001434,33.26,17,4,359,0,0,0
TXN001435,47.37,11,1,452,1,0,0
TXN001436,69.42,11,6,217,0,0,0
TXN001437,44.2,18,3,629,3,0,1
TXN001438,214.06,11,4,561,0,0,0
TXN001439,82.87,14,1,242,1,0,0
TXN001440,101.97,10,4,486,0,0,0
TXN001441,95.91,18,7,461,0,1,0
TXN001442,148.04,8,2,288,1,0,0
TXN001443,63.68,19,5,597,0,1,0
TXN001444,18.13,15,4,309,0,1,0
TXN001445,76.69,9,6,178,1,1,0
TXN001446,31.39,14,2,411,0,1,0
TXN001447,34.84,10,5,1337,2,0,0
TXN001448,89.87,11,3,1623,0,0,0
TXN001449,156.42,11,3,135,1,1,0
TXN001450,55.59,6,3,70,0,1,0
TXN001451,70.99,23,2,485,1,0,0
TXN001452,232.03,2,2,601,0,1,0
TXN001453,67.0,16,5,981,0,1,0
TXN001454,498.41,12,2,347,1,1,0
TXN001455,88.29,16,5,411,0,1,0
TXN001456,12.22,11,3,145,0,1,0
TXN001457,103.58,16,3,280,0,0,1
TXN001458,75.49,17,1,253,0,1,0
TXN001459,163.41,16,4,666,1,2,0
TXN001460,96.76,8,5,274,0,0,0
TXN001461,48.54,16,1,197,0,1,0
TXN001462,19.29,10,4,428,0,0,0
TXN001463,45.71,2,5,330,0,0,0
TXN001464,26.5,12,2,376,1,0,0
TXN001465,33.33,12,1,96,1,0,1
TXN001466,90.04,13,4,217,0,0,0
TXN001467,225.75,17,3,306,1,0,0
TXN001468,76.36,11,5,507,0,0,0
TXN001469,19.76,11,2,679,1,0,0
TXN001470,79.67,6,1,381,1,1,0
TXN001471,150.98,16,2,244,4,0,1
TXN001472,32.51,14,1,304,0,0,0
TXN001473,48.72,11,7,187,1,2,1
TXN001474,55.28,17,3,275,1,0,0
TXN001475,28.02,14,7,331,0,0,0
TXN001476,94.73,13,1,370,0,0,0
TXN001477,49.26,14,2,281,1,0,0
TXN001478,77.99,15,5,194,0,1,0
TXN001479,25.68,16,6,344,0,1,0
TXN001480,37.64,10,5,518,0,2,0
TXN001481,100.89,8,3,146,2,0,0
TXN001482,39.77,8,5,625,0,0,0
TXN001483,236.97,15,3,734,0,0,0
TXN001484,38.87,20,2,649,0,1,0
TXN001485,66.09,12,3,1732,0,2,1
TXN001486,120.63,9,2,157,2,0,0
TXN001487,16.35,17,5,90,0,0,0
TXN001488,12.22,19,4,158,0,0,0
TXN001489,14.93,20,4,135,1,0,0
TXN001490,159.68,15,2,290,0,2,0
TXN001491,34.16,19,3,306,0,2,0
TXN001492,480.33,1,7,681,0,0,0
TXN001493,33.8,7,5,301,0,0,0
TXN001494,63.87,7,5,138,0,0,0
TXN001495,202.51,17,4,524,0,1,0
TXN001496,300.42,6,5,393,0,0,0
TXN001497,314.91,13,3,337,1,0,0
TXN001498,152.49,13,3,302,1,0,0
TXN001499,130.38,11,6,695,0,0,0
TXN001500,90.35,19,4,398,2,2,0
TXN001501,105.81,9,1,1188,0,0,0
TXN001502,34.17,11,7,457,0,0,0
TXN001503,27.24,18,2,152,0,0,0
TXN001504,54.44,2,2,390,0,0,0
TXN001505,47.24,16,0,308,0,1,0
TXN001506,37.14,18,5,201,2,1,0
TXN001507,98.68,21,1,142,0,0,0
TXN001508,122.98,20,5,349,0,3,1
TXN001509,58.86,11,3,464,0,1,0
TXN001510,191.69,15,3,665,1,0,0
TXN001511,20.69,7,2,325,1,1,0
TXN001512,46.31,10,3,167,0,0,0
TXN001513,29.69,7,5,1324,0,0,0
TXN001514,11.17,11,5,334,1,0,0
TXN001515,50.89,20,1,289,0,0,1
TXN001516,49.23,11,4,109,1,1,0
TXN001517,197.64,14,1,487,0,1,0
TXN001518,93.33,12,4,627,0,1,0
TXN001519,22.86,13,3,14,3,1,1
TXN001520,264.01,22,3,990,0,0,0
TXN001521,154.14,11,3,742,0,1,0
TXN001522,89.55,15,1,264,1,2,0
TXN001523,45.04,12,3,114,0,0,0
TXN001524,24.15,6,2,133,1,0,0
TXN001525,39.79,13,3,205,0,0,0
TXN001526,137.75,18,3,203,0,2,0
TXN001527,270.94,7,1,606,0,0,0
TXN001528,202.71,6,4,415,2,0,0
TXN001529,36.03,8,4,222,0,0,0
TXN001530,21.08,18,4,502,0,1,1
TXN001531,61.54,17,3,780,1,0,0
TXN001532,12.14,14,5,381,0,3,1
TXN001533,71.86,13,2,936,1,2,0
TXN001534,48.16,20,1,742,0,0,0
TXN001535,36.74,18,2,372,0,1,0
TXN001536,14.08,18,4,360,2,0,0
TXN001537,84.48,18,3,162,0,0,0
TXN001538,34.72,16,2,44,0,1,0
TXN001539,20.2,13,6,113,0,0,0
TXN001540,5.0,19,1,334,0,0,0
TXN001541,53.34,21,2,31,0,0,0
TXN001542,246.27,1,6,152,0,0,0
TXN001543,224.1,5,1,260,0,1,0
TXN001544,37.02,22,3,411,2,1,0
TXN001545,32.72,10,5,632,0,0,0
TXN001546,81.33,20,4,185,0,0,0
TXN001547,23.37,12,7,503,1,2,1
TXN001548,70.56,8,1,165,0,1,0
TXN001549,104.71,7,2,1017,0,0,0
TXN001550,154.92,8,1,515,0,1,0
TXN001551,50.14,10,2,452,0,1,0
TXN001552,45.92,13,2,179,0,1,0
TXN001553,25.89,17,4,153,0,1,0
TXN001554,27.04,23,2,203,0,1,1
TXN001555,45.04,13,8,450,0,1,1
TXN001556,74.61,14,7,1444,0,0,0
TXN001557,118.69,14,6,297,0,0,1
TXN001558,27.59,14,0,278,0,1,0
TXN001559,194.18,14,3,619,1,1,0
TXN001560,43.36,0,6,261,1,1,0
TXN001561,53.62,0,2,231,2,1,0
TXN001562,28.93,7,5,873,0,1,0
TXN001563,6.95,7,2,118,0,0,0
TXN001564,115.75,17,2,261,0,1,0
TXN001565,102.14,9,3,88,0,0,0
TXN001566,42.99,20,2,459,0,0,0
TXN001567,57.8,21,3,352,1,2,0
TXN001568,84.65,22,3,753,0,0,0
TXN001569,14.47,21,3,227,0,1,0
TXN001570,34.82,10,3,287,0,0,0
TXN001571,107.25,14,2,263,0,0,0
TXN001572,18.8,9,1,930,1,0,0
TXN001573,70.07,18,1,394,0,0,0
TXN001574,17.23,20,4,427,0,2,0
TXN001575,81.16,19,2,277,0,1,0
TXN001576,52.97,12,1,243,0,0,0
TXN001577,13.83,18,2,278,0,0,0
TXN001578,146.94,7,4,12,0,0,0
TXN001579,29.24,3,1,757,0,1,0
TXN001580,27.42,17,4,373,0,0,0
TXN001581,64.75,12,3,786,1,0,0
TXN001582,144.94,23,3,419,0,0,0
TXN001583,23.02,7,3,222,1,1,0
TXN001584,57.54,19,1,268,0,3,1
TXN001585,78.61,13,2,519,0,0,1
TXN001586,98.41,19,0,465,0,1,0
TXN001587,63.43,18,2,342,1,0,0
TXN001588,39.97,20,4,1086,0,1,0
TXN001589,27.02,11,1,234,1,1,0
TXN001590,58.75,21,1,131,1,0,0
TXN001591,21.95,8,5,180,0,0,0
TXN001592,5.0,7,0,310,0,0,0
TXN001593,79.13,12,3,460,0,0,0
TXN001594,117.72,19,4,344,0,0,0
TXN001595,7.33,13,1,111,1,1,0
TXN001596,23.14,19,3,311,0,0,0
TXN001597,92.41,17,2,551,0,0,0
TXN001598,313.84,9,3,644,1,0,0
TXN001599,55.57,21,2,99,1,0,0
TXN001600,29.41,6,2,207,0,0,0
TXN001601,46.74,20,3,215,1,1,0
TXN001602,175.68,11,4,973,0,1,0
TXN001603,31.53,13,5,829,0,0,0
TXN001604,27.68,12,2,316,0,1,0
TXN001605,36.22,9,3,281,0,0,0
TXN001606,24.28,11,4,1314,1,2,0
TXN001607,60.6,9,5,669,0,0,0
TXN001608,217.23,9,3,164,0,0,0
TXN001609,71.85,9,4,851,0,0,0
TXN001610,44.06,13,1,240,0,0,0
TXN001611,42.6,18,1,125,0,1,0
TXN001612,14.46,14,5,257,0,0,0
TXN001613,115.66,20,4,340,1,0,0
TXN001614,51.1,15,4,358,0,0,0
TXN001615,46.83,16,2,862,1,1,0
TXN001616,823.98,16,1,598,0,0,0
TXN001617,70.38,13,3,232,0,0,0
TXN001618,28.82,16,1,201,1,2,0
TXN001619,38.0,6,2,237,2,0,0
TXN001620,144.92,19,4,759,0,1,0
TXN001621,60.12,18,6,268,1,0,1
TXN001622,16.08,10,3,532,1,0,0
TXN001623,119.26,18,2,102,0,0,0
TXN001624,30.94,0,1,659,0,0,0
TXN001625,268.35,9,2,471,0,0,0
TXN001626,136.73,6,5,595,1,0,0
TXN001627,37.33,18,3,170,1,2,0
TXN001628,162.21,17,1,500,0,2,0
TXN001629,57.84,18,5,121,0,1,0
TXN001630,112.71,0,4,378,0,0,0
TXN001631,82.44,13,2,305,0,0,0
TXN001632,26.59,17,2,84,0,0,0
TXN001633,31.59,8,2,484,0,2,0
TXN001634,131.04,16,4,92,1,1,0
TXN001635,41.08,7,3,84,1,0,0
TXN001636,38.74,9,6,95,1,0,0
TXN001637,24.24,13,0,634,1,1,0
TXN001638,78.26,16,3,456,0,1,0
TXN001639,315.18,8,5,102,0,0,0
TXN001640,22.03,9,2,379,0,0,0
TXN001641,55.73,9,1,351,0,1,0
TXN001642,181.34,10,2,586,0,1,0
TXN001643,51.02,10,2,302,0,1,0
TXN001644,80.2,12,1,655,0,0,0
TXN001645,22.13,16,5,312,0,0,0
TXN001646,78.58,13,2,191,1,1,0
TXN001647,46.57,18,2,170,1,0,0
TXN001648,126.2,17,2,72,0,0,0
TXN001649,149.8,8,5,138,1,0,0
TXN001650,493.31,5,2,140,1,1,0
TXN001651,89.36,20,2,206,1,0,0
TXN001652,72.02,7,4,493,1,0,0
TXN001653,64.41,8,6,560,1,0,0
TXN001654,40.44,1,7,1338,1,1,1
TXN001655,72.8,15,5,193,0,0,0
TXN001656,42.47,15,6,129,1,1,0
TXN001657,63.0,23,5,65,0,1,1
TXN001658,167.33,20,4,311,0,0,0
TXN001659,23.21,12,2,421,0,2,0
TXN001660,143.87,12,3,356,0,0,0
TXN001661,167.26,11,3,245,0,0,0
TXN001662,49.38,8,4,1371,0,0,0
TXN001663,8.99,8,5,613,0,0,0
TXN001664,32.57,8,2,123,1,0,0
TXN001665,164.42,8,1,443,0,1,0
TXN001666,53.55,10,7,750,0,0,0
TXN001667,23.35,11,4,311,0,0,0
TXN001668,35.55,22,2,524,0,1,0
TXN001669,111.56,15,3,704,0,1,0
TXN001670,86.9,23,5,366,0,1,0
TXN001671,44.56,12,2,405,0,1,0
TXN001672,39.97,13,2,102,1,0,0
TXN001673,39.13,11,3,129,1,1,0
TXN001674,24.93,9,6,620,0,0,0
TXN001675,215.52,8,2,94,0,0,0
TXN001676,41.51,21,4,203,1,0,0
TXN001677,153.64,23,2,272,1,0,0
TXN001678,198.96,4,3,500,1,0,1
TXN001679,127.56,8,7,149,0,0,0
TXN001680,37.83,12,2,891,1,0,0
TXN001681,76.95,9,4,750,1,1,0
TXN001682,53.49,12,1,1251,0,0,1
TXN001683,25.33,8,4,24,0,1,0
TXN001684,71.93,13,1,558,1,0,0
TXN001685,20.04,10,1,737,0,0,0
TXN001686,149.83,11,4,225,0,1,0
TXN001687,36.78,7,4,316,1,0,0
TXN001688,64.78,12,6,372,0,1,0
TXN001689,69.46,23,3,207,1,1,0
TXN001690,43.81,11,3,326,0,0,0
TXN001691,89.9,20,4,396,0,1,0
TXN001692,36.46,19,8,1742,0,0,1
TXN001693,114.5,21,5,238,1,0,0
TXN001694,17.39,18,6,436,0,1,0
TXN001695,60.79,16,3,467,0,2,1
TXN001696,283.75,19,4,328,1,0,0
TXN001697,23.33,7,3,130,0,0,0
TXN001698,30.69,13,2,448,0,0,0
TXN001699,84.51,23,3,196,3,1,1
TXN001700,63.6,18,1,188,0,1,0
TXN001701,73.56,22,3,651,0,1,0
TXN001702,82.75,18,3,271,1,0,0
TXN001703,93.65,20,8,454,0,1,1
TXN001704,140.22,17,2,479,0,2,0
TXN001705,77.35,18,1,760,0,0,0
TXN001706,44.48,14,5,129,0,0,0
TXN001707,96.71,21,1,573,0,0,0
TXN001708,274.49,19,8,631,0,0,1
TXN001709,48.78,19,1,245,0,1,0
TXN001710,23.85,16,1,837,1,1,0
TXN001711,139.91,11,5,105,0,1,0
TXN001712,49.29,3,3,526,0,1,1
TXN001713,8.61,21,1,375,0,2,0
TXN001714,112.2,15,6,267,0,1,0
TXN001715,34.64,11,6,388,0,0,0
TXN001716,50.55,8,3,92,0,0,0
TXN001717,72.4,19,4,195,0,0,0
TXN001718,64.19,19,3,834,0,0,0
TXN001719,99.79,18,4,129,0,1,0
TXN001720,37.71,16,2,304,0,0,0
TXN001721,84.45,12,3,138,0,0,0
TXN001722,43.79,11,0,213,1,0,0
TXN001723,102.31,0,3,366,0,0,0
TXN001724,92.12,19,3,882,0,3,1
TXN001725,24.65,7,2,692,0,1,0
TXN001726,137.43,15,4,124,0,1,0
TXN001727,34.62,13,3,947,0,0,0
TXN001728,108.51,14,2,748,0,0,0
TXN001729,74.6,21,1,89,0,0,0
TXN001730,260.46,2,2,701,0,0,0
TXN001731,45.15,18,2,706,0,0,0
TXN001732,40.57,5,1,57,0,2,0
TXN001733,53.7,3,3,137,0,1,0
TXN001734,42.19,12,4,710,0,0,0
TXN001735,107.76,6,2,119,0,2,0
TXN001736,13.82,18,3,612,0,0,0
TXN001737,22.3,14,5,845,0,0,0
TXN001738,22.03,2,5,246,0,1,0
TXN001739,122.46,3,3,491,1,2,1
TXN001740,233.7,15,4,390,1,0,0
TXN001741,49.96,18,3,811,0,0,0
TXN001742,47.3,13,6,381,0,0,0
TXN001743,57.95,14,2,432,0,1,0
TXN001744,146.58,18,2,1010,0,0,0
TXN001745,24.82,15,5,688,2,1,0
TXN001746,66.86,10,3,50,0,1,0
TXN001747,125.08,15,4,459,1,0,0
TXN001748,83.59,15,7,246,0,1,0
TXN001749,64.14,17,4,747,2,0,0
TXN001750,127.85,15,5,349,0,0,0
TXN001751,5.49,22,1,324,0,0,0
TXN001752,97.14,9,2,232,0,1,0
TXN001753,31.31,21,5,254,1,0,0
TXN001754,11.52,14,3,406,0,0,0
TXN001755,84.31,16,1,205,0,0,0
TXN001756,175.49,7,2,225,0,0,0
TXN001757,48.58,12,2,62,0,0,0
TXN001758,122.72,18,3,143,0,0,0
TXN001759,214.96,17,3,554,0,0,0
TXN001760,166.95,3,3,570,0,0,0
TXN001761,220.08,14,3,31,0,0,0
TXN001762,102.6,7,2,168,0,0,0
TXN001763,58.21,23,4,522,0,0,0
TXN001764,13.99,20,1,70,2,0,0
TXN001765,44.29,1,2,196,1,0,0
TXN001766,26.66,19,3,597,0,1,0
TXN001767,345.61,21,5,80,0,0,0
TXN001768,47.02,11,6,436,0,1,0
TXN001769,60.63,17,1,141,1,0,0
TXN001770,87.25,13,2,402,1,1,0
TXN001771,56.66,16,6,440,0,1,0
TXN001772,230.63,11,3,540,0,1,0
TXN001773,32.16,11,4,82,0,0,0
TXN001774,64.42,12,2,346,1,0,0
TXN001775,29.05,8,0,546,0,2,0
TXN001776,17.78,19,1,630,0,0,0
TXN001777,32.46,11,3,98,0,0,0
TXN001778,52.91,12,4,227,0,0,0
TXN001779,37.91,20,3,468,1,0,0
TXN001780,30.31,13,2,890,0,1,0
TXN001781,16.52,14,3,363,0,0,0
TXN001782,50.87,22,2,146,0,1,0
TXN001783,15.2,20,1,145,0,0,0
TXN001784,104.17,9,3,152,0,1,0
TXN001785,58.56,13,3,212,1,1,0
TXN001786,15.82,22,3,345,0,0,0
TXN001787,41.98,12,6,626,0,0,0
TXN001788,28.81,12,6,1145,0,0,0
TXN001789,71.61,9,4,399,2,0,0
TXN001790,170.61,8,3,681,0,0,0
TXN001791,11.09,17,1,232,0,0,0
TXN001792,60.21,18,2,506,0,0,0
TXN001793,47.65,22,2,676,0,2,0
TXN001794,96.61,18,1,273,0,2,0
TXN001795,65.45,10,2,97,1,0,0
TXN001796,28.81,3,1,538,0,0,0
TXN001797,41.63,23,1,331,1,1,0
TXN001798,27.75,11,2,532,1,0,0
TXN001799,136.27,11,3,281,0,2,0
TXN001800,55.6,20,3,335,0,0,0
TXN001801,274.79,15,1,531,1,1,0
TXN001802,51.85,9,7,927,0,0,0
TXN001803,29.9,20,5,141,0,0,0
TXN001804,15.08,23,2,178,0,1,0
TXN001805,11.79,7,1,379,0,0,1
TXN001806,14.2,19,3,640,1,0,0
TXN001807,68.52,12,3,393,1,0,0
TXN001808,84.13,14,1,403,0,0,0
TXN001809,14.24,20,5,221,0,0,0
TXN001810,116.84,22,6,226,0,0,0
TXN001811,36.21,10,2,806,0,0,0
TXN001812,61.85,9,3,528,1,1,0
TXN001813,214.95,7,2,65,0,0,0
TXN001814,117.02,14,2,108,0,1,0
TXN001815,43.46,0,4,281,0,1,1
TXN001816,25.6,12,9,529,0,1,1
TXN001817,8.77,6,3,18,0,0,0
TXN001818,29.63,12,5,411,0,1,0
TXN001819,45.63,3,3,194,3,1,1
TXN001820,23.59,19,1,652,0,2,0
TXN001821,48.83,9,3,189,1,0,0
TXN001822,58.28,11,2,249,0,0,0
TXN001823,45.1,19,4,917,0,1,0
TXN001824,31.42,17,5,303,1,1,0
TXN001825,63.01,9,2,642,0,1,0
TXN001826,79.49,6,2,426,0,0,0
TXN001827,21.61,17,6,479,0,0,0
TXN001828,181.14,12,2,600,0,1,0
TXN001829,50.21,18,6,183,0,0,0
TXN001830,55.48,13,3,548,0,1,0
TXN001831,99.68,11,2,632,0,0,0
TXN001832,66.57,13,3,458,0,0,0
TXN001833,122.75,17,2,665,0,0,0
TXN001834,69.69,20,5,110,0,0,0
TXN001835,32.44,5,1,83,1,1,0
TXN001836,74.24,14,4,589,0,1,0
TXN001837,20.65,2,4,200,0,0,1
TXN001838,59.88,13,5,88,1,1,0
TXN001839,53.08,20,4,79,0,1,0
TXN001840,45.75,11,3,958,0,0,0
TXN001841,48.95,21,3,575,0,0,0
TXN001842,11.03,15,2,425,1,0,0
TXN001843,34.25,21,1,943,0,0,0
TXN001844,59.08,17,3,393,0,0,0
TXN001845,62.54,7,4,79,0,0,0
TXN001846,22.79,10,4,248,1,1,0
TXN001847,160.11,12,2,77,0,1,0
TXN001848,26.15,9,3,587,0,1,0
TXN001849,124.47,13,2,243,0,0,0
TXN001850,78.5,13,6,1513,1,0,0
TXN001851,31.52,22,4,264,0,0,0
TXN001852,246.91,12,6,168,0,0,0
TXN001853,19.79,18,3,570,1,0,0
TXN001854,119.26,21,0,129,2,0,0
TXN001855,127.8,20,2,99,0,1,0
TXN001856,30.88,9,5,431,1,1,1
TXN001857,178.32,13,4,379,0,0,0
TXN001858,44.14,11,3,147,1,0,0
TXN001859,69.78,12,4,136,0,1,0
TXN001860,68.12,11,2,471,0,1,0
TXN001861,48.71,19,9,805,0,0,1
TXN001862,108.76,13,3,364,0,1,0
TXN001863,107.18,14,2,385,0,0,0
TXN001864,12.35,23,2,384,0,0,0
TXN001865,165.45,6,2,479,0,0,1
TXN001866,13.29,13,2,190,1,1,0
TXN001867,131.32,18,4,465,1,0,0
TXN001868,142.27,8,2,891,0,0,0
TXN001869,21.6,15,6,392,0,1,0
TXN001870,38.51,10,2,662,0,0,0
TXN001871,21.33,19,0,1061,0,1,0
TXN001872,45.48,11,4,675,1,0,0
TXN001873,42.02,11,3,797,0,1,0
TXN001874,105.92,15,4,756,0,0,0
TXN001875,166.29,9,2,725,0,0,0
TXN001876,178.81,10,4,187,0,0,0
TXN001877,33.86,12,5,764,2,0,0
TXN001878,45.7,11,4,365,0,0,0
TXN001879,13.05,14,1,576,1,0,0
TXN001880,27.52,15,4,417,0,1,0
TXN001881,123.98,14,4,1019,1,1,0
TXN001882,215.56,16,2,618,0,0,0
TXN001883,19.12,11,6,649,0,0,0
TXN001884,33.0,8,1,693,0,0,0
TXN001885,53.39,18,5,404,0,0,0
TXN001886,69.28,19,5,698,0,0,0
TXN001887,27.44,10,3,168,0,2,0
TXN001888,78.29,12,3,434,0,1,0
TXN001889,36.5,13,2,581,1,1,0
TXN001890,53.93,14,4,353,0,1,0
TXN001891,86.86,16,0,1407,0,0,0
TXN001892,54.9,4,1,235,0,0,0
TXN001893,37.68,17,4,95,0,0,0
TXN001894,49.74,6,2,994,1,0,0
TXN001895,50.65,13,5,456,0,0,0
TXN001896,39.86,19,3,160,0,0,0
TXN001897,43.82,13,6,279,1,1,0
TXN001898,212.48,8,3,72,2,1,0
TXN001899,87.95,23,3,177,0,0,1
TXN001900,42.47,20,4,414,0,1,0
TXN001901,98.73,18,2,665,0,1,0
TXN001902,41.11,12,4,260,0,1,0
TXN001903,147.99,9,5,204,0,0,0
TXN001904,74.75,21,2,223,0,0,0
TXN001905,49.84,14,0,249,0,1,0
TXN001906,79.88,19,9,456,0,0,1
TXN001907,14.36,11,3,1019,0,1,0
TXN001908,20.95,11,6,70,0,2,0
TXN001909,19.79,23,1,205,1,0,0
TXN001910,61.65,14,3,73,1,2,0
TXN001911,238.09,8,4,178,0,1,0
TXN001912,363.8,9,5,340,0,1,0
TXN001913,93.91,13,2,107,0,0,0
TXN001914,83.57,4,2,573,0,0,1
TXN001915,11.81,13,4,153,2,0,0
TXN001916,34.42,12,5,547,0,1,0
TXN001917,27.95,18,5,226,0,0,0
TXN001918,32.21,11,2,300,0,0,0
TXN001919,47.33,23,4,498,0,0,0
TXN001920,36.55,9,2,1238,0,0,0
TXN001921,10.15,15,2,227,0,0,0
TXN001922,103.1,7,2,72,0,0,0
TXN001923,21.94,17,3,1070,0,0,0
TXN001924,66.91,23,6,557,0,1,1
TXN001925,318.29,19,2,197,0,0,0
TXN001926,24.99,14,2,363,0,0,0
TXN001927,6.36,13,4,399,1,0,0
TXN001928,42.82,19,3,237,0,0,0
TXN001929,139.19,21,6,122,1,2,0
TXN001930,288.47,23,3,287,1,0,0
TXN001931,19.2,12,4,112,0,1,0
TXN001932,83.28,23,2,1219,0,0,0
TXN001933,36.76,8,5,789,0,0,0
TXN001934,49.9,10,4,794,0,1,0
TXN001935,516.82,7,4,64,0,0,0
TXN001936,15.22,10,4,247,0,1,0
TXN001937,67.74,18,5,115,0,0,0
TXN001938,81.25,19,0,413,0,1,0
TXN001939,137.4,18,2,38,0,0,0
TXN001940,59.34,15,6,805,2,0,0
TXN001941,70.94,14,4,283,0,1,0
TXN001942,39.14,17,3,290,1,1,0
TXN001943,68.63,12,2,318,0,0,0
TXN001944,40.78,19,5,138,0,0,0
TXN001945,92.6,16,2,530,1,3,1
TXN001946,39.88,16,1,271,1,0,0
TXN001947,75.23,14,1,428,0,0,0
TXN001948,53.26,20,4,10,1,0,0
TXN001949,142.19,10,3,607,0,0,0
TXN001950,52.26,12,3,105,0,1,0
TXN001951,12.1,18,3,101,1,1,0
TXN001952,159.59,13,2,333,0,0,0
TXN001953,25.28,20,2,380,0,1,0
TXN001954,31.32,11,4,796,1,2,0
TXN001955,32.91,12,1,391,0,1,0
TXN001956,175.61,20,4,548,0,0,0
TXN001957,8.89,13,2,461,0,0,0
TXN001958,786.1,14,3,642,0,0,0
TXN001959,133.97,11,1,1262,0,0,0
TXN001960,66.01,10,4,253,0,0,0
TXN001961,52.11,16,2,197,0,1,0
TXN001962,69.6,8,4,270,0,1,0
TXN001963,85.03,20,3,910,0,0,0
TXN001964,94.48,18,4,190,3,1,1
TXN001965,87.55,9,5,327,2,1,0
TXN001966,58.92,16,5,148,0,1,0
TXN001967,46.17,15,3,239,0,0,0
TXN001968,48.01,9,2,169,0,1,0
TXN001969,46.26,10,2,273,1,0,0
TXN001970,143.12,12,1,426,0,0,0
TXN001971,90.43,16,3,430,1,0,0
TXN001972,5.0,15,3,196,0,0,0
TXN001973,95.35,14,1,71,0,1,0
TXN001974,64.43,18,0,848,1,1,0
TXN001975,53.74,17,3,628,0,1,0
TXN001976,39.24,15,2,1280,1,0,0
TXN001977,141.95,18,5,251,0,0,0
TXN001978,122.17,11,6,21,0,0,1
TXN001979,28.31,20,7,851,0,0,0
TXN001980,77.17,15,4,293,1,1,1
TXN001981,23.91,19,3,155,0,0,0
TXN001982,16.9,14,6,352,0,0,0
TXN001983,32.05,9,5,227,0,0,0
TXN001984,113.64,14,2,346,0,1,0
TXN001985,122.75,12,6,227,0,1,0
TXN001986,84.45,16,6,106,1,1,0
TXN001987,101.12,13,1,510,0,1,0
TXN001988,84.67,19,2,298,0,0,0
TXN001989,31.65,16,4,716,0,0,0
TXN001990,78.82,16,4,69,0,0,0
TXN001991,107.81,9,1,485,0,2,0
TXN001992,103.66,23,0,383,1,1,0
TXN001993,149.99,19,3,795,0,0,0
TXN001994,99.69,18,2,331,0,1,0
TXN001995,73.61,11,6,413,0,0,0
TXN001996,135.59,14,2,90,0,0,0
TXN001997,53.38,8,2,18,1,1,0
TXN001998,25.8,14,3,625,1,0,0
TXN001999,47.53,8,4,670,0,0,0
TXN002000,28.99,14,4,75,0,0,0
TXN002001,30.76,16,1,133,0,0,0
TXN002002,48.29,12,2,465,0,1,0
TXN002003,27.84,13,8,854,0,2,1
TXN002004,42.02,20,3,250,0,0,0
TXN002005,10.92,8,3,360,0,0,0
TXN002006,65.45,18,3,360,0,1,0
TXN002007,54.65,9,2,330,0,0,0
TXN002008,27.26,3,3,163,0,0,0
TXN002009,95.62,9,3,389,0,0,0
TXN002010,121.14,18,5,327,0,1,0
TXN002011,13.92,12,7,202,0,0,0
TXN002012,28.55,20,5,1087,1,1,0
TXN002013,28.4,14,3,94,0,0,0
TXN002014,24.56,1,2,1024,1,0,0
TXN002015,110.5,17,3,460,0,0,0
TXN002016,46.3,8,4,594,0,0,0
TXN002017,43.6,18,3,137,1,1,0
TXN002018,9.94,9,5,1095,1,1,0
TXN002019,93.7,11,4,281,0,0,0
TXN002020,19.04,18,3,690,0,0,0
TXN002021,57.45,21,6,367,2,0,0
TXN002022,69.11,12,4,100,0,0,0
TXN002023,173.57,19,4,82,1,1,0
TXN002024,17.95,9,2,837,0,1,0
TXN002025,5.0,18,3,42,0,0,0
TXN002026,63.83,16,7,311,1,1,0
TXN002027,252.25,9,5,563,0,0,0
TXN002028,156.51,11,2,534,0,1,0
TXN002029,65.25,8,6,214,0,0,0
TXN002030,35.95,12,3,263,0,0,0
TXN002031,108.42,9,4,901,1,1,0
TXN002032,23.87,16,7,258,0,0,0
TXN002033,81.85,23,4,305,0,0,0
TXN002034,83.9,0,3,165,0,0,1
TXN002035,134.45,14,1,462,1,0,0
TXN002036,570.04,14,3,1133,1,0,0
TXN002037,76.21,20,1,286,1,1,0
TXN002038,35.42,13,5,91,1,0,0
TXN002039,53.42,14,2,126,0,0,0
TXN002040,12.14,13,3,400,0,0,0
TXN002041,30.25,10,3,192,0,1,1
TXN002042,38.56,5,3,641,1,0,0
TXN002043,34.97,12,3,283,0,0,0
TXN002044,62.15,5,6,571,0,0,0
TXN002045,27.14,14,1,391,2,0,0
TXN002046,141.58,11,7,114,0,0,0
TXN002047,54.61,14,6,210,1,1,1
TXN002048,54.17,8,2,305,1,3,1
TXN002049,41.32,21,3,1144,1,0,0
TXN002050,62.3,20,1,777,0,2,0
TXN002051,110.09,9,2,111,0,0,0
TXN002052,26.13,11,2,281,0,0,0
TXN002053,31.21,15,3,401,0,1,0
TXN002054,42.18,7,4,173,1,1,0
TXN002055,17.39,11,3,210,0,0,0
TXN002056,27.21,10,1,102,0,0,0
TXN002057,36.42,20,1,424,0,0,0
TXN002058,114.8,19,3,148,1,0,0
TXN002059,68.25,15,4,71,0,1,0
TXN002060,64.36,14,1,269,0,1,0
TXN002061,112.53,21,2,439,0,0,0
TXN002062,48.58,21,2,327,0,1,0
TXN002063,76.09,22,3,345,0,2,0
TXN002064,50.01,8,4,217,1,2,0
TXN002065,68.41,9,4,222,1,0,0
TXN002066,33.27,16,3,997,1,0,0
TXN002067,6.87,14,8,741,0,1,1
TXN002068,48.71,1,5,360,0,0,0
TXN002069,182.97,6,5,150,1,0,0
TXN002070,119.97,20,1,629,0,0,0
TXN002071,124.04,19,1,880,0,0,0
TXN002072,156.13,11,1,595,0,0,0
TXN002073,58.87,20,5,283,2,0,0
TXN002074,64.57,15,6,392,0,0,0
TXN002075,32.3,18,4,205,0,1,0
TXN002076,41.73,12,1,408,0,1,1
TXN002077,92.15,8,2,368,0,1,0
TXN002078,151.91,12,3,572,0,2,0
TXN002079,48.5,13,4,219,0,3,1
TXN002080,37.24,14,2,1120,0,0,0
TXN002081,54.62,7,3,97,0,0,0
TXN002082,91.02,23,2,435,0,0,1
TXN002083,16.0,10,3,646,0,0,0
TXN002084,7.75,9,5,166,0,0,0
TXN002085,34.19,14,4,466,2,1,0
TXN002086,19.34,14,4,539,1,0,0
TXN002087,35.45,13,5,426,0,1,0
TXN002088,48.15,18,3,857,1,0,0
TXN002089,37.14,14,1,596,0,0,0
TXN002090,187.65,15,2,114,1,0,0
TXN002091,72.08,17,5,395,3,0,1
TXN002092,70.49,2,7,270,1,0,1
TXN002093,92.65,14,5,616,0,1,0
TXN002094,20.74,20,3,485,1,0,0
TXN002095,132.06,1,4,349,1,1,0
TXN002096,51.19,12,2,171,0,0,0
TXN002097,96.54,21,3,227,0,1,0
TXN002098,21.95,11,4,142,0,0,0
TXN002099,14.57,13,1,445,1,0,0
TXN002100,109.42,22,4,197,0,0,0
TXN002101,75.18,9,4,304,0,1,0
TXN002102,25.36,6,1,766,1,0,0
TXN002103,26.07,19,0,647,1,0,0
TXN002104,142.11,19,2,707,0,2,1
TXN002105,19.87,13,3,129,0,0,0
TXN002106,220.58,14,4,89,0,1,0
TXN002107,25.39,19,4,1733,0,0,0
TXN002108,93.94,17,5,334,1,0,0
TXN002109,41.29,10,3,255,0,1,0
TXN002110,91.17,1,7,202,0,0,0
TXN002111,34.38,13,5,204,0,0,0
TXN002112,47.54,19,3,605,1,0,0
TXN002113,56.53,20,6,223,1,0,0
TXN002114,23.29,22,3,163,0,0,0
TXN002115,102.48,20,3,447,0,0,0
TXN002116,35.3,15,3,186,0,1,0
TXN002117,44.96,13,2,262,0,1,0
TXN002118,23.45,18,2,19,2,0,0
TXN002119,6.18,17,5,674,0,0,1
TXN002120,46.42,14,4,515,0,0,0
TXN002121,424.42,7,0,439,4,0,1
TXN002122,106.37,21,3,574,1,1,1
TXN002123,53.71,13,3,272,1,0,0
TXN002124,43.66,12,5,436,1,0,0
TXN002125,55.65,15,2,571,1,0,0
TXN002126,86.93,16,2,221,0,1,0
TXN002127,20.01,9,4,722,1,0,0
TXN002128,140.78,19,4,772,0,0,0
TXN002129,100.29,11,4,243,0,2,0
TXN002130,100.53,9,1,1263,0,0,0
TXN002131,79.26,12,4,372,0,1,0
TXN002132,55.52,17,2,541,1,0,1
TXN002133,96.73,22,1,444,1,0,0
TXN002134,90.29,18,3,770,0,1,0
TXN002135,40.41,21,6,486,0,1,0
TXN002136,33.53,8,7,482,1,0,0
TXN002137,59.54,6,3,574,0,2,0
TXN002138,203.7,14,10,238,0,0,1
TXN002139,19.04,11,3,651,2,0,0
TXN002140,15.68,19,1,499,1,0,0
TXN002141,62.81,16,5,441,0,0,0
TXN002142,57.01,22,3,42,0,0,0
TXN002143,63.27,10,2,322,1,0,0
TXN002144,67.18,13,3,275,0,1,0
TXN002145,45.16,13,6,140,0,0,0
TXN002146,193.71,10,3,448,1,1,0
TXN002147,14.0,15,6,624,0,0,0
TXN002148,27.0,13,4,216,0,0,0
TXN002149,50.01,13,1,130,0,1,0
TXN002150,13.51,12,3,203,1,0,0
TXN002151,47.02,1,3,1357,0,0,1
TXN002152,224.14,14,3,418,1,1,0
TXN002153,55.58,11,1,226,0,0,0
TXN002154,66.43,0,1,633,0,2,1
TXN002155,18.71,11,4,414,0,2,0
TXN002156,32.33,10,4,560,1,1,0
TXN002157,39.69,12,2,231,0,1,0
TXN002158,41.68,8,5,209,0,0,0
TXN002159,162.29,13,2,209,0,1,0
TXN002160,87.71,16,1,163,0,1,0
TXN002161,21.23,15,3,417,0,2,0
TXN002162,67.32,18,3,838,0,0,0
TXN002163,83.39,13,2,440,0,1,0
TXN002164,143.9,14,2,707,0,1,0
TXN002165,209.24,18,2,197,0,0,0
TXN002166,23.04,12,1,502,0,0,0
TXN002167,27.41,17,2,373,0,0,0
TXN002168,18.75,12,3,505,0,0,0
TXN002169,44.75,12,1,200,2,0,0
TXN002170,81.16,18,3,271,0,1,0
TXN002171,126.37,9,1,163,1,1,0
TXN002172,51.18,11,1,844,1,1,0
TXN002173,41.6,10,3,934,0,1,0
TXN002174,62.12,11,4,324,0,1,1
TXN002175,26.85,10,7,187,0,1,0
TXN002176,322.5,15,2,457,0,0,0
TXN002177,13.92,18,3,221,1,0,0
TXN002178,63.88,18,4,825,0,2,0
TXN002179,304.92,12,2,402,0,0,0
TXN002180,54.91,23,1,729,0,0,0
TXN002181,46.45,15,3,312,0,0,0
TXN002182,40.29,12,6,52,0,1,0
TXN002183,46.84,19,1,255,0,0,0
TXN002184,175.37,17,5,124,2,1,0
TXN002185,8.33,17,3,335,0,0,0
TXN002186,201.02,9,5,136,1,0,0
TXN002187,16.28,13,3,258,0,1,0
TXN002188,43.53,19,4,737,0,0,0
TXN002189,37.91,13,1,97,1,0,0
TXN002190,90.04,16,3,429,1,0,0
TXN002191,14.04,15,4,320,0,0,0
TXN002192,80.87,19,5,143,2,0,0
TXN002193,305.11,10,2,808,0,1,0
TXN002194,17.14,14,2,695,1,0,0
TXN002195,64.15,8,4,187,1,0,0
TXN002196,31.1,16,6,243,0,2,0
TXN002197,78.41,17,3,224,0,0,0
TXN002198,55.49,4,7,512,0,0,0
TXN002199,31.65,16,4,520,0,0,0
TXN002200,82.66,12,1,477,0,0,0
TXN002201,253.08,8,2,196,1,1,0
TXN002202,46.42,12,5,481,1,0,0
TXN002203,100.66,9,4,763,1,0,0
TXN002204,18.19,12,2,668,0,1,0
TXN002205,24.22,12,3,676,0,0,0
TXN002206,81.58,17,2,268,0,0,0
TXN002207,192.77,18,3,415,0,3,1
TXN002208,73.87,15,4,769,1,1,0
TXN002209,41.84,1,0,867,0,0,0
TXN002210,54.57,21,4,797,1,0,0
TXN002211,18.86,16,1,91,0,0,0
TXN002212,91.27,3,2,408,0,0,0
TXN002213,115.58,19,6,544,0,0,0
TXN002214,37.18,9,3,1847,0,0,0
TXN002215,36.62,15,3,133,0,2,0
TXN002216,68.44,13,5,225,0,0,0
TXN002217,37.67,12,1,410,0,0,0
TXN002218,51.61,20,2,116,0,0,0
TXN002219,325.31,13,1,199,1,0,1
TXN002220,44.26,6,2,327,0,0,0
TXN002221,40.26,21,2,227,0,1,0
TXN002222,31.49,21,4,941,1,1,0
TXN002223,102.78,16,2,186,0,1,0
TXN002224,46.8,13,9,723,0,0,1
TXN002225,31.44,7,2,122,0,0,0
TXN002226,167.86,18,4,104,0,0,1
TXN002227,182.48,6,3,576,0,0,0
TXN002228,32.77,6,4,316,0,0,0
TXN002229,11.17,14,9,5,1,0,1
TXN002230,128.56,9,2,301,1,1,0
TXN002231,30.51,0,3,754,0,0,0
TXN002232,106.91,12,3,433,1,0,0
TXN002233,10.23,8,8,745,0,1,1
TXN002234,116.6,9,4,562,4,0,1
TXN002235,19.5,7,4,289,0,0,0
TXN002236,101.61,9,0,585,0,2,0
TXN002237,55.26,17,0,672,0,0,0
TXN002238,24.27,18,4,134,0,1,1
TXN002239,38.63,13,3,486,0,0,0
TXN002240,97.84,13,1,363,0,0,0
TXN002241,59.74,2,6,393,0,1,0
TXN002242,89.73,6,1,416,0,0,0
TXN002243,292.94,10,0,640,0,0,0
TXN002244,14.45,14,2,407,1,0,1
TXN002245,215.86,17,1,455,0,1,0
TXN002246,59.66,15,7,136,0,0,0
TXN002247,25.43,12,3,442,0,1,0
TXN002248,17.62,8,2,274,0,0,0
TXN002249,46.49,18,7,828,0,1,0
TXN002250,119.51,12,3,393,0,0,0
TXN002251,48.99,17,1,626,0,0,0
TXN002252,197.25,14,2,278,0,0,0
TXN002253,15.9,17,3,730,0,1,1
TXN002254,54.04,20,1,791,0,0,0
TXN002255,18.83,21,1,329,0,0,0
TXN002256,74.37,14,2,328,0,0,0
TXN002257,116.03,14,3,429,0,0,0
TXN002258,38.18,10,3,718,2,0,0
TXN002259,5.97,21,6,442,1,1,0
TXN002260,64.66,13,9,902,0,0,1
TXN002261,79.14,8,1,213,1,1,0
TXN002262,76.99,12,3,458,0,1,0
TXN002263,156.09,8,1,443,0,0,0
TXN002264,21.97,13,1,122,2,0,0
TXN002265,97.34,14,3,261,0,0,0
TXN002266,150.45,11,1,750,0,1,0
TXN002267,12.04,6,4,45,2,1,0
TXN002268,71.64,21,4,135,1,0,0
TXN002269,35.57,18,4,271,0,0,0
TXN002270,50.94,19,2,174,1,1,0
TXN002271,73.37,12,1,769,0,1,0
TXN002272,36.08,18,2,1522,0,0,0
TXN002273,30.74,13,2,170,0,1,0
TXN002274,56.21,9,5,760,0,0,0
TXN002275,21.67,8,3,181,1,1,0
TXN002276,21.69,11,2,58,0,0,0
TXN002277,97.27,8,6,325,0,1,0
TXN002278,20.56,23,4,74,1,0,0
TXN002279,96.19,5,5,790,1,0,0
TXN002280,80.9,13,2,694,0,0,0
TXN002281,12.59,13,1,499,0,0,0
TXN002282,30.69,11,4,130,0,1,0
TXN002283,150.66,14,4,659,0,1,0
TXN002284,23.71,8,4,1419,0,0,0
TXN002285,36.79,18,2,620,0,0,0
TXN002286,80.86,11,4,131,0,0,0
TXN002287,106.26,15,0,227,0,0,0
TXN002288,44.09,17,5,280,0,0,0
TXN002289,32.86,20,3,256,0,0,0
TXN002290,182.91,19,1,176,0,1,0
TXN002291,239.38,15,4,453,0,3,1
TXN002292,125.47,12,4,644,0,0,0
TXN002293,58.7,13,2,281,0,1,0
TXN002294,27.47,18,3,109,0,1,0
TXN002295,26.95,20,3,650,0,1,0
TXN002296,85.13,7,2,26,1,0,0
TXN002297,77.92,12,2,250,2,0,0
TXN002298,179.71,18,4,367,0,2,0
TXN002299,94.91,12,2,361,2,1,0
TXN002300,15.22,11,4,239,2,0,0
TXN002301,133.51,12,0,275,0,0,0
TXN002302,23.37,15,3,173,0,0,0
TXN002303,39.39,23,3,94,0,1,0
TXN002304,67.54,13,2,313,0,1,0
TXN002305,297.77,9,2,283,0,0,0
TXN002306,767.72,9,4,648,0,3,1
TXN002307,91.44,4,4,147,0,0,0
TXN002308,46.73,14,1,472,0,1,0
TXN002309,86.0,14,2,359,1,0,0
TXN002310,116.11,9,3,183,0,0,0
TXN002311,41.57,16,0,366,0,0,0
TXN002312,251.12,17,1,328,1,0,0
TXN002313,66.39,10,7,343,1,1,0
TXN002314,83.35,11,3,318,0,1,0
TXN002315,96.16,23,2,306,0,1,1
TXN002316,78.13,12,8,299,0,0,1
TXN002317,111.4,18,3,407,0,0,0
TXN002318,32.31,13,1,198,0,0,0
TXN002319,33.97,18,4,308,0,1,0
TXN002320,21.43,18,3,583,0,0,0
TXN002321,79.33,16,2,249,1,1,0
TXN002322,105.86,19,10,572,0,2,1
TXN002323,80.57,21,5,229,1,1,0
TXN002324,226.63,15,1,893,0,2,0
TXN002325,54.34,10,5,164,0,0,0
TXN002326,96.39,12,3,489,0,0,0
TXN002327,21.59,17,4,97,0,0,0
TXN002328,39.29,16,2,486,0,0,0
TXN002329,98.61,9,2,221,0,0,0
TXN002330,112.36,5,7,537,0,0,0
TXN002331,42.53,16,4,536,0,0,0
TXN002332,51.37,10,5,488,1,0,0
TXN002333,15.03,13,3,379,1,0,0
TXN002334,40.31,17,4,246,3,0,1
TXN002335,116.38,14,1,440,1,0,0
TXN002336,89.03,7,3,817,1,0,0
TXN002337,83.56,9,4,149,2,0,0
TXN002338,56.96,9,7,178,1,0,0
TXN002339,54.93,10,5,178,1,0,0
TXN002340,31.15,14,7,89,0,0,0
TXN002341,98.89,13,3,513,0,0,1
TXN002342,78.09,9,5,187,0,0,0
TXN002343,82.95,6,1,572,1,0,0
TXN002344,34.91,9,4,225,0,0,0
TXN002345,8.76,23,3,234,1,0,1
TXN002346,138.74,13,3,674,0,0,0
TXN002347,36.34,19,0,167,0,1,0
TXN002348,26.22,19,3,145,0,0,0
TXN002349,98.44,14,1,1141,0,1,0
TXN002350,39.13,17,2,276,0,1,0
TXN002351,134.42,9,3,234,0,2,0
TXN002352,92.25,16,1,347,0,0,0
TXN002353,97.62,10,4,115,0,1,0
TXN002354,17.1,19,4,107,0,3,1
TXN002355,152.96,7,3,654,0,0,0
TXN002356,68.17,18,3,143,0,0,0
TXN002357,39.89,7,4,409,1,1,0
TXN002358,61.68,20,2,464,1,0,0
TXN002359,12.06,11,1,226,0,1,0
TXN002360,77.27,16,1,22,0,0,0
TXN002361,22.76,13,2,330,0,1,0
TXN002362,17.29,12,2,194,0,0,0
TXN002363,14.97,16,4,999,0,2,0
TXN002364,140.58,21,6,189,1,0,0
TXN002365,31.98,4,2,461,0,2,0
TXN002366,201.07,21,5,107,1,0,0
TXN002367,34.62,15,0,437,0,0,0
TXN002368,12.79,18,2,336,0,1,1
TXN002369,21.14,12,5,679,1,1,0
TXN002370,156.09,13,4,315,1,0,0
TXN002371,47.82,19,2,112,0,1,0
TXN002372,34.26,12,2,179,0,1,1
TXN002373,62.55,14,4,1056,0,0,0
TXN002374,83.64,1,0,243,0,0,1
TXN002375,141.15,9,3,15,2,0,0
TXN002376,187.02,16,6,271,0,0,0
TXN002377,40.21,17,2,228,0,0,0
TXN002378,17.69,15,3,138,1,2,0
TXN002379,38.42,8,1,244,0,0,0
TXN002380,68.12,13,0,592,1,0,0
TXN002381,24.07,11,3,290,0,0,0
TXN002382,24.2,13,3,114,1,0,0
TXN002383,73.13,19,5,181,0,0,0
TXN002384,52.39,18,3,505,0,0,0
TXN002385,56.14,7,4,403,0,0,0
TXN002386,28.65,20,3,342,0,1,0
TXN002387,44.89,13,4,496,0,1,0
TXN002388,24.89,17,4,184,0,1,0
TXN002389,116.36,8,4,727,1,0,0
TXN002390,131.63,16,4,926,1,1,0
TXN002391,11.37,10,2,306,0,1,0
TXN002392,24.78,13,2,865,0,0,0
TXN002393,15.3,1,4,494,0,1,0
TXN002394,31.42,8,0,218,0,1,0
TXN002395,50.86,7,6,74,1,2,0
TXN002396,15.92,10,5,366,0,0,0
TXN002397,24.94,7,3,176,0,0,0
TXN002398,23.26,16,2,511,0,0,0
TXN002399,65.12,2,4,207,1,1,1
TXN002400,57.91,15,3,235,0,0,0
TXN002401,29.56,8,5,548,1,2,0
TXN002402,63.45,21,2,252,1,0,0
TXN002403,34.31,21,3,61,0,2,0
TXN002404,43.34,10,5,392,0,1,0
TXN002405,226.43,15,3,929,0,0,0
TXN002406,170.61,2,6,198,0,0,0
TXN002407,18.09,21,2,265,0,1,0
TXN002408,110.53,14,4,437,0,1,0
TXN002409,108.82,4,3,350,0,0,1
TXN002410,20.57,11,5,679,0,1,0
TXN002411,109.5,7,2,782,0,0,0
TXN002412,201.79,12,1,430,0,0,0
TXN002413,21.03,16,2,304,1,2,0
TXN002414,25.03,13,2,251,0,1,0
TXN002415,129.67,12,5,303,0,0,0
TXN002416,68.77,8,1,751,1,0,0
TXN002417,87.25,10,6,153,0,0,0
TXN002418,72.93,7,3,726,0,1,0
TXN002419,76.1,18,4,256,1,0,0
TXN002420,17.68,8,7,866,0,0,0
TXN002421,132.98,15,4,122,0,4,1
TXN002422,147.55,11,2,740,1,0,0
TXN002423,44.93,10,4,328,0,0,0
TXN002424,52.62,15,4,990,0,0,1
TXN002425,14.86,13,8,147,0,0,1
TXN002426,84.53,12,5,665,0,0,0
TXN002427,88.79,15,2,442,1,1,0
TXN002428,51.79,13,1,489,0,1,0
TXN002429,141.98,11,6,326,0,0,0
TXN002430,41.1,14,3,347,0,0,0
TXN002431,88.23,16,1,251,1,0,0
TXN002432,22.95,2,3,36,1,0,0
TXN002433,53.52,13,1,336,0,0,0
TXN002434,47.08,6,4,550,0,0,0
TXN002435,66.12,9,3,826,0,0,0
TXN002436,39.88,14,2,257,0,1,0
TXN002437,48.83,19,4,60,1,1,0
TXN002438,110.18,20,5,42,0,2,0
TXN002439,37.67,6,3,309,0,0,0
TXN002440,13.94,12,2,241,0,0,0
TXN002441,241.57,15,6,62,0,0,0
TXN002442,176.66,8,0,841,0,1,1
TXN002443,18.2,18,2,400,0,0,0
TXN002444,98.13,17,6,183,0,0,0
TXN002445,35.6,20,3,172,0,0,0
TXN002446,68.3,0,4,523,1,0,1
TXN002447,70.11,9,1,973,0,0,0
TXN002448,44.73,19,5,680,1,0,0
TXN002449,28.04,16,1,671,0,0,0
TXN002450,30.36,20,2,302,0,1,0
TXN002451,25.06,5,5,29,2,0,1
TXN002452,26.92,15,3,208,0,1,0
TXN002453,51.57,14,4,903,0,0,0
TXN002454,29.71,3,5,222,0,0,0
TXN002455,97.49,14,3,151,0,0,0
TXN002456,193.28,15,5,184,0,1,0
TXN002457,33.35,9,1,305,0,0,0
TXN002458,66.92,10,1,272,0,0,0
TXN002459,83.49,16,2,99,0,0,0
TXN002460,81.55,13,4,463,0,0,0
TXN002461,58.24,19,5,349,0,0,0
TXN002462,102.65,11,8,257,0,1,1
TXN002463,82.26,10,4,375,1,1,0
TXN002464,19.07,23,4,764,1,0,1
TXN002465,114.29,20,5,287,0,0,0
TXN002466,116.07,2,2,501,0,1,0
TXN002467,28.54,18,11,216,0,0,1
TXN002468,56.39,8,3,161,1,0,0
TXN002469,97.6,2,4,425,0,0,0
TXN002470,45.7,10,1,65,0,1,0
TXN002471,135.92,10,5,194,0,1,0
TXN002472,407.19,19,2,277,1,1,0
TXN002473,27.99,17,3,234,0,0,0
TXN002474,16.88,22,2,678,1,0,0
TXN002475,70.69,17,3,246,1,0,0
TXN002476,100.82,12,4,780,0,0,0
TXN002477,44.87,16,2,318,0,0,0
TXN002478,187.78,23,6,87,0,0,0
TXN002479,17.5,17,3,287,0,0,0
TXN002480,98.39,18,3,143,1,0,0
TXN002481,32.62,21,5,27,0,1,1
TXN002482,235.44,8,6,475,0,1,0
TXN002483,296.97,17,1,43,1,0,0
TXN002484,28.46,19,3,38,1,0,0
TXN002485,34.22,21,5,1205,0,0,0
TXN002486,113.37,9,3,642,0,0,0
TXN002487,39.29,13,3,180,1,1,0
TXN002488,52.53,16,3,198,0,0,0
TXN002489,55.79,10,5,387,1,0,0
TXN002490,10.68,15,3,211,0,1,0
TXN002491,53.96,10,2,131,0,1,0
TXN002492,30.38,11,2,112,1,0,1
TXN002493,35.9,13,4,300,0,0,0
TXN002494,186.25,14,1,93,1,0,0
TXN002495,18.76,13,6,854,0,1,0
TXN002496,108.99,13,1,385,1,1,0
TXN002497,43.07,11,0,893,0,0,0
TXN002498,43.04,9,4,643,1,0,0
TXN002499,106.89,4,2,425,1,0,0
TXN002500,72.9,9,3,58,0,0,0
TXN002501,88.68,15,1,132,1,1,0
TXN002502,124.33,18,3,502,0,0,0
TXN002503,41.2,9,3,374,1,0,0
TXN002504,32.45,8,3,361,0,0,0
TXN002505,21.71,17,3,316,0,0,0
TXN002506,27.07,11,6,74,0,0,0
TXN002507,669.63,21,0,406,0,0,0
TXN002508,157.27,17,3,293,0,2,0
TXN002509,17.32,11,6,242,0,0,0
TXN002510,17.74,10,1,614,0,0,0
TXN002511,82.24,14,3,289,0,0,0
TXN002512,86.94,7,1,312,1,1,0
TXN002513,87.06,8,3,1290,0,2,0
TXN002514,43.96,9,4,210,1,0,0
TXN002515,49.08,18,4,330,1,0,0
TXN002516,72.15,14,3,505,1,0,0
TXN002517,58.73,0,3,425,0,1,0
TXN002518,8.28,16,3,217,0,0,0
TXN002519,44.91,12,1,189,0,1,0
TXN002520,26.48,14,2,232,0,0,0
TXN002521,63.37,9,5,232,0,0,0
TXN002522,690.54,14,2,588,1,0,0
TXN002523,74.62,22,4,533,1,0,1
TXN002524,41.83,6,0,156,0,1,0
TXN002525,119.53,10,3,492,0,1,0
TXN002526,82.29,10,2,176,0,0,0
TXN002527,78.03,10,5,488,2,0,0
TXN002528,91.45,12,6,997,0,1,0
TXN002529,313.58,19,4,248,0,0,0
TXN002530,20.88,20,0,238,0,0,0
TXN002531,81.66,9,5,868,2,1,0
TXN002532,24.84,14,2,217,0,2,0
TXN002533,87.55,15,4,489,0,0,0
TXN002534,25.01,14,4,419,2,0,0
TXN002535,38.29,12,1,449,0,0,0
TXN002536,42.49,9,5,215,0,0,0
TXN002537,125.14,13,2,240,3,0,1
TXN002538,119.19,12,6,434,0,0,0
TXN002539,18.94,18,4,213,0,0,0
TXN002540,57.21,18,3,463,0,2,0
TXN002541,29.87,8,1,407,0,0,0
TXN002542,18.73,7,8,339,0,2,1
TXN002543,45.4,20,3,401,1,0,0
TXN002544,42.01,14,3,276,0,0,0
TXN002545,429.54,19,6,273,0,0,0
TXN002546,78.89,6,1,151,1,1,0
TXN002547,16.93,14,3,269,0,2,0
TXN002548,33.78,14,5,92,0,0,0
TXN002549,130.08,19,3,879,0,1,0
TXN002550,322.2,7,3,246,0,0,0
TXN002551,14.18,10,1,185,0,1,0
TXN002552,11.05,12,4,164,0,1,0
TXN002553,267.82,19,4,241,0,0,0
TXN002554,76.03,21,5,882,0,0,0
TXN002555,26.1,23,2,746,0,0,1
TXN002556,86.01,22,2,78,0,0,0
TXN002557,5.81,0,2,486,1,0,0
TXN002558,54.76,4,3,223,0,0,0
TXN002559,72.14,8,3,1337,0,0,0
TXN002560,119.78,11,2,679,0,2,0
TXN002561,23.06,19,3,145,0,0,0
TXN002562,58.72,20,1,168,0,1,0
TXN002563,24.86,9,5,876,0,1,0
TXN002564,67.83,15,2,538,2,0,0
TXN002565,25.51,20,4,467,0,1,0
TXN002566,38.59,13,5,111,2,1,0
TXN002567,23.42,7,1,156,0,1,0
TXN002568,94.96,13,3,206,0,0,0
TXN002569,113.26,12,4,512,0,0,0
TXN002570,44.73,15,3,212,0,0,0
TXN002571,56.4,13,3,94,0,1,0
TXN002572,15.94,1,3,512,0,0,0
TXN002573,42.32,23,3,220,2,0,0
TXN002574,52.32,14,6,94,0,0,0
TXN002575,506.58,13,1,610,1,2,0
TXN002576,21.22,22,5,342,1,0,0
TXN002577,189.53,8,5,161,2,2,0
TXN002578,127.4,9,5,424,0,0,0
TXN002579,69.31,18,7,148,0,1,0
TXN002580,243.43,10,3,199,0,0,0
TXN002581,74.91,18,6,183,1,0,0
TXN002582,76.0,10,2,332,0,0,0
TXN002583,52.19,2,2,508,1,0,1
TXN002584,154.48,14,1,282,0,0,0
TXN002585,138.66,9,4,544,0,2,0
TXN002586,32.08,17,1,147,0,0,0
TXN002587,17.79,16,5,475,0,1,0
TXN002588,45.95,21,0,629,1,3,1
TXN002589,27.66,18,3,601,0,0,0
TXN002590,51.73,9,2,124,0,1,0
TXN002591,156.31,18,0,1397,2,1,0
TXN002592,37.01,16,2,249,1,1,0
TXN002593,52.65,16,3,310,0,1,0
TXN002594,57.36,19,0,58,0,0,0
TXN002595,112.3,14,2,629,0,0,0
TXN002596,8.09,13,3,409,1,3,1
TXN002597,32.6,15,1,564,0,0,0
TXN002598,65.34,11,6,635,1,0,0
TXN002599,151.42,9,3,167,1,0,0
TXN002600,35.94,15,1,635,0,3,1
TXN002601,11.08,10,3,473,0,0,0
TXN002602,92.46,7,4,681,0,1,0
TXN002603,31.82,0,6,682,0,0,0
TXN002604,19.86,15,5,74,0,2,0
TXN002605,32.11,11,1,413,0,1,0
TXN002606,46.67,17,3,422,0,1,0
TXN002607,32.65,12,1,234,0,0,0
TXN002608,8.38,13,4,419,1,0,0
TXN002609,117.04,12,2,155,0,0,0
TXN002610,161.36,16,3,374,0,2,0
TXN002611,94.99,11,4,99,1,0,0
TXN002612,20.76,22,7,573,0,0,0
TXN002613,46.0,21,3,244,0,1,0
TXN002614,54.3,19,3,466,0,1,0
TXN002615,90.83,21,3,493,1,0,0
TXN002616,96.36,13,3,584,0,0,0
TXN002617,29.25,14,5,380,0,1,0
TXN002618,58.54,17,2,509,1,0,0
TXN002619,80.53,16,1,249,0,1,0
TXN002620,188.19,20,3,1165,0,0,0
TXN002621,99.37,17,5,177,1,0,0
TXN002622,106.77,23,4,243,1,2,0
TXN002623,58.63,11,3,1125,1,0,0
TXN002624,181.07,19,4,358,0,1,0
TXN002625,77.35,16,2,667,0,2,0
TXN002626,26.26,16,0,398,0,1,0
TXN002627,179.98,11,3,307,0,1,0
TXN002628,98.81,18,1,277,0,0,0
TXN002629,37.47,20,1,894,1,0,0
TXN002630,36.32,9,3,285,0,2,0
TXN002631,70.25,15,3,497,1,0,0
TXN002632,80.94,12,3,560,0,1,0
TXN002633,64.57,23,6,762,1,1,1
TXN002634,71.14,13,2,712,0,0,0
TXN002635,231.59,10,5,404,1,0,0
TXN002636,135.75,12,6,42,1,1,0
TXN002637,64.2,16,4,124,1,1,0
TXN002638,121.52,7,3,251,0,1,0
TXN002639,22.7,15,3,440,1,1,0
TXN002640,76.57,21,2,98,0,0,0
TXN002641,254.15,19,4,243,1,1,0
TXN002642,45.36,6,7,494,0,0,0
TXN002643,26.56,23,4,287,0,0,0
TXN002644,31.37,16,1,528,0,1,0
TXN002645,21.62,9,2,294,1,1,0
TXN002646,28.02,0,6,1004,0,2,0
TXN002647,39.85,9,2,361,0,0,0
TXN002648,16.53,19,3,96,0,0,0
TXN002649,55.33,1,3,174,2,0,0
TXN002650,117.56,10,3,295,1,1,0
TXN002651,25.24,17,2,397,1,0,0
TXN002652,198.62,15,1,217,1,0,0
TXN002653,84.28,18,5,93,0,1,0
TXN002654,131.1,17,0,727,1,0,0
TXN002655,31.21,5,3,445,0,0,0
TXN002656,112.88,20,5,598,0,1,0
TXN002657,21.58,10,3,271,1,1,0
TXN002658,116.36,14,5,183,0,0,0
TXN002659,63.18,16,3,176,0,0,0
TXN002660,87.38,9,1,376,0,0,0
TXN002661,20.1,22,2,297,0,0,0
TXN002662,25.51,13,4,326,0,2,0
TXN002663,90.71,6,2,93,0,0,0
TXN002664,24.38,21,5,328,0,0,0
TXN002665,80.94,15,2,432,0,0,0
TXN002666,17.08,16,4,1269,0,0,0
TXN002667,112.27,14,2,317,2,0,0
TXN002668,19.15,19,1,378,1,1,0
TXN002669,87.31,2,3,77,1,1,0
TXN002670,92.92,10,3,20,1,2,0
TXN002671,30.2,13,4,456,0,0,0
TXN002672,89.54,7,7,454,0,1,0
TXN002673,68.13,17,1,74,0,0,0
TXN002674,34.54,12,5,1075,1,0,0
TXN002675,23.17,10,1,409,0,0,0
TXN002676,10.3,0,3,866,2,1,1
TXN002677,73.49,17,3,372,0,0,0
TXN002678,14.44,19,1,46,0,0,0
TXN002679,59.21,12,0,412,1,0,0
TXN002680,43.64,14,3,178,0,1,0
TXN002681,97.25,10,0,228,0,2,0
TXN002682,42.24,15,3,183,2,0,0
TXN002683,41.26,0,1,104,0,2,1
TXN002684,101.71,13,6,490,0,0,0
TXN002685,72.59,16,2,578,0,0,0
TXN002686,71.43,21,3,295,1,1,0
TXN002687,81.36,12,3,275,0,1,0
TXN002688,14.8,18,0,387,1,0,0
TXN002689,103.88,15,3,953,1,0,0
TXN002690,91.89,21,3,267,0,0,0
TXN002691,23.01,12,2,361,0,0,0
TXN002692,44.37,11,3,124,0,0,0
TXN002693,52.8,20,1,76,0,0,0
TXN002694,48.7,5,3,195,0,0,0
TXN002695,72.51,8,3,981,0,1,0
TXN002696,184.32,7,7,93,0,2,1
TXN002697,136.93,19,1,283,0,0,0
TXN002698,17.9,0,7,256,1,0,0
TXN002699,92.64,19,2,307,0,1,0
TXN002700,168.95,13,4,688,0,0,0
TXN002701,75.85,0,3,992,0,0,1
TXN002702,138.01,12,8,380,0,0,1
TXN002703,302.0,9,2,359,1,1,0
TXN002704,130.34,15,3,142,0,0,0
TXN002705,67.49,16,5,44,0,0,0
TXN002706,132.73,13,3,606,0,1,0
TXN002707,61.75,3,2,394,2,1,1
TXN002708,55.72,16,5,171,1,2,0
TXN002709,40.5,19,3,905,0,0,0
TXN002710,206.21,17,5,198,0,1,0
TXN002711,27.23,19,1,860,2,2,0
TXN002712,200.84,9,2,456,1,0,0
TXN002713,83.5,20,1,221,0,0,0
TXN002714,16.62,11,3,108,1,1,0
TXN002715,74.63,0,3,343,0,1,0
TXN002716,9.16,19,3,58,0,0,0
TXN002717,92.91,21,3,384,0,1,0
TXN002718,115.87,16,6,558,0,0,0
TXN002719,33.0,10,6,84,0,0,0
TXN002720,60.64,10,4,318,0,2,0
TXN002721,287.45,13,1,228,1,1,0
TXN002722,35.52,20,2,828,2,0,0
TXN002723,22.2,8,7,190,0,0,0
TXN002724,192.37,19,3,354,1,0,0
TXN002725,289.51,11,4,25,0,0,0
TXN002726,54.77,18,2,87,0,0,0
TXN002727,128.99,21,2,424,1,1,0
TXN002728,170.76,12,2,577,0,1,1
TXN002729,29.05,12,8,228,0,0,1
TXN002730,36.14,18,8,97,1,1,1
TXN002731,155.44,14,5,364,1,1,0
TXN002732,228.67,16,4,214,0,1,0
TXN002733,88.1,15,6,776,0,2,0
TXN002734,25.85,8,2,342,0,0,0
TXN002735,295.6,19,5,602,0,2,0
TXN002736,34.77,9,3,670,1,0,0
TXN002737,41.06,21,4,148,0,0,0
TXN002738,73.04,10,5,185,1,1,0
TXN002739,204.6,17,4,86,0,0,0
TXN002740,112.83,10,6,66,1,1,1
TXN002741,77.68,11,3,376,0,1,1
TXN002742,80.95,11,4,483,0,1,0
TXN002743,56.66,17,4,859,1,0,0
TXN002744,87.74,14,3,481,0,1,0
TXN002745,6.36,20,2,195,0,0,0
TXN002746,42.43,11,4,368,0,1,0
TXN002747,67.03,16,1,515,0,0,0
TXN002748,20.52,17,1,254,0,0,0
TXN002749,75.82,8,3,130,1,0,0
TXN002750,45.89,12,5,69,2,1,0
TXN002751,242.78,13,3,101,0,1,0
TXN002752,207.9,11,2,254,0,0,0
TXN002753,36.75,11,5,346,0,0,0
TXN002754,48.03,16,2,143,0,0,0
TXN002755,51.27,9,3,317,1,1,0
TXN002756,37.19,17,2,95,1,0,1
TXN002757,64.44,21,3,672,0,0,0
TXN002758,28.66,14,1,194,0,0,0
TXN002759,20.88,15,5,243,0,0,0
TXN002760,92.69,6,5,730,0,1,0
TXN002761,93.23,19,1,174,1,1,0
TXN002762,27.56,10,4,402,1,0,0
TXN002763,116.87,15,5,451,0,0,0
TXN002764,31.92,22,3,407,0,0,0
TXN002765,67.71,15,1,309,2,0,0
TXN002766,109.65,17,5,323,0,1,0
TXN002767,53.06,13,5,920,0,0,0
TXN002768,80.36,6,4,48,0,0,0
TXN002769,35.2,18,3,33,0,2,0
TXN002770,46.2,3,3,634,0,0,1
TXN002771,45.83,17,3,485,2,1,0
TXN002772,28.95,1,4,375,0,1,0
TXN002773,46.98,19,4,323,0,0,0
TXN002774,14.64,9,2,194,0,0,0
TXN002775,35.96,14,3,608,0,0,0
TXN002776,42.86,15,3,355,1,2,0
TXN002777,43.91,13,2,177,0,0,0
TXN002778,44.47,11,2,446,2,0,0
TXN002779,51.81,13,2,286,0,0,0
TXN002780,82.07,11,4,222,0,0,0
TXN002781,114.82,13,3,213,0,1,0
TXN002782,31.43,11,1,1522,0,0,0
TXN002783,19.63,14,5,82,0,0,0
TXN002784,22.52,10,4,433,0,0,0
TXN002785,36.09,23,5,261,0,2,0
TXN002786,40.48,13,3,452,0,0,0
TXN002787,28.37,9,4,1556,0,1,0
TXN002788,18.14,13,1,888,0,2,0
TXN002789,37.05,19,2,371,0,0,0
TXN002790,63.7,1,3,996,0,0,1
TXN002791,90.54,16,1,572,0,0,0
TXN002792,33.99,14,2,532,0,1,0
TXN002793,38.43,9,7,318,1,0,0
TXN002794,24.84,18,2,713,0,1,0
TXN002795,53.16,12,3,488,0,0,0
TXN002796,26.54,11,3,235,0,0,0
TXN002797,88.87,19,4,600,2,0,0
TXN002798,11.97,15,3,264,0,0,0
TXN002799,40.22,20,3,114,1,1,0
TXN002800,70.52,15,5,124,0,1,0
TXN002801,63.83,17,1,474,0,0,0
TXN002802,538.66,19,3,579,0,0,0
TXN002803,73.5,5,1,253,1,0,0
TXN002804,23.26,18,4,170,0,0,0
TXN002805,50.34,15,1,253,0,1,0
TXN002806,12.06,6,2,82,4,0,1
TXN002807,50.98,14,1,605,0,0,0
TXN002808,26.89,7,3,202,0,0,0
TXN002809,118.88,17,2,396,0,1,0
TXN002810,34.22,14,1,418,2,1,0
TXN002811,49.44,21,4,430,0,1,0
TXN002812,31.81,9,4,719,0,0,0
TXN002813,239.37,15,1,503,0,0,0
TXN002814,41.55,9,0,370,0,0,0
TXN002815,259.22,15,1,372,0,1,0
TXN002816,109.07,17,3,83,0,0,0
TXN002817,82.25,17,1,431,1,0,0
TXN002818,74.7,18,4,438,0,0,0
TXN002819,76.3,19,3,358,0,0,0
TXN002820,10.61,7,3,424,1,1,0
TXN002821,43.08,11,3,738,0,0,0
TXN002822,111.99,16,2,841,0,0,0
TXN002823,52.38,13,3,628,0,0,0
TXN002824,16.54,9,3,493,0,1,0
TXN002825,52.22,14,2,569,0,1,0
TXN002826,232.41,12,7,1063,1,1,0
TXN002827,157.57,12,3,591,1,1,0
TXN002828,51.8,18,1,204,1,1,0
TXN002829,122.58,12,4,194,2,0,0
TXN002830,39.98,2,3,294,0,0,0
TXN002831,12.83,6,5,529,1,0,0
TXN002832,24.88,19,5,252,0,0,0
TXN002833,206.12,22,1,197,0,1,0
TXN002834,43.25,16,2,531,2,1,0
TXN002835,44.39,12,4,152,0,0,0
TXN002836,42.31,21,2,185,1,1,0
TXN002837,275.48,16,3,266,3,1,1
TXN002838,217.47,19,4,77,0,0,0
TXN002839,359.95,18,2,43,0,1,0
TXN002840,47.69,12,8,228,0,0,1
TXN002841,70.2,13,3,943,0,1,0
TXN002842,15.04,9,5,83,2,0,0
TXN002843,191.6,11,3,361,0,0,0
TXN002844,20.23,18,4,808,1,0,1
TXN002845,65.64,20,3,13,1,2,0
TXN002846,21.48,17,2,263,2,1,0
TXN002847,33.1,13,2,415,0,1,0
TXN002848,26.8,7,4,1009,0,0,0
TXN002849,32.57,5,4,301,0,1,0
TXN002850,34.53,12,0,546,0,1,0
TXN002851,34.26,13,0,91,1,0,0
TXN002852,110.87,15,4,347,0,0,0
TXN002853,21.35,0,5,699,1,2,0
TXN002854,65.86,23,4,364,1,2,0
TXN002855,153.74,12,4,152,0,0,0
TXN002856,35.3,19,6,26,0,0,1
TXN002857,29.66,14,2,58,0,1,0
TXN002858,44.88,8,3,157,1,0,0
TXN002859,148.82,18,2,109,0,2,0
TXN002860,64.39,17,1,463,1,1,0
TXN002861,34.76,14,9,209,1,0,1
TXN002862,82.38,14,1,325,1,0,0
TXN002863,21.39,7,2,110,0,4,1
TXN002864,97.43,16,5,691,0,0,0
TXN002865,77.27,20,5,566,0,1,0
TXN002866,42.03,7,6,82,0,2,0
TXN002867,26.77,10,1,545,1,1,0
TXN002868,25.7,20,3,373,0,0,0
TXN002869,86.02,10,7,358,0,1,0
TXN002870,155.19,16,7,349,0,0,0
TXN002871,31.76,14,2,107,0,2,0
TXN002872,80.61,15,2,533,0,2,0
TXN002873,9.26,12,3,976,0,0,0
TXN002874,33.22,11,4,227,1,0,0
TXN002875,53.18,5,2,319,0,2,0
TXN002876,25.2,17,5,101,0,1,0
TXN002877,24.63,17,1,727,0,0,0
TXN002878,30.95,16,0,143,0,1,0
TXN002879,69.99,16,4,413,0,0,0
TXN002880,46.56,10,1,497,1,1,0
TXN002881,8.15,1,2,240,1,1,1
TXN002882,9.0,18,2,450,1,0,0
TXN002883,32.6,13,2,45,0,0,0
TXN002884,80.56,11,2,374,1,1,0
TXN002885,5.28,7,3,382,0,0,0
TXN002886,35.7,6,3,699,0,0,0
TXN002887,34.91,11,3,114,0,0,0
TXN002888,177.7,18,2,310,0,1,0
TXN002889,39.36,21,4,564,0,0,0
TXN002890,75.61,20,1,149,1,0,0
TXN002891,61.56,21,3,313,0,1,0
TXN002892,8.93,20,3,167,0,0,0
TXN002893,104.9,14,3,64,0,0,0
TXN002894,65.57,9,2,113,0,0,0
TXN002895,84.1,18,5,314,0,1,0
TXN002896,1536.56,9,0,858,0,0,0
TXN002897,9.29,10,2,1067,1,1,0
TXN002898,236.51,10,4,527,1,2,0
TXN002899,42.76,14,4,179,2,0,0
TXN002900,69.7,11,2,63,0,1,0
TXN002901,52.53,8,7,112,0,0,0
TXN002902,38.07,13,2,532,0,1,0
TXN002903,33.64,20,1,396,0,0,0
TXN002904,72.25,14,0,329,0,0,0
TXN002905,15.04,20,3,607,0,0,0
TXN002906,103.34,9,2,577,1,0,0
TXN002907,38.33,9,2,400,1,0,0
TXN002908,20.89,14,5,153,0,0,0
TXN002909,37.24,13,0,254,1,0,0
TXN002910,158.95,16,2,69,1,0,0
TXN002911,34.64,18,2,332,0,1,0
TXN002912,74.05,17,3,178,0,0,0
TXN002913,29.33,21,1,76,0,1,0
TXN002914,103.98,12,3,273,2,0,0
TXN002915,97.78,9,3,261,0,0,0
TXN002916,262.78,14,5,359,0,0,0
TXN002917,47.03,8,4,473,1,0,0
TXN002918,96.39,10,4,241,1,0,0
TXN002919,59.34,9,2,99,0,0,0
TXN002920,164.27,12,3,752,0,2,0
TXN002921,29.64,8,7,721,3,1,1
TXN002922,102.85,2,6,169,0,1,1
TXN002923,46.27,16,4,415,0,1,0
TXN002924,51.7,15,3,795,0,0,0
TXN002925,59.03,17,3,432,1,2,0
TXN002926,67.65,16,4,257,1,0,0
TXN002927,49.46,8,5,243,2,0,0
TXN002928,65.53,11,2,79,0,0,0
TXN002929,208.8,8,3,109,0,0,0
TXN002930,126.17,19,3,194,1,0,0
TXN002931,114.29,17,1,248,0,0,0
TXN002932,37.07,9,8,253,1,0,1
TXN002933,25.64,11,1,1333,1,0,0
TXN002934,122.98,22,5,253,0,1,0
TXN002935,114.97,15,5,236,1,0,0
TXN002936,190.9,18,5,240,1,1,0
TXN002937,32.68,10,2,133,0,0,0
TXN002938,44.92,9,4,520,1,0,0
TXN002939,13.55,18,5,412,0,0,0
TXN002940,39.11,16,2,260,0,0,0
TXN002941,127.37,16,4,87,1,0,0
TXN002942,36.73,14,5,669,0,1,0
TXN002943,94.1,14,7,908,0,1,0
TXN002944,46.44,17,3,310,0,1,0
TXN002945,71.91,10,2,33,0,0,0
TXN002946,20.58,11,4,229,0,1,0
TXN002947,58.7,19,1,188,0,0,0
TXN002948,5.0,11,2,515,1,0,0
TXN002949,46.58,14,11,610,0,1,1
TXN002950,13.65,17,5,208,0,2,0
TXN002951,152.18,23,3,124,1,1,0
TXN002952,105.72,12,2,173,1,0,0
TXN002953,81.18,12,2,508,0,1,0
TXN002954,198.91,19,3,405,0,0,0
TXN002955,24.37,18,2,356,1,0,0
TXN002956,241.11,17,5,583,0,0,0
TXN002957,120.59,13,2,581,1,0,0
TXN002958,44.65,11,5,628,0,0,0
TXN002959,143.35,15,3,358,0,0,0
TXN002960,21.32,20,2,372,1,2,0
TXN002961,27.09,20,4,409,0,0,0
TXN002962,32.55,8,3,357,0,0,0
TXN002963,34.83,12,4,137,1,0,1
TXN002964,22.24,13,3,806,1,0,0
TXN002965,154.41,22,2,153,0,0,0
TXN002966,43.81,16,5,288,0,2,0
TXN002967,73.67,12,2,220,0,1,0
TXN002968,33.62,2,1,193,0,0,1
TXN002969,11.62,14,4,826,0,0,0
TXN002970,68.69,7,2,1114,1,0,0
TXN002971,10.75,19,5,307,0,0,0
TXN002972,51.5,17,3,294,1,1,0
TXN002973,17.06,13,4,179,0,0,0
TXN002974,295.65,12,2,200,0,1,0
TXN002975,118.47,20,1,277,2,0,0
TXN002976,59.73,10,3,553,0,0,0
TXN002977,159.84,10,5,348,0,0,0
TXN002978,26.59,21,3,555,1,0,0
TXN002979,86.66,18,5,737,0,1,0
TXN002980,64.71,19,1,796,0,0,0
TXN002981,68.33,9,3,335,0,2,0
TXN002982,161.02,8,5,876,0,1,0
TXN002983,101.76,2,1,132,0,0,0
TXN002984,69.78,10,3,468,0,0,1
TXN002985,13.37,18,3,236,0,0,0
TXN002986,24.14,10,4,824,1,1,0
TXN002987,49.19,17,4,941,0,0,0
TXN002988,59.11,10,6,211,0,0,0
TXN002989,20.89,12,1,532,1,0,0
TXN002990,424.08,23,1,328,0,0,0
TXN002991,198.13,10,2,242,0,0,0
TXN002992,91.09,12,4,574,1,0,0
TXN002993,58.05,11,5,337,0,0,0
TXN002994,45.59,8,8,612,0,0,1
TXN002995,24.31,13,4,224,0,0,0
TXN002996,58.31,12,1,287,0,0,0
TXN002997,67.97,16,2,198,0,0,0
TXN002998,19.0,18,4,569,0,0,0
TXN002999,72.53,14,4,170,0,1,0
TXN003000,47.85,2,4,213,0,0,0
TXN003001,10.79,15,3,235,0,0,0
TXN003002,26.28,5,1,369,1,1,0
TXN003003,38.41,15,3,545,0,0,0
TXN003004,271.66,16,5,180,1,0,0
TXN003005,87.63,9,2,200,0,0,0
TXN003006,17.55,19,3,183,0,0,0
TXN003007,82.53,20,1,800,0,0,0
TXN003008,14.66,18,5,331,0,0,0
TXN003009,137.04,11,7,132,0,1,0
TXN003010,36.58,15,4,512,1,0,0
TXN003011,50.42,20,1,543,0,1,0
TXN003012,168.5,11,3,163,0,1,0
TXN003013,18.28,19,5,150,2,0,0
TXN003014,16.65,0,3,464,1,0,0
TXN003015,33.25,0,2,868,0,0,0
TXN003016,131.98,18,1,207,0,1,0
TXN003017,15.01,18,0,237,0,0,0
TXN003018,5.0,18,3,470,0,2,0
TXN003019,37.21,21,4,152,1,0,0
TXN003020,87.27,8,1,454,1,1,0
TXN003021,151.44,10,5,282,0,0,0
TXN003022,36.83,20,2,76,0,0,0
TXN003023,38.49,9,2,791,0,0,0
TXN003024,145.59,16,1,105,0,0,0
TXN003025,11.14,14,5,631,1,1,0
TXN003026,39.24,7,1,299,0,0,0
TXN003027,64.19,10,1,385,1,0,0
TXN003028,79.98,14,0,148,0,0,0
TXN003029,35.4,19,3,399,0,0,0
TXN003030,56.22,17,4,996,2,1,0
TXN003031,6.59,15,4,159,0,1,0
TXN003032,31.2,13,3,253,0,1,0
TXN003033,80.28,11,2,385,0,0,0
TXN003034,23.69,8,3,329,0,0,0
TXN003035,57.41,12,1,666,0,1,0
TXN003036,79.83,2,0,389,0,0,1
TXN003037,40.81,9,0,233,2,0,1
TXN003038,63.11,12,4,525,2,1,0
TXN003039,24.09,12,1,130,0,2,0
TXN003040,45.8,4,4,307,0,0,1
TXN003041,91.71,15,2,189,1,0,0
TXN003042,62.39,14,3,272,0,0,0
TXN003043,33.16,7,1,328,0,0,0
TXN003044,66.06,21,1,1014,0,0,0
TXN003045,100.23,7,1,250,1,0,0
TXN003046,9.56,19,3,392,1,0,0
TXN003047,146.23,0,2,153,0,0,1
TXN003048,41.03,20,4,198,0,0,0
TXN003049,78.39,1,4,334,0,0,1
TXN003050,151.06,17,3,181,0,0,0
TXN003051,17.01,11,1,159,0,0,0
TXN003052,29.87,17,5,77,1,0,0
TXN003053,42.72,12,5,196,0,1,0
TXN003054,28.04,6,3,148,0,0,1
TXN003055,238.58,18,2,208,1,0,0
TXN003056,26.36,6,6,542,0,1,0
TXN003057,34.05,21,2,615,0,1,0
TXN003058,64.96,5,3,520,1,3,1
TXN003059,19.65,13,2,695,0,1,0
TXN003060,39.0,17,5,190,0,1,0
TXN003061,71.51,12,2,265,0,0,0
TXN003062,41.14,9,3,714,1,0,0
TXN003063,50.43,18,4,379,0,0,0
TXN003064,34.82,18,5,132,0,1,0
TXN003065,15.07,21,1,138,1,0,0
TXN003066,71.76,12,4,68,2,0,0
TXN003067,242.67,13,5,18,1,0,1
TXN003068,55.46,12,6,122,0,0,0
TXN003069,66.12,10,4,61,1,0,0
TXN003070,98.38,17,2,203,1,0,0
TXN003071,18.56,11,3,312,0,0,0
TXN003072,232.09,12,6,623,0,0,0
TXN003073,64.84,12,4,545,0,0,0
TXN003074,218.56,17,1,69,0,0,0
TXN003075,29.28,20,4,744,0,1,0
TXN003076,256.04,16,1,745,0,0,0
TXN003077,105.52,13,3,780,0,1,0
TXN003078,87.36,18,2,208,1,1,0
TXN003079,66.61,16,4,240,1,0,0
TXN003080,44.2,6,5,291,0,0,0
TXN003081,151.48,7,2,92,0,1,0
TXN003082,61.52,3,2,600,1,0,1
TXN003083,10.26,13,2,185,0,0,0
TXN003084,21.12,19,1,164,1,1,0
TXN003085,46.62,11,1,657,0,0,0
TXN003086,71.06,12,6,229,2,1,0
TXN003087,52.03,20,4,252,1,0,0
TXN003088,153.87,19,5,371,0,1,0
TXN003089,10.4,16,3,452,0,0,0
TXN003090,61.69,10,3,148,0,0,0
TXN003091,11.64,8,1,141,1,0,0
TXN003092,104.14,1,2,161,0,1,0
TXN003093,50.39,7,6,139,0,5,1
TXN003094,78.0,11,4,503,1,4,1
TXN003095,26.2,14,2,115,0,1,0
TXN003096,161.99,6,3,997,0,0,0
TXN003097,132.35,8,4,445,0,2,0
TXN003098,89.66,9,4,315,1,1,0
TXN003099,48.91,15,1,517,0,0,0
TXN003100,89.38,15,3,190,0,0,0
TXN003101,29.94,14,3,269,0,0,0
TXN003102,112.98,10,6,686,0,2,0
TXN003103,221.86,12,1,151,0,0,0
TXN003104,135.64,7,2,336,0,0,1
TXN003105,29.37,10,4,111,0,0,0
TXN003106,74.23,20,3,800,0,0,0
TXN003107,18.19,22,3,1430,0,0,0
TXN003108,88.81,16,3,265,0,0,0
TXN003109,80.08,20,2,366,0,0,0
TXN003110,11.14,16,5,444,1,0,0
TXN003111,20.34,2,3,414,0,1,0
TXN003112,42.92,23,2,1526,0,1,0
TXN003113,42.28,7,4,199,1,0,0
TXN003114,19.53,16,2,559,0,2,0
TXN003115,75.99,10,2,9,0,0,0
TXN003116,67.61,12,5,91,0,1,0
TXN003117,46.29,16,4,351,0,0,0
TXN003118,28.72,13,3,181,0,0,0
TXN003119,133.14,10,5,1101,0,0,0
TXN003120,222.98,11,3,64,0,2,0
TXN003121,36.2,11,2,282,1,0,0
TXN003122,32.45,22,4,192,0,0,0
TXN003123,82.89,18,4,142,1,0,0
TXN003124,40.27,13,2,417,0,0,0
TXN003125,48.5,9,3,352,1,0,0
TXN003126,102.38,18,4,546,0,1,1
TXN003127,10.77,8,3,169,1,1,0
TXN003128,167.43,9,3,205,1,0,0
TXN003129,58.08,12,5,197,1,0,0
TXN003130,38.48,20,2,566,0,0,0
TXN003131,50.61,8,2,398,1,1,0
TXN003132,52.88,8,2,371,0,0,0
TXN003133,12.53,13,3,593,0,0,0
TXN003134,194.55,10,4,121,1,0,0
TXN003135,56.55,14,3,100,0,0,0
TXN003136,79.56,13,3,584,1,1,0
TXN003137,122.59,12,0,333,0,1,0
TXN003138,22.92,8,3,445,0,0,0
TXN003139,81.65,8,5,562,0,1,0
TXN003140,43.49,19,5,626,0,0,0
TXN003141,112.14,20,3,694,1,0,0
TXN003142,8.95,10,5,756,1,0,0
TXN003143,50.19,8,5,480,0,0,0
TXN003144,32.71,5,3,152,0,1,0
TXN003145,78.84,15,3,195,1,0,0
TXN003146,81.41,17,4,125,0,1,0
TXN003147,29.92,12,3,618,0,1,0
TXN003148,29.8,16,3,415,1,0,0
TXN003149,49.7,17,1,196,0,0,0
TXN003150,25.48,21,1,345,0,1,0
TXN003151,111.69,6,3,175,0,0,0
TXN003152,39.89,9,4,264,0,0,0
TXN003153,5.0,6,6,554,1,0,0
TXN003154,39.7,19,3,343,0,1,0
TXN003155,22.58,18,2,143,1,0,0
TXN003156,13.65,14,2,339,0,0,0
TXN003157,19.07,7,6,1139,0,0,0
TXN003158,59.92,10,3,220,2,1,0
TXN003159,168.91,11,3,358,0,0,0
TXN003160,71.25,14,2,113,0,0,0
TXN003161,32.61,10,3,207,0,0,0
TXN003162,80.44,6,3,184,0,0,0
TXN003163,36.96,17,3,309,0,1,0
TXN003164,30.25,11,1,784,1,1,0
TXN003165,20.47,13,5,993,0,0,0
TXN003166,12.32,8,10,90,0,0,1
TXN003167,39.2,18,1,458,0,1,0
TXN003168,62.45,14,4,446,0,1,0
TXN003169,50.29,20,5,1001,0,1,0
TXN003170,38.34,13,6,487,1,0,0
TXN003171,24.44,21,5,249,1,1,0
TXN003172,91.56,20,2,294,0,0,0
TXN003173,17.82,14,3,550,0,2,0
TXN003174,105.6,21,2,643,1,0,1
TXN003175,23.29,11,4,283,0,0,0
TXN003176,28.8,12,1,363,1,1,0
TXN003177,15.69,4,1,62,1,0,0
TXN003178,35.65,15,0,7,0,0,0
TXN003179,125.09,17,4,656,1,0,0
TXN003180,84.63,18,4,111,0,0,0
TXN003181,125.42,8,2,184,0,0,0
TXN003182,85.1,13,2,392,2,0,0
TXN003183,21.37,9,1,244,0,1,0
TXN003184,41.22,16,1,103,0,1,0
TXN003185,28.13,9,3,152,0,0,0
TXN003186,169.18,20,1,950,0,1,0
TXN003187,19.74,10,4,1012,0,0,0
TXN003188,116.7,11,3,584,0,2,0
TXN003189,116.63,19,3,166,0,0,0
TXN003190,258.57,13,2,229,0,0,0
TXN003191,38.54,1,1,119,1,0,1
TXN003192,100.03,13,4,780,1,1,0
TXN003193,379.71,7,4,235,0,0,0
TXN003194,32.3,23,1,114,0,0,1
TXN003195,14.81,15,2,63,1,0,0
TXN003196,11.05,10,4,370,0,1,0
TXN003197,100.06,14,4,711,0,1,0
TXN003198,11.02,7,1,173,1,3,1
TXN003199,39.79,18,7,277,0,0,0
TXN003200,79.18,21,8,557,0,1,1
TXN003201,63.91,20,1,282,0,1,0
TXN003202,78.38,11,5,1070,0,0,0
TXN003203,65.95,11,6,64,2,0,0
TXN003204,161.91,3,5,105,0,0,0
TXN003205,24.3,16,4,175,1,0,0
TXN003206,30.71,14,2,395,0,1,0
TXN003207,28.31,13,4,390,0,0,0
TXN003208,110.57,20,3,436,1,2,0
TXN003209,117.37,9,4,782,2,0,0
TXN003210,80.12,0,4,355,0,0,1
TXN003211,149.3,6,1,813,0,1,0
TXN003212,20.06,10,2,59,1,0,0
TXN003213,225.23,2,6,463,1,0,0
TXN003214,199.29,13,7,533,1,0,0
TXN003215,102.03,11,3,182,1,1,0
TXN003216,248.27,9,2,254,1,1,0
TXN003217,13.35,17,3,587,1,0,0
TXN003218,34.96,9,2,311,0,0,0
TXN003219,29.22,16,3,544,0,0,0
TXN003220,100.81,11,2,206,0,0,0
TXN003221,22.36,14,0,501,1,1,0
TXN003222,103.95,21,2,430,0,1,0
TXN003223,175.03,3,4,247,0,0,1
TXN003224,98.59,13,1,353,0,1,0
TXN003225,69.49,19,4,497,0,0,0
TXN003226,23.58,15,4,593,0,1,0
TXN003227,26.58,10,3,445,0,0,0
TXN003228,157.93,12,5,242,0,0,0
TXN003229,105.89,16,5,122,0,0,0
TXN003230,52.82,20,5,554,0,0,0
TXN003231,38.27,4,2,175,0,0,0
TXN003232,9.76,6,4,106,0,0,0
TXN003233,21.97,11,4,240,0,0,0
TXN003234,277.19,10,3,187,0,0,0
TXN003235,18.39,10,3,1518,0,0,0
TXN003236,64.14,9,3,329,1,2,0
TXN003237,128.55,9,4,963,0,1,0
TXN003238,18.79,8,5,658,0,0,0
TXN003239,63.88,21,4,135,0,1,0
TXN003240,121.17,8,3,553,0,1,0
TXN003241,55.18,9,4,253,1,0,1
TXN003242,625.24,10,6,194,0,1,0
TXN003243,13.22,21,7,385,1,0,0
TXN003244,134.28,17,3,346,0,0,0
TXN003245,47.14,18,2,562,0,0,0
TXN003246,105.23,7,3,154,1,0,0
TXN003247,79.45,19,4,581,0,0,0
TXN003248,29.28,12,1,185,0,1,0
TXN003249,66.33,10,2,892,1,0,0
TXN003250,11.25,14,5,170,0,0,0
TXN003251,91.17,19,4,214,0,1,0
TXN003252,70.35,18,5,395,0,0,0
TXN003253,93.96,20,3,64,0,1,0
TXN003254,134.21,21,3,343,0,0,0
TXN003255,74.63,10,3,982,1,1,0
TXN003256,61.92,12,5,165,1,0,0
TXN003257,25.82,1,7,267,0,0,0
TXN003258,29.8,20,4,418,0,0,0
TXN003259,149.71,8,4,909,0,1,0
TXN003260,185.1,19,3,187,0,0,0
TXN003261,44.59,11,6,688,0,0,0
TXN003262,56.78,12,1,549,0,0,0
TXN003263,25.31,3,3,516,0,0,0
TXN003264,147.95,11,1,527,0,2,0
TXN003265,96.12,20,2,177,0,0,0
TXN003266,284.3,2,4,213,0,0,0
TXN003267,25.88,12,3,680,1,1,1
TXN003268,39.59,2,3,149,0,0,0
TXN003269,66.47,12,4,407,1,0,0
TXN003270,94.59,9,2,238,0,1,0
TXN003271,45.45,10,3,630,0,0,0
TXN003272,26.0,20,3,132,0,2,0
TXN003273,115.49,13,1,598,0,0,0
TXN003274,100.78,10,5,454,0,2,0
TXN003275,25.06,15,3,525,0,1,0
TXN003276,172.8,8,5,262,0,1,0
TXN003277,147.62,10,0,978,0,0,0
TXN003278,61.2,14,3,189,1,0,0
TXN003279,58.42,10,2,703,1,1,0
TXN003280,87.44,16,2,835,0,0,0
TXN003281,26.25,13,2,626,0,0,0
TXN003282,56.01,18,2,550,2,0,0
TXN003283,8.76,21,6,693,1,0,0
TXN003284,115.01,8,3,169,0,0,0
TXN003285,14.48,11,3,187,0,0,0
TXN003286,195.96,11,2,633,0,0,0
TXN003287,41.24,8,0,208,1,0,0
TXN003288,45.61,18,7,632,1,1,0
TXN003289,32.02,18,4,480,1,1,0
TXN003290,42.74,13,1,105,0,1,0
TXN003291,182.32,14,3,495,0,0,0
TXN003292,6.59,6,5,919,0,2,0
TXN003293,161.65,14,3,48,1,1,0
TXN003294,72.77,18,1,324,1,0,0
TXN003295,19.57,14,0,227,0,1,0
TXN003296,21.89,10,3,185,1,0,0
TXN003297,227.0,16,4,246,0,0,0
TXN003298,24.44,11,3,325,0,0,0
TXN003299,20.48,14,2,857,0,0,0
TXN003300,143.55,13,4,306,0,0,0
TXN003301,72.8,12,1,151,0,0,0
TXN003302,24.6,17,2,106,0,0,0
TXN003303,65.64,20,8,205,2,0,1
TXN003304,22.83,0,1,393,0,1,0
TXN003305,139.17,21,1,44,0,1,0
TXN003306,134.58,14,4,326,0,0,0
TXN003307,85.82,17,3,144,1,0,0
TXN003308,74.25,19,3,147,0,0,0
TXN003309,243.96,13,3,189,0,0,0
TXN003310,54.58,19,2,816,0,0,0
TXN003311,19.99,9,1,360,0,0,0
TXN003312,80.0,9,2,263,0,0,0
TXN003313,321.55,16,4,297,2,0,0
TXN003314,23.05,19,4,140,1,0,0
TXN003315,40.16,20,5,142,0,3,1
TXN003316,77.79,16,2,443,0,1,0
TXN003317,52.15,14,3,226,0,0,0
TXN003318,23.69,11,4,70,1,0,0
TXN003319,141.68,22,2,446,0,0,0
TXN003320,392.3,11,5,200,0,1,1
TXN003321,64.5,17,2,62,0,0,0
TXN003322,25.32,14,4,338,0,2,0
TXN003323,14.63,15,3,449,0,0,0
TXN003324,67.98,12,3,949,1,0,0
TXN003325,139.53,22,1,49,0,1,0
TXN003326,81.77,14,4,471,1,0,0
TXN003327,54.49,21,2,584,1,1,0
TXN003328,33.09,0,2,1453,0,1,1
TXN003329,21.58,14,5,699,0,0,0
TXN003330,111.0,17,1,688,1,1,0
TXN003331,118.71,17,3,688,0,0,0
TXN003332,14.67,20,5,239,0,0,0
TXN003333,210.9,0,3,292,0,0,1
TXN003334,88.94,0,4,341,1,0,0
TXN003335,179.41,13,2,171,0,0,0
TXN003336,17.45,2,2,494,0,1,0
TXN003337,17.1,22,0,365,1,1,0
TXN003338,48.1,10,7,658,0,0,0
TXN003339,83.71,13,3,237,0,0,0
TXN003340,251.37,6,6,120,0,0,0
TXN003341,99.5,14,3,159,0,0,0
TXN003342,44.42,12,3,149,0,0,0
TXN003343,22.82,4,3,308,0,1,0
TXN003344,155.32,11,4,555,0,0,0
TXN003345,24.05,12,4,655,1,1,0
TXN003346,217.94,23,3,81,0,0,1
TXN003347,42.87,9,7,1154,0,1,0
TXN003348,211.03,14,5,25,1,1,1
TXN003349,97.23,23,3,104,0,0,1
TXN003350,48.6,18,3,413,0,1,0
TXN003351,35.11,23,5,237,1,1,1
TXN003352,40.86,22,3,158,0,1,0
TXN003353,78.58,13,1,104,0,0,0
TXN003354,58.3,16,1,164,0,0,0
TXN003355,32.96,8,1,159,1,1,0
TXN003356,47.43,13,5,365,0,1,0
TXN003357,58.37,18,3,513,0,0,0
TXN003358,8.94,13,4,167,2,0,1
TXN003359,80.6,17,1,282,0,0,0
TXN003360,23.74,17,3,285,0,0,0
TXN003361,20.48,10,4,351,0,0,0
TXN003362,13.01,20,0,239,0,1,1
TXN003363,11.88,13,4,373,0,1,0
TXN003364,17.25,9,3,200,0,0,0
TXN003365,29.88,19,4,772,0,0,0
TXN003366,287.23,12,4,189,0,0,0
TXN003367,34.92,17,1,308,0,0,0
TXN003368,63.5,14,1,258,0,1,0
TXN003369,76.74,12,3,334,0,0,1
TXN003370,61.03,18,2,575,0,1,0
TXN003371,51.12,15,1,1469,0,1,0
TXN003372,19.77,12,4,190,0,1,0
TXN003373,187.41,8,5,222,0,1,0
TXN003374,253.69,20,3,108,0,0,0
TXN003375,13.06,3,1,401,0,0,0
TXN003376,22.86,19,5,117,0,0,0
TXN003377,43.04,11,4,723,0,0,0
TXN003378,24.05,15,5,1018,0,1,1
TXN003379,83.94,21,3,491,1,0,0
TXN003380,29.4,8,4,386,0,0,0
TXN003381,343.88,14,3,135,1,1,0
TXN003382,150.2,18,2,710,0,0,0
TXN003383,65.41,17,1,79,0,1,0
TXN003384,130.7,14,2,482,0,2,0
TXN003385,139.77,15,2,195,0,1,0
TXN003386,33.81,17,2,474,1,0,0
TXN003387,27.28,19,5,154,1,0,0
TXN003388,58.35,18,4,79,0,0,0
TXN003389,113.57,11,3,264,0,0,0
TXN003390,61.45,23,3,543,1,1,0
TXN003391,14.29,12,2,499,0,0,0
TXN003392,27.59,1,3,649,1,0,1
TXN003393,51.27,12,2,267,1,0,0
TXN003394,51.2,8,0,608,0,0,0
TXN003395,291.97,8,2,308,0,1,0
TXN003396,16.81,10,3,130,1,0,0
TXN003397,83.91,5,4,151,0,0,0
TXN003398,193.59,16,4,146,0,0,0
TXN003399,376.43,6,1,193,2,0,0
TXN003400,38.72,9,1,327,0,0,0
TXN003401,82.91,7,3,632,0,0,0
TXN003402,88.61,6,3,610,0,2,0
TXN003403,64.47,10,3,274,0,0,0
TXN003404,50.2,14,8,416,0,1,1
TXN003405,79.09,22,2,258,0,0,0
TXN003406,6.34,20,2,60,0,0,0
TXN003407,97.49,20,6,627,0,0,0
TXN003408,60.78,9,4,471,0,0,0
TXN003409,45.19,10,1,75,0,1,0
TXN003410,311.01,7,1,532,0,0,0
TXN003411,30.76,18,1,458,0,0,0
TXN003412,38.76,6,2,161,1,0,0
TXN003413,296.73,14,5,407,1,1,0
TXN003414,26.92,10,2,1006,1,0,0
TXN003415,34.21,10,2,405,0,0,0
TXN003416,48.18,23,5,416,0,2,0
TXN003417,111.57,17,3,298,0,0,0
TXN003418,65.15,19,0,506,0,1,0
TXN003419,18.2,14,2,494,0,0,0
TXN003420,34.73,19,6,559,0,0,0
TXN003421,32.58,16,4,343,0,1,0
TXN003422,51.13,21,6,242,0,0,0
TXN003423,78.41,10,3,425,0,0,0
TXN003424,77.9,15,0,691,0,1,0
TXN003425,12.07,16,6,42,0,0,0
TXN003426,134.88,12,3,384,0,0,0
TXN003427,67.67,20,6,1042,0,1,0
TXN003428,177.12,22,3,378,0,1,0
TXN003429,79.64,13,2,894,1,1,0
TXN003430,139.23,12,1,245,0,0,0
TXN003431,81.17,13,1,432,0,0,0
TXN003432,171.45,19,5,430,0,0,0
TXN003433,85.11,16,3,368,0,2,0
TXN003434,50.24,4,4,1567,1,0,0
TXN003435,376.75,14,7,283,1,0,0
TXN003436,116.24,1,6,224,0,1,0
TXN003437,88.92,18,4,293,0,0,0
TXN003438,18.45,11,5,69,1,1,0
TXN003439,18.26,13,4,431,0,0,0
TXN003440,70.02,18,1,137,0,1,0
TXN003441,61.79,4,1,51,0,0,1
TXN003442,32.39,9,2,207,0,2,0
TXN003443,61.55,12,4,377,0,0,0
TXN003444,210.68,10,5,231,0,0,0
TXN003445,98.6,11,2,231,0,0,0
TXN003446,20.7,23,4,177,1,0,1
TXN003447,49.66,19,5,1268,0,1,0
TXN003448,27.54,20,1,430,1,0,0
TXN003449,39.27,21,2,393,0,0,0
TXN003450,38.41,11,7,283,0,0,0
TXN003451,36.38,11,6,256,0,0,0
TXN003452,18.79,10,1,322,0,1,0
TXN003453,48.98,19,2,31,0,1,0
TXN003454,33.9,16,8,678,0,0,1
TXN003455,5.0,10,6,633,2,0,0
TXN003456,312.63,12,1,117,2,1,0
TXN003457,137.75,13,1,93,1,0,0
TXN003458,39.65,14,5,270,1,0,0
TXN003459,55.48,20,4,218,3,2,1
TXN003460,20.17,12,4,756,0,0,0
TXN003461,230.76,20,1,462,1,0,0
TXN003462,273.88,13,1,355,0,0,0
TXN003463,62.38,17,4,358,0,1,0
TXN003464,130.32,21,4,345,0,0,0
TXN003465,63.37,20,0,191,1,0,0
TXN003466,17.53,5,3,137,0,2,1
TXN003467,38.47,9,5,136,0,0,0
TXN003468,61.08,13,3,109,0,1,0
TXN003469,37.1,12,2,254,0,0,0
TXN003470,45.34,16,5,335,0,0,0
TXN003471,50.52,21,6,337,0,0,0
TXN003472,50.97,8,2,45,2,0,0
TXN003473,57.08,13,5,411,0,0,0
TXN003474,22.16,9,7,489,0,0,0
TXN003475,29.68,20,4,144,2,1,0
TXN003476,18.32,22,3,425,0,0,0
TXN003477,125.35,13,1,140,1,0,0
TXN003478,9.12,7,3,275,0,0,0
TXN003479,145.55,18,0,553,2,0,0
TXN003480,177.4,16,4,177,1,0,1
TXN003481,42.23,11,5,474,0,0,0
TXN003482,5.97,20,4,66,0,1,0
TXN003483,40.16,22,2,146,0,1,0
TXN003484,51.7,14,3,284,1,0,1
TXN003485,23.13,14,2,39,2,0,0
TXN003486,35.24,11,2,431,0,0,0
TXN003487,200.47,15,1,245,1,2,0
TXN003488,96.08,13,4,384,0,0,0
TXN003489,24.88,11,2,542,0,1,0
TXN003490,14.04,6,5,73,0,0,0
TXN003491,41.35,10,6,484,0,1,1
TXN003492,45.54,9,2,234,1,0,0
TXN003493,83.24,14,4,712,0,0,0
TXN003494,34.64,15,7,311,2,1,1
TXN003495,84.33,15,4,485,0,1,0
TXN003496,282.84,12,3,251,0,1,0
TXN003497,109.2,12,5,265,0,2,0
TXN003498,52.41,19,8,210,0,0,1
TXN003499,46.73,13,5,444,0,0,0
TXN003500,40.32,23,2,338,0,2,0
TXN003501,148.94,13,2,291,0,0,0
TXN003502,32.03,16,1,17,1,3,1
TXN003503,56.74,5,3,361,0,2,0
TXN003504,57.03,16,2,781,0,0,0
TXN003505,35.64,19,5,335,0,0,0
TXN003506,17.0,21,5,185,0,0,0
TXN003507,71.85,23,1,92,1,1,0
TXN003508,51.84,10,5,546,0,2,0
TXN003509,83.53,14,4,876,0,0,0
TXN003510,34.69,13,2,749,2,0,0
TXN003511,154.11,14,6,297,1,1,0
TXN003512,25.91,8,4,419,0,0,0
TXN003513,233.98,19,4,426,0,0,0
TXN003514,12.36,20,5,204,0,1,0
TXN003515,79.01,13,5,254,2,0,0
TXN003516,81.79,10,2,226,1,0,0
TXN003517,27.77,8,2,742,0,0,0
TXN003518,78.31,16,8,187,0,0,1
TXN003519,162.0,11,6,449,1,0,0
TXN003520,8.3,20,1,759,1,0,0
TXN003521,83.71,16,4,279,0,0,0
TXN003522,6.56,16,1,637,0,0,0
TXN003523,24.03,14,3,512,1,0,0
TXN003524,218.06,4,6,428,1,1,0
TXN003525,33.3,21,3,517,1,1,0
TXN003526,20.13,15,4,780,0,0,0
TXN003527,46.14,23,3,357,0,0,1
TXN003528,316.63,14,2,1362,0,0,0
TXN003529,11.51,17,5,1578,0,2,0
TXN003530,22.34,5,2,240,1,0,0
TXN003531,194.96,15,2,151,0,0,0
TXN003532,264.82,18,4,106,2,1,0
TXN003533,50.0,18,5,129,1,0,0
TXN003534,19.05,18,6,589,0,0,0
TXN003535,324.23,10,1,830,0,0,1
TXN003536,211.72,22,3,46,1,1,0
TXN003537,97.23,23,3,102,0,1,0
TXN003538,27.37,7,2,737,0,0,0
TXN003539,52.37,21,4,166,0,0,0
TXN003540,47.64,10,1,615,0,0,0
TXN003541,72.33,16,5,938,1,1,0
TXN003542,187.42,11,2,354,0,0,0
TXN003543,115.3,22,8,239,0,0,1
TXN003544,21.85,7,3,482,0,0,0
TXN003545,175.92,13,1,278,0,0,0
TXN003546,71.25,12,7,196,0,0,0
TXN003547,97.91,11,5,96,0,1,0
TXN003548,189.91,16,5,409,0,0,0
TXN003549,21.22,8,1,329,0,0,0
TXN003550,52.96,17,5,313,0,2,0
TXN003551,34.75,22,3,206,1,1,0
TXN003552,14.4,18,4,268,0,1,0
TXN003553,73.31,19,3,981,0,0,0
TXN003554,461.66,11,1,354,2,0,0
TXN003555,11.43,11,6,377,1,1,0
TXN003556,53.12,14,4,214,1,1,0
TXN003557,94.11,4,2,483,0,1,0
TXN003558,60.62,21,1,710,1,1,0
TXN003559,49.59,8,1,196,2,0,0
TXN003560,18.1,20,1,475,0,0,0
TXN003561,66.54,7,3,373,0,1,0
TXN003562,28.7,19,2,201,1,0,0
TXN003563,8.49,8,4,62,0,0,0
TXN003564,150.72,3,1,382,0,0,1
TXN003565,123.3,17,5,357,0,0,0
TXN003566,57.05,10,3,251,0,0,0
TXN003567,66.33,17,2,368,1,0,0
TXN003568,136.07,14,3,315,0,0,0
TXN003569,66.07,8,10,287,0,0,1
TXN003570,117.73,21,4,304,1,0,0
TXN003571,42.4,13,4,722,1,1,0
TXN003572,166.53,17,2,203,0,1,0
TXN003573,71.71,13,5,274,0,0,0
TXN003574,64.39,15,5,144,1,0,0
TXN003575,18.55,11,2,593,1,1,0
TXN003576,69.68,9,3,393,0,0,1
TXN003577,26.92,14,3,278,1,0,0
TXN003578,31.74,13,4,195,0,1,0
TXN003579,27.3,12,4,428,0,1,0
TXN003580,22.06,16,5,214,0,3,1
TXN003581,332.31,16,1,258,1,0,0
TXN003582,169.29,4,2,280,3,0,1
TXN003583,279.31,11,3,416,0,1,0
TXN003584,19.31,12,3,132,0,2,0
TXN003585,58.01,7,2,641,1,2,0
TXN003586,18.18,10,5,221,1,1,0
TXN003587,30.22,5,3,181,0,0,0
TXN003588,25.02,23,1,600,0,1,0
TXN003589,156.59,17,3,431,0,0,0
TXN003590,38.99,7,5,660,0,1,0
TXN003591,135.38,1,4,250,0,0,0
TXN003592,91.24,17,3,487,0,0,0
TXN003593,386.87,13,3,242,0,0,0
TXN003594,15.53,18,7,148,2,1,1
TXN003595,159.23,21,0,982,0,1,1
TXN003596,144.67,15,3,572,0,0,0
TXN003597,23.87,9,6,392,0,0,0
TXN003598,128.52,18,4,483,1,0,0
TXN003599,72.66,22,7,663,1,1,0
TXN003600,45.0,15,4,442,0,0,0
TXN003601,27.1,16,3,304,2,0,0
TXN003602,29.63,11,0,346,0,0,0
TXN003603,311.79,12,3,158,0,1,0
TXN003604,54.63,17,1,406,0,0,0
TXN003605,106.15,21,5,353,0,1,0
TXN003606,27.88,15,2,243,0,1,0
TXN003607,28.14,18,3,242,1,0,0
TXN003608,136.96,9,6,113,1,1,0
TXN003609,17.34,9,5,689,1,0,0
TXN003610,38.36,14,0,473,0,0,0
TXN003611,56.2,9,2,949,0,0,0
TXN003612,60.02,15,2,359,1,0,0
TXN003613,46.89,11,2,136,0,0,0
TXN003614,76.44,18,2,226,0,1,0
TXN003615,98.39,18,3,726,0,0,0
TXN003616,101.95,13,2,110,0,1,0
TXN003617,23.62,9,2,92,1,0,0
TXN003618,42.88,16,4,591,1,2,0
TXN003619,150.74,23,3,266,1,0,1
TXN003620,116.8,15,1,806,0,0,0
TXN003621,17.0,3,1,658,0,0,0
TXN003622,73.61,1,4,412,0,0,1
TXN003623,10.16,11,5,178,0,1,0
TXN003624,56.82,9,2,146,1,0,0
TXN003625,273.99,18,4,552,0,0,0
TXN003626,24.39,19,2,433,0,0,0
TXN003627,26.87,10,6,428,1,1,1
TXN003628,104.52,11,1,480,0,2,0
TXN003629,14.71,10,2,494,0,0,0
TXN003630,31.89,20,3,379,0,1,0
TXN003631,90.65,13,3,353,0,0,0
TXN003632,31.84,16,2,164,0,0,0
TXN003633,44.68,12,3,133,0,0,1
TXN003634,102.78,15,4,201,2,0,0
TXN003635,78.13,12,3,744,1,0,0
TXN003636,68.5,11,2,196,0,2,0
TXN003637,40.93,15,5,354,0,0,0
TXN003638,74.78,15,3,237,0,0,0
TXN003639,49.15,11,3,224,1,0,0
TXN003640,80.57,8,2,181,0,3,1
TXN003641,35.79,12,7,801,1,0,0
TXN003642,46.75,12,2,261,1,0,0
TXN003643,23.54,15,0,144,0,0,0
TXN003644,53.0,20,4,126,1,0,0
TXN003645,27.4,3,2,428,0,0,0
TXN003646,21.18,10,1,261,0,0,0
TXN003647,68.02,9,0,623,0,0,0
TXN003648,65.42,13,2,46,0,0,0
TXN003649,106.21,12,3,338,1,0,0
TXN003650,37.85,17,1,187,0,0,0
TXN003651,77.23,10,1,578,0,0,0
TXN003652,87.2,15,4,436,0,1,0
TXN003653,79.68,20,3,356,1,2,0
TXN003654,27.06,20,3,391,0,0,0
TXN003655,61.99,22,4,365,0,1,0
TXN003656,74.4,18,1,43,0,0,0
TXN003657,54.93,20,2,248,0,0,0
TXN003658,9.27,10,4,619,3,0,1
TXN003659,62.58,9,0,280,0,2,0
TXN003660,358.04,0,6,179,0,0,0
TXN003661,40.2,17,3,228,0,0,0
TXN003662,29.4,21,1,601,1,1,0
TXN003663,74.99,9,3,29,0,0,0
TXN003664,71.2,15,4,500,0,0,0
TXN003665,150.48,17,1,542,0,0,0
TXN003666,18.74,21,1,466,0,0,0
TXN003667,101.66,16,2,130,1,1,0
TXN003668,90.18,22,2,214,1,0,0
TXN003669,48.38,11,4,337,0,0,0
TXN003670,72.81,11,5,270,0,1,0
TXN003671,130.98,14,7,475,0,0,0
TXN003672,114.6,12,4,160,0,1,0
TXN003673,20.66,0,2,594,0,1,0
TXN003674,109.63,17,2,515,0,0,0
TXN003675,51.68,17,2,107,1,1,0
TXN003676,58.09,17,4,133,1,0,1
TXN003677,58.1,11,4,99,1,0,1
TXN003678,48.05,14,3,219,0,1,0
TXN003679,150.35,11,4,428,1,0,0
TXN003680,50.85,1,1,157,1,0,0
TXN003681,21.08,14,3,507,0,1,0
TXN003682,39.08,8,0,334,1,0,0
TXN003683,63.55,7,3,93,0,1,0
TXN003684,155.22,17,3,183,0,0,0
TXN003685,91.16,0,3,228,0,0,1
TXN003686,26.5,22,2,294,0,1,0
TXN003687,451.43,14,4,180,1,0,0
TXN003688,68.38,23,3,796,0,0,0
TXN003689,161.43,6,6,651,1,0,0
TXN003690,47.99,15,3,477,1,0,0
TXN003691,85.91,11,2,292,0,0,0
TXN003692,111.45,19,0,542,1,0,0
TXN003693,153.77,11,5,539,0,1,0
TXN003694,134.12,10,2,169,0,0,0
TXN003695,114.59,19,4,334,1,0,0
TXN003696,41.77,12,1,378,0,1,0
TXN003697,33.58,1,3,426,0,0,0
TXN003698,72.44,12,1,498,1,0,0
TXN003699,120.68,16,7,439,0,1,0
TXN003700,45.18,10,7,843,0,0,0
TXN003701,135.02,12,6,744,0,1,0
TXN003702,187.68,5,1,236,3,0,1
TXN003703,25.06,15,3,485,0,0,0
TXN003704,26.81,17,3,436,2,0,0
TXN003705,48.46,12,5,253,0,0,0
TXN003706,70.91,12,2,462,0,1,0
TXN003707,34.96,7,2,275,0,0,0
TXN003708,172.32,9,2,514,1,0,0
TXN003709,78.29,8,7,726,0,1,0
TXN003710,56.46,13,5,175,0,0,0
TXN003711,16.11,14,6,522,1,0,0
TXN003712,17.84,21,2,110,0,0,0
TXN003713,69.33,6,2,391,0,0,0
TXN003714,8.91,15,4,364,0,1,0
TXN003715,129.12,14,4,322,0,0,0
TXN003716,47.73,14,3,375,1,2,0
TXN003717,859.74,20,1,36,0,0,0
TXN003718,388.28,9,2,125,0,1,0
TXN003719,46.79,3,5,319,0,0,0
TXN003720,49.88,16,1,167,0,0,0
TXN003721,127.26,11,4,353,0,0,0
TXN003722,232.22,1,4,477,0,0,0
TXN003723,13.57,10,4,589,1,0,0
TXN003724,11.96,11,4,304,0,0,0
TXN003725,32.18,15,3,536,0,1,0
TXN003726,89.6,9,6,353,0,1,0
TXN003727,83.29,12,2,381,0,0,0
TXN003728,135.55,13,5,86,1,0,0
TXN003729,19.69,13,5,262,0,0,0
TXN003730,7.62,22,2,137,0,1,0
TXN003731,113.22,4,3,485,0,0,0
TXN003732,27.01,21,1,225,0,1,0
TXN003733,9.82,15,3,69,0,0,0
TXN003734,61.76,18,1,1147,1,0,1
TXN003735,107.15,12,6,117,0,0,0
TXN003736,49.22,13,4,59,0,0,0
TXN003737,37.0,20,7,49,0,1,0
TXN003738,47.68,20,0,251,0,0,0
TXN003739,39.85,10,5,161,0,0,0
TXN003740,17.36,9,4,225,0,0,0
TXN003741,29.74,13,4,394,0,0,0
TXN003742,85.04,20,2,578,1,0,0
TXN003743,71.77,11,3,290,2,2,0
TXN003744,62.98,16,3,122,0,1,0
TXN003745,23.43,17,4,301,0,0,0
TXN003746,46.79,18,5,241,0,0,0
TXN003747,8.58,14,2,79,0,2,0
TXN003748,63.54,12,5,234,0,1,0
TXN003749,183.93,22,2,499,0,1,0
TXN003750,15.6,15,1,367,0,1,0
TXN003751,33.18,17,2,147,1,0,0
TXN003752,72.22,11,6,683,1,0,0
TXN003753,158.37,16,9,231,1,0,1
TXN003754,37.3,10,4,697,1,0,0
TXN003755,30.31,10,3,138,0,0,1
TXN003756,10.24,17,4,627,0,1,0
TXN003757,59.62,14,2,392,0,0,0
TXN003758,309.75,16,2,636,0,0,0
TXN003759,69.11,10,2,421,0,0,0
TXN003760,53.57,15,1,297,1,2,0
TXN003761,71.79,13,3,133,0,2,0
TXN003762,54.09,15,4,522,0,0,0
TXN003763,27.36,11,2,185,0,0,1
TXN003764,109.92,17,2,1054,1,0,1
TXN003765,66.15,18,1,407,0,0,0
TXN003766,55.42,10,5,395,0,1,0
TXN003767,23.83,11,2,307,0,0,0
TXN003768,165.34,16,2,594,0,1,0
TXN003769,96.06,16,0,703,0,0,0
TXN003770,34.12,17,1,690,0,0,0
TXN003771,127.94,16,1,522,1,0,0
TXN003772,35.77,12,0,666,0,1,0
TXN003773,28.09,12,4,99,0,0,0
TXN003774,28.62,10,3,460,1,2,0
TXN003775,12.12,8,5,203,0,0,0
TXN003776,81.52,16,0,454,0,1,0
TXN003777,11.51,7,2,165,0,0,0
TXN003778,19.22,21,3,424,0,1,0
TXN003779,9.35,19,4,379,1,0,0
TXN003780,50.75,19,0,811,0,0,0
TXN003781,48.05,20,5,229,0,0,0
TXN003782,41.36,12,6,253,2,0,0
TXN003783,22.51,19,1,361,0,0,0
TXN003784,20.16,9,3,120,0,0,0
TXN003785,81.02,1,4,181,0,0,1
TXN003786,34.19,18,2,538,0,0,0
TXN003787,71.44,6,5,615,0,2,0
TXN003788,25.73,23,4,536,0,1,0
TXN003789,63.68,16,4,489,0,0,0
TXN003790,165.3,17,6,190,0,0,0
TXN003791,89.86,10,3,232,1,1,0
TXN003792,38.45,16,2,1002,0,1,0
TXN003793,67.94,4,8,145,0,1,1
TXN003794,44.5,19,6,686,1,0,0
TXN003795,54.97,9,3,470,0,0,0
TXN003796,41.4,16,6,386,0,1,0
TXN003797,47.48,10,3,1300,1,1,0
TXN003798,65.38,6,3,412,0,1,0
TXN003799,23.47,13,2,304,0,0,0
TXN003800,23.02,9,2,184,0,1,0
TXN003801,16.77,17,3,808,0,0,0
TXN003802,14.01,10,4,249,0,0,0
TXN003803,19.4,11,1,319,0,0,0
TXN003804,62.52,14,4,163,1,1,0
TXN003805,25.56,10,2,245,1,0,0
TXN003806,84.48,12,2,442,0,0,0
TXN003807,56.23,18,5,611,0,1,0
TXN003808,10.24,9,1,422,0,0,0
TXN003809,95.27,7,2,415,0,0,0
TXN003810,108.76,11,2,457,2,1,0
TXN003811,23.46,12,5,215,0,0,0
TXN003812,78.04,14,2,339,0,0,0
TXN003813,26.36,12,2,322,0,2,0
TXN003814,59.32,18,1,404,0,0,0
TXN003815,18.64,3,2,211,1,2,0
TXN003816,11.89,12,3,981,1,1,0
TXN003817,39.43,12,3,372,0,0,0
TXN003818,49.15,16,3,890,0,0,0
TXN003819,38.94,22,1,435,0,0,0
TXN003820,19.96,14,1,33,0,0,0
TXN003821,38.86,23,2,359,2,0,0
TXN003822,68.64,11,6,244,0,1,0
TXN003823,52.55,2,5,139,0,0,1
TXN003824,63.76,9,2,935,0,0,0
TXN003825,30.89,12,1,320,0,2,0
TXN003826,147.81,11,4,741,0,0,0
TXN003827,20.09,7,3,459,1,0,0
TXN003828,82.63,12,2,579,0,1,0
TXN003829,149.1,11,5,1904,1,0,0
TXN003830,82.17,8,4,260,1,0,0
TXN003831,45.96,11,1,93,1,3,1
TXN003832,34.85,20,3,230,1,0,0
TXN003833,131.72,11,6,259,1,0,0
TXN003834,16.29,17,7,162,0,0,0
TXN003835,23.94,15,5,471,1,0,0
TXN003836,38.94,12,1,471,0,2,0
TXN003837,156.34,10,4,125,2,0,0
TXN003838,75.4,12,4,314,0,0,1
TXN003839,23.98,15,2,506,0,1,0
TXN003840,41.94,11,7,162,1,1,0
TXN003841,32.39,9,3,133,0,0,0
TXN003842,29.86,8,3,559,0,0,0
TXN003843,125.47,20,2,152,0,0,0
TXN003844,17.01,13,5,179,0,0,0
TXN003845,214.32,15,3,86,0,1,0
TXN003846,110.39,13,4,215,0,1,0
TXN003847,138.0,20,5,733,0,0,0
TXN003848,36.84,14,4,107,0,0,0
TXN003849,48.06,13,3,399,2,1,0
TXN003850,16.15,21,1,626,0,0,0
TXN003851,34.95,17,4,656,1,1,0
TXN003852,83.06,8,3,466,0,0,0
TXN003853,164.29,9,4,264,1,2,0
TXN003854,21.3,18,3,283,0,1,0
TXN003855,40.02,19,6,167,0,0,0
TXN003856,48.01,14,7,116,0,1,0
TXN003857,16.67,14,3,832,0,0,0
TXN003858,90.26,15,4,508,0,0,0
TXN003859,29.51,13,3,256,0,0,0
TXN003860,46.24,16,4,123,0,0,0
TXN003861,37.18,8,3,189,0,0,0
TXN003862,27.91,22,4,775,0,0,0
TXN003863,54.27,17,2,264,1,0,0
TXN003864,45.46,15,5,396,1,1,0
TXN003865,39.8,11,8,205,0,2,1
TXN003866,29.39,9,3,818,1,1,0
TXN003867,71.64,12,4,74,1,0,0
TXN003868,222.64,16,5,212,0,0,0
TXN003869,61.49,15,1,548,0,0,0
TXN003870,127.32,12,4,746,0,0,0
TXN003871,16.75,15,3,224,0,1,0
TXN003872,62.43,18,4,554,0,0,0
TXN003873,21.48,2,4,799,0,0,0
TXN003874,15.56,13,2,636,1,0,0
TXN003875,29.12,17,1,112,1,1,0
TXN003876,150.37,14,2,847,0,0,0
TXN003877,122.43,16,5,551,0,0,0
TXN003878,67.12,14,0,657,1,0,0
TXN003879,14.84,23,1,556,2,0,1
TXN003880,46.21,5,1,1030,0,0,0
TXN003881,70.56,13,5,422,0,0,0
TXN003882,63.38,7,5,396,0,0,0
TXN003883,11.39,9,1,897,2,1,1
TXN003884,25.62,12,2,44,3,0,1
TXN003885,51.7,8,4,1042,0,0,0
TXN003886,86.13,22,0,187,0,0,0
TXN003887,8.44,21,5,431,0,1,0
TXN003888,47.57,11,2,259,1,0,0
TXN003889,61.66,15,2,88,0,1,0
TXN003890,112.41,14,7,499,0,1,0
TXN003891,98.39,18,3,308,0,0,0
TXN003892,89.58,15,3,1096,2,0,0
TXN003893,27.66,0,1,632,1,0,0
TXN003894,10.79,18,4,388,2,0,0
TXN003895,39.09,17,3,379,1,0,0
TXN003896,127.92,14,4,361,0,0,0
TXN003897,178.47,20,3,439,0,0,0
TXN003898,99.88,20,5,111,0,0,0
TXN003899,78.64,14,3,239,0,0,0
TXN003900,75.39,15,3,435,0,0,0
TXN003901,34.03,23,3,203,2,1,0
TXN003902,48.88,11,5,62,0,0,0
TXN003903,225.59,11,5,353,1,1,0
TXN003904,24.5,9,4,688,1,0,0
TXN003905,215.41,20,0,241,0,0,0
TXN003906,41.52,17,6,351,0,1,0
TXN003907,168.45,7,6,1283,1,1,0
TXN003908,16.51,22,3,529,0,0,0
TXN003909,89.84,17,3,536,1,0,0
TXN003910,29.19,19,6,96,0,0,0
TXN003911,16.4,4,2,446,0,1,0
TXN003912,65.74,13,2,478,0,0,0
TXN003913,128.77,16,0,1083,0,0,0
TXN003914,26.62,14,1,300,1,0,0
TXN003915,15.27,16,5,70,0,0,0
TXN003916,50.5,19,1,306,0,0,0
TXN003917,50.69,12,6,184,1,0,0
TXN003918,87.01,19,2,92,1,0,0
TXN003919,122.38,9,4,211,0,0,0
TXN003920,51.91,10,2,628,0,1,0
TXN003921,264.32,4,4,328,0,0,0
TXN003922,66.06,12,8,817,0,0,1
TXN003923,40.67,12,0,91,1,0,0
TXN003924,13.88,18,6,212,0,1,0
TXN003925,43.67,16,4,34,0,1,0
TXN003926,41.02,13,2,116,0,1,0
TXN003927,123.5,16,5,260,0,0,0
TXN003928,80.89,5,1,110,0,1,0
TXN003929,20.04,9,1,113,0,0,0
TXN003930,63.21,15,2,595,0,1,0
TXN003931,96.62,16,4,205,0,0,0
TXN003932,200.1,18,1,142,0,2,0
TXN003933,116.09,12,2,503,2,1,0
TXN003934,104.24,17,5,127,0,0,0
TXN003935,57.46,16,5,924,0,0,0
TXN003936,75.95,22,4,83,0,1,0
TXN003937,157.92,9,1,213,0,0,0
TXN003938,17.59,14,3,367,0,1,0
TXN003939,40.57,15,4,194,0,0,0
TXN003940,28.31,23,2,51,0,0,0
TXN003941,75.36,9,2,313,0,0,0
TXN003942,155.35,14,2,286,0,2,1
TXN003943,32.87,11,2,361,0,1,0
TXN003944,7.16,14,3,21,0,0,0
TXN003945,38.46,10,4,462,1,1,0
TXN003946,118.68,4,2,679,0,0,1
TXN003947,86.23,14,2,114,1,1,0
TXN003948,78.57,11,6,857,0,0,0
TXN003949,43.03,9,2,98,0,1,0
TXN003950,18.41,11,4,359,1,0,0
TXN003951,84.61,5,0,70,0,1,0
TXN003952,26.87,21,3,1003,0,0,0
TXN003953,349.49,15,2,235,0,1,0
TXN003954,88.67,18,2,559,0,0,0
TXN003955,33.33,12,4,301,0,0,0
TXN003956,32.47,20,6,506,0,1,0
TXN003957,50.45,13,2,671,0,0,0
TXN003958,44.54,14,3,385,1,1,0
TXN003959,141.08,13,5,475,0,1,0
TXN003960,63.97,17,3,1121,0,1,0
TXN003961,29.32,14,1,212,0,2,0
TXN003962,272.29,10,5,1578,0,0,0
TXN003963,56.94,8,2,151,1,1,0
TXN003964,104.95,15,1,244,0,0,0
TXN003965,32.56,13,4,718,0,0,0
TXN003966,74.34,7,3,581,0,0,0
TXN003967,71.13,12,2,414,2,0,0
TXN003968,10.96,14,4,415,0,0,0
TXN003969,302.77,19,0,191,0,0,0
TXN003970,163.54,7,2,526,0,0,0
TXN003971,38.95,11,3,232,0,1,0
TXN003972,21.39,19,3,322,0,0,0
TXN003973,73.36,16,2,661,1,0,0
TXN003974,58.77,11,4,606,0,2,0
TXN003975,73.87,19,5,1028,0,0,0
TXN003976,64.25,13,3,420,0,0,0
TXN003977,83.96,13,1,308,0,1,0
TXN003978,186.83,22,7,439,0,0,0
TXN003979,88.49,21,2,54,0,0,0
TXN003980,22.37,11,1,427,1,0,0
TXN003981,173.85,8,3,83,1,1,1
TXN003982,220.2,11,5,217,0,1,0
TXN003983,795.72,2,0,131,0,1,1
TXN003984,21.01,1,3,203,0,0,1
TXN003985,67.12,12,5,183,0,0,0
TXN003986,9.3,21,2,605,0,0,0
TXN003987,87.37,19,5,157,2,0,0
TXN003988,34.26,14,5,7,1,0,1
TXN003989,280.04,14,1,221,0,0,0
TXN003990,28.26,0,3,429,0,1,0
TXN003991,12.99,9,3,538,1,0,0
TXN003992,36.58,2,3,715,1,1,0
TXN003993,10.18,17,6,344,0,0,0
TXN003994,103.38,8,7,268,0,0,0
TXN003995,9.44,19,3,220,0,0,0
TXN003996,55.93,16,0,321,0,0,0
TXN003997,9.34,10,3,217,1,1,0
TXN003998,41.59,9,3,878,0,0,0
TXN003999,220.71,15,7,274,0,0,0
TXN004000,74.18,20,3,571,0,0,0
TXN004001,26.21,17,3,691,1,1,0
TXN004002,53.17,11,7,661,0,0,0
TXN004003,55.44,15,3,529,0,1,0
TXN004004,81.59,11,3,394,0,0,0
TXN004005,17.08,23,6,67,1,1,1
TXN004006,90.35,17,4,852,1,4,1
TXN004007,5.48,15,3,268,0,1,0
TXN004008,31.96,12,5,432,0,0,0
TXN004009,36.05,15,2,431,0,0,0
TXN004010,93.53,11,2,293,0,0,0
TXN004011,55.66,2,1,347,0,1,0
TXN004012,16.53,12,4,345,0,1,0
TXN004013,23.64,21,1,377,1,1,0
TXN004014,64.64,15,0,243,0,1,0
TXN004015,51.05,7,2,452,0,0,0
TXN004016,33.37,20,3,207,0,1,0
TXN004017,36.28,10,1,497,0,1,0
TXN004018,98.67,10,1,79,0,1,0
TXN004019,35.16,11,1,293,0,1,0
TXN004020,50.66,15,2,302,1,0,0
TXN004021,345.31,14,0,585,1,0,0
TXN004022,16.28,13,7,302,0,1,0
TXN004023,11.31,17,3,106,1,0,0
TXN004024,106.28,11,2,187,0,0,0
TXN004025,30.67,18,4,345,0,0,1
TXN004026,41.66,9,1,425,0,0,0
TXN004027,28.11,18,4,599,0,1,0
TXN004028,43.78,16,5,259,1,1,0
TXN004029,212.46,16,3,412,0,0,0
TXN004030,107.97,13,2,259,1,1,0
TXN004031,113.62,16,0,141,1,0,0
TXN004032,16.38,7,1,654,1,0,0
TXN004033,20.52,19,3,750,0,0,0
TXN004034,5.0,5,1,225,0,0,0
TXN004035,27.44,8,6,463,1,0,0
TXN004036,123.12,15,4,561,0,0,0
TXN004037,84.72,17,1,116,0,1,0
TXN004038,45.23,7,1,587,1,0,0
TXN004039,53.57,21,7,463,0,1,0
TXN004040,30.4,22,1,179,0,0,0
TXN004041,64.98,15,3,68,0,2,0
TXN004042,104.69,13,6,285,1,0,0
TXN004043,13.83,17,3,598,1,1,0
TXN004044,70.44,11,3,851,0,0,0
TXN004045,120.61,13,4,292,0,0,0
TXN004046,38.37,20,4,516,0,3,1
TXN004047,99.05,22,1,220,0,0,0
TXN004048,597.32,21,4,453,0,0,0
TXN004049,49.96,10,0,162,1,1,0
TXN004050,76.27,10,4,893,0,0,1
TXN004051,29.16,11,4,260,0,0,0
TXN004052,63.69,13,5,185,1,0,0
TXN004053,80.74,11,3,222,0,0,0
TXN004054,64.43,12,7,989,0,0,0
TXN004055,22.95,15,2,499,0,0,0
TXN004056,65.07,18,2,673,0,0,0
TXN004057,189.21,17,1,243,1,0,0
TXN004058,79.95,18,7,123,0,0,0
TXN004059,123.68,2,8,58,0,0,1
TXN004060,44.64,4,2,113,0,0,1
TXN004061,103.28,18,5,702,0,1,0
TXN004062,69.23,14,3,547,0,0,0
TXN004063,24.33,15,5,719,2,0,0
TXN004064,71.57,5,2,323,0,1,0
TXN004065,23.5,10,5,562,0,1,0
TXN004066,31.88,15,1,378,1,1,0
TXN004067,64.13,19,3,489,1,0,0
TXN004068,70.29,20,4,196,0,1,0
TXN004069,19.87,13,1,359,1,0,0
TXN004070,133.74,14,3,526,1,2,0
TXN004071,88.78,19,6,822,1,0,0
TXN004072,29.99,14,1,894,0,0,0
TXN004073,14.78,14,2,259,0,0,0
TXN004074,48.27,20,3,393,0,3,1
TXN004075,37.37,18,7,404,1,2,1
TXN004076,60.11,20,2,282,0,0,0
TXN004077,40.1,9,1,570,1,0,0
TXN004078,9.91,14,5,171,0,0,0
TXN004079,39.25,19,2,512,1,0,0
TXN004080,42.11,8,3,492,0,0,0
TXN004081,93.56,18,4,90,0,2,0
TXN004082,30.16,9,3,135,1,2,0
TXN004083,227.44,18,4,407,1,1,0
TXN004084,10.75,15,3,452,0,0,0
TXN004085,166.42,9,1,284,0,1,0
TXN004086,45.12,13,3,689,1,0,0
TXN004087,113.37,16,5,282,1,0,0
TXN004088,58.43,15,2,498,0,1,0
TXN004089,143.83,12,2,63,0,1,0
TXN004090,39.28,20,4,184,1,0,0
TXN004091,21.46,14,6,305,1,0,0
TXN004092,182.62,13,2,688,0,1,0
TXN004093,49.58,6,2,205,0,1,0
TXN004094,65.91,21,3,366,0,0,0
TXN004095,155.95,9,4,103,0,0,0
TXN004096,22.71,14,3,372,1,0,0
TXN004097,90.57,18,4,276,0,2,0
TXN004098,33.07,9,0,360,0,0,0
TXN004099,48.8,14,1,232,1,1,0
TXN004100,58.06,10,5,343,0,1,0
TXN004101,15.25,18,3,293,0,0,0
TXN004102,28.16,14,2,877,0,0,0
TXN004103,172.16,19,2,275,0,1,0
TXN004104,115.96,20,3,385,0,0,0
TXN004105,51.77,16,3,328,1,0,0
TXN004106,67.13,17,2,14,0,1,0
TXN004107,42.52,14,2,558,0,1,0
TXN004108,172.97,12,2,393,1,3,1
TXN004109,46.05,16,7,298,0,0,0
TXN004110,66.49,20,1,697,1,0,0
TXN004111,144.62,12,2,390,0,0,0
TXN004112,28.2,11,9,378,1,0,1
TXN004113,205.4,12,2,333,0,0,0
TXN004114,14.87,13,2,233,0,0,0
TXN004115,218.15,6,2,574,0,0,0
TXN004116,39.77,13,5,751,0,2,0
TXN004117,44.42,13,3,345,0,1,0
TXN004118,10.95,15,5,353,0,0,0
TXN004119,37.09,12,0,258,0,1,0
TXN004120,22.56,15,4,23,0,0,0
TXN004121,32.57,20,4,555,0,1,0
TXN004122,48.58,22,5,597,0,1,0
TXN004123,123.24,15,2,118,0,0,0
TXN004124,65.14,4,4,52,0,0,0
TXN004125,70.92,22,2,474,0,0,0
TXN004126,21.52,17,2,443,1,0,0
TXN004127,25.83,11,1,150,1,0,0
TXN004128,251.87,8,5,299,1,1,0
TXN004129,29.23,8,3,323,1,0,0
TXN004130,223.14,9,1,313,0,0,0
TXN004131,44.41,4,2,318,0,0,0
TXN004132,54.7,20,6,511,0,0,0
TXN004133,135.61,14,5,520,0,0,0
TXN004134,160.95,17,4,242,0,0,0
TXN004135,49.69,19,3,688,0,0,0
TXN004136,39.25,18,1,430,0,0,0
TXN004137,52.06,20,6,884,0,1,0
TXN004138,72.77,22,0,452,1,1,0
TXN004139,116.47,13,1,195,1,0,0
TXN004140,54.79,21,3,448,0,0,0
TXN004141,92.39,17,3,322,1,0,0
TXN004142,219.78,6,4,714,1,1,0
TXN004143,75.5,16,5,107,3,0,1
TXN004144,71.16,16,2,216,0,1,0
TXN004145,15.01,20,5,173,0,0,0
TXN004146,5.84,12,4,548,1,0,0
TXN004147,75.95,15,2,443,0,1,0
TXN004148,50.37,0,3,241,1,1,0
TXN004149,35.25,11,3,172,1,0,0
TXN004150,67.15,6,2,248,0,0,0
TXN004151,51.87,14,2,344,0,0,0
TXN004152,142.4,18,3,552,1,0,0
TXN004153,58.74,9,3,345,0,0,0
TXN004154,28.94,14,0,296,0,0,0
TXN004155,126.68,9,2,952,0,1,0
TXN004156,45.4,8,5,519,2,1,0
TXN004157,85.42,14,5,620,0,0,0
TXN004158,36.39,7,1,120,1,0,0
TXN004159,31.43,15,1,247,0,1,0
TXN004160,58.65,2,2,515,0,0,0
TXN004161,55.2,7,4,381,0,1,0
TXN004162,82.09,14,4,153,0,0,0
TXN004163,43.45,15,1,189,0,1,0
TXN004164,11.46,2,4,442,0,0,0
TXN004165,37.79,14,2,91,0,1,0
TXN004166,107.21,19,3,447,0,0,0
TXN004167,42.4,17,3,432,0,0,0
TXN004168,44.28,8,5,40,0,0,0
TXN004169,126.27,15,3,150,0,1,0
TXN004170,29.81,16,4,290,0,1,0
TXN004171,14.71,3,3,490,0,1,0
TXN004172,47.63,19,3,272,0,0,0
TXN004173,36.18,20,3,122,0,0,0
TXN004174,24.02,19,0,388,0,0,0
TXN004175,47.04,19,8,83,0,1,1
TXN004176,82.91,17,6,189,0,0,0
TXN004177,54.17,15,6,261,0,1,0
TXN004178,70.88,16,1,397,1,0,0
TXN004179,255.03,18,4,115,1,1,0
TXN004180,40.79,16,2,244,0,1,0
TXN004181,69.17,11,1,175,0,1,0
TXN004182,35.42,12,7,160,0,1,0
TXN004183,26.59,20,4,257,0,1,0
TXN004184,33.21,1,1,304,2,0,0
TXN004185,36.34,16,5,207,1,0,0
TXN004186,74.11,22,3,474,0,0,0
TXN004187,402.11,17,3,266,1,0,0
TXN004188,29.71,23,4,891,0,1,0
TXN004189,38.32,16,6,207,0,0,0
TXN004190,51.75,3,4,469,1,0,0
TXN004191,76.43,19,5,28,0,0,1
TXN004192,68.31,10,1,113,0,0,0
TXN004193,162.63,13,4,667,0,1,0
TXN004194,6.94,11,3,403,0,1,1
TXN004195,7.18,10,6,207,0,2,1
TXN004196,35.82,12,1,530,0,0,0
TXN004197,138.75,12,2,493,1,0,0
TXN004198,14.43,15,4,448,0,0,0
TXN004199,5.0,18,2,369,0,0,0
TXN004200,88.72,11,1,438,0,0,0
TXN004201,67.16,9,4,393,0,1,0
TXN004202,21.61,16,3,558,0,0,0
TXN004203,23.62,16,5,152,0,0,0
TXN004204,23.94,20,3,630,0,0,0
TXN004205,59.98,1,3,77,0,0,1
TXN004206,32.06,19,5,428,0,0,0
TXN004207,83.09,14,4,212,0,0,0
TXN004208,5.0,15,3,306,0,0,0
TXN004209,26.36,7,4,352,2,0,1
TXN004210,20.96,12,3,841,0,0,0
TXN004211,43.91,10,1,110,0,0,0
TXN004212,34.56,10,0,372,0,1,0
TXN004213,107.57,13,8,955,0,1,1
TXN004214,11.24,18,3,239,0,0,0
TXN004215,56.75,17,5,178,0,0,0
TXN004216,87.76,15,3,1056,0,0,0
TXN004217,264.58,14,3,11,0,1,0
TXN004218,36.25,12,5,298,0,0,0
TXN004219,71.94,22,3,456,0,0,0
TXN004220,11.78,14,1,258,0,0,0
TXN004221,7.15,10,3,647,0,0,0
TXN004222,111.95,10,3,500,1,1,0
TXN004223,54.34,15,2,593,0,0,0
TXN004224,148.67,14,0,83,1,2,1
TXN004225,16.99,0,6,1003,1,0,0
TXN004226,84.94,19,3,649,0,1,0
TXN004227,267.33,17,1,222,1,0,0
TXN004228,78.0,16,2,463,0,0,0
TXN004229,69.07,6,4,268,0,1,0
TXN004230,55.0,11,8,244,0,0,1
TXN004231,14.36,21,5,208,1,1,0
TXN004232,172.82,19,1,220,0,2,0
TXN004233,32.48,10,8,43,0,0,1
TXN004234,83.83,8,6,189,1,1,0
TXN004235,14.46,13,1,450,0,0,0
TXN004236,20.03,11,5,334,0,1,0
TXN004237,184.9,16,3,1332,1,0,0
TXN004238,40.64,22,3,273,0,0,0
TXN004239,187.78,12,5,563,0,1,0
TXN004240,51.09,6,1,1381,1,1,0
TXN004241,11.41,20,7,282,2,0,1
TXN004242,116.54,3,3,375,1,0,0
TXN004243,33.07,21,2,743,0,0,0
TXN004244,98.88,16,5,576,0,0,0
TXN004245,55.78,21,4,253,0,0,0
TXN004246,14.71,9,2,721,0,0,0
TXN004247,62.78,3,1,176,0,2,0
TXN004248,353.11,13,5,255,0,1,0
TXN004249,83.02,13,2,623,1,1,0
TXN004250,51.99,11,9,79,0,0,1
TXN004251,136.19,22,7,154,1,1,0
TXN004252,65.3,19,4,302,0,2,0
TXN004253,65.24,16,1,449,1,0,0
TXN004254,21.59,9,0,819,0,0,0
TXN004255,66.6,17,3,158,1,0,0
TXN004256,131.65,17,2,403,0,0,0
TXN004257,26.83,12,1,555,0,1,0
TXN004258,183.24,21,4,221,0,1,0
TXN004259,50.5,9,5,13,1,0,1
TXN004260,25.67,10,4,191,0,1,0
TXN004261,127.48,6,0,213,0,0,0
TXN004262,42.79,18,3,256,0,0,0
TXN004263,104.12,15,3,186,1,0,0
TXN004264,42.61,11,7,253,1,0,0
TXN004265,51.89,9,8,302,1,0,1
TXN004266,83.06,3,1,643,0,0,0
TXN004267,69.91,9,5,720,0,1,0
TXN004268,10.01,13,2,96,0,1,0
TXN004269,21.05,10,2,696,0,1,0
TXN004270,120.3,10,1,290,0,3,1
TXN004271,48.8,20,7,347,2,1,1
TXN004272,34.98,14,6,373,0,0,0
TXN004273,17.21,17,4,79,0,1,0
TXN004274,21.81,3,7,225,0,1,0
TXN004275,9.79,12,0,194,0,0,0
TXN004276,50.09,13,4,593,1,0,0
TXN004277,32.83,9,2,208,0,1,0
TXN004278,24.01,8,2,371,1,0,0
TXN004279,51.53,19,1,597,1,1,0
TXN004280,74.39,21,0,246,1,1,0
TXN004281,323.51,7,2,689,0,0,0
TXN004282,15.1,11,4,54,0,2,0
TXN004283,146.27,22,4,121,1,0,0
TXN004284,124.85,7,4,200,0,0,0
TXN004285,28.16,16,3,150,0,0,0
TXN004286,64.89,22,4,498,1,1,0
TXN004287,37.0,22,2,80,0,0,0
TXN004288,63.93,13,2,445,0,1,0
TXN004289,196.91,9,1,163,0,0,0
TXN004290,91.36,9,2,37,1,0,0
TXN004291,84.13,20,4,93,2,0,0
TXN004292,37.87,20,3,242,0,1,0
TXN004293,15.46,15,2,472,0,0,0
TXN004294,45.73,18,2,118,1,0,0
TXN004295,152.26,17,2,262,0,0,0
TXN004296,14.91,16,2,1087,0,0,0
TXN004297,22.27,19,2,172,0,0,0
TXN004298,60.78,16,3,178,0,1,0
TXN004299,23.64,14,3,69,0,1,0
TXN004300,27.84,10,1,68,0,2,0
TXN004301,38.09,17,1,186,0,0,0
TXN004302,17.1,13,3,679,0,0,0
TXN004303,23.86,11,3,382,1,1,0
TXN004304,99.28,18,0,251,0,0,0
TXN004305,17.97,16,2,213,0,0,0
TXN004306,14.04,21,2,77,0,0,0
TXN004307,31.96,9,5,322,1,0,0
TXN004308,101.71,16,1,468,0,2,0
TXN004309,46.18,10,3,385,0,0,1
TXN004310,36.79,20,2,330,0,1,1
TXN004311,56.7,7,4,229,0,2,0
TXN004312,12.38,16,6,284,0,0,0
TXN004313,83.14,18,4,267,0,0,0
TXN004314,75.64,11,2,724,0,1,0
TXN004315,38.56,21,2,300,0,1,0
TXN004316,128.39,19,3,518,0,1,0
TXN004317,20.94,11,9,403,0,1,1
TXN004318,142.41,0,2,181,0,1,1
TXN004319,62.26,11,2,130,0,0,0
TXN004320,41.01,10,3,1157,0,0,0
TXN004321,53.68,20,2,236,1,0,0
TXN004322,49.84,22,3,196,1,0,0
TXN004323,154.04,6,3,384,0,0,0
TXN004324,21.86,13,6,44,0,1,0
TXN004325,28.56,14,4,150,0,1,0
TXN004326,131.74,7,2,102,0,0,0
TXN004327,32.91,12,1,320,0,1,0
TXN004328,117.38,11,3,123,1,0,1
TXN004329,231.49,14,4,363,0,0,0
TXN004330,38.8,16,4,85,0,0,0
TXN004331,97.43,17,2,860,0,0,0
TXN004332,20.48,8,3,632,0,0,0
TXN004333,103.7,18,1,560,0,0,0
TXN004334,64.68,16,1,671,0,0,0
TXN004335,81.62,20,0,172,0,1,0
TXN004336,31.54,13,4,495,0,1,0
TXN004337,13.3,20,2,150,0,1,0
TXN004338,83.74,19,6,120,0,1,0
TXN004339,9.45,13,7,638,0,0,0
TXN004340,41.69,12,5,334,1,0,0
TXN004341,121.51,21,4,778,0,0,0
TXN004342,64.27,17,2,382,0,0,0
TXN004343,286.03,21,4,442,0,0,0
TXN004344,130.5,18,2,439,0,0,0
TXN004345,31.32,15,3,168,1,0,0
TXN004346,55.88,8,4,950,0,0,0
TXN004347,52.44,11,4,83,1,1,1
TXN004348,14.23,22,1,155,0,0,0
TXN004349,24.55,11,3,823,0,0,0
TXN004350,33.9,7,4,588,1,0,0
TXN004351,9.67,17,2,276,0,0,0
TXN004352,56.85,17,2,564,0,0,0
TXN004353,44.18,10,1,545,0,0,1
TXN004354,13.17,11,4,479,0,1,0
TXN004355,76.98,13,3,250,0,0,0
TXN004356,100.33,1,3,1183,0,0,0
TXN004357,66.22,18,3,362,0,0,0
TXN004358,41.45,11,3,116,0,1,0
TXN004359,90.26,19,3,210,0,1,1
TXN004360,97.34,18,4,440,0,1,0
TXN004361,70.9,16,3,108,0,0,0
TXN004362,27.09,11,5,128,1,0,0
TXN004363,69.07,14,2,510,0,0,0
TXN004364,150.83,13,4,1213,0,0,0
TXN004365,32.88,11,4,297,1,0,0
TXN004366,324.81,19,3,453,0,0,0
TXN004367,34.93,13,1,389,0,0,0
TXN004368,56.12,19,3,218,0,0,0
TXN004369,30.83,7,3,119,1,0,0
TXN004370,66.01,8,2,399,0,0,0
TXN004371,12.42,22,4,142,0,1,0
TXN004372,34.32,15,5,411,0,1,0
TXN004373,21.58,14,0,453,1,0,0
TXN004374,61.25,14,1,264,1,0,0
TXN004375,127.14,9,2,201,0,0,0
TXN004376,94.55,17,5,709,0,3,1
TXN004377,7.27,7,3,304,0,3,1
TXN004378,309.75,14,4,906,0,1,0
TXN004379,70.17,14,0,404,1,0,0
TXN004380,28.22,20,5,1049,0,0,0
TXN004381,62.4,14,3,210,1,1,0
TXN004382,63.42,8,6,169,0,0,0
TXN004383,30.97,14,3,431,1,0,0
TXN004384,64.6,7,3,433,1,0,0
TXN004385,32.58,9,6,566,0,0,0
TXN004386,38.72,2,2,291,0,0,1
TXN004387,30.47,14,1,336,1,0,0
TXN004388,16.15,7,3,251,0,0,0
TXN004389,61.8,13,4,324,0,2,0
TXN004390,89.79,21,4,171,1,0,0
TXN004391,84.58,17,3,295,1,1,0
TXN004392,109.61,7,2,420,0,1,0
TXN004393,71.93,10,2,472,1,1,0
TXN004394,34.72,16,4,135,1,0,0
TXN004395,111.47,20,6,417,1,1,0
TXN004396,17.22,2,2,605,0,0,0
TXN004397,25.39,18,6,475,1,0,0
TXN004398,24.06,14,7,71,1,0,0
TXN004399,136.74,14,2,314,0,0,0
TXN004400,121.68,22,2,279,0,1,0
TXN004401,82.62,17,5,137,0,0,0
TXN004402,135.79,19,2,104,1,0,0
TXN004403,25.86,11,2,437,0,1,0
TXN004404,73.43,14,6,399,0,1,0
TXN004405,49.09,15,6,246,0,1,0
TXN004406,112.15,11,6,412,0,0,0
TXN004407,49.5,14,3,351,0,1,0
TXN004408,39.36,10,2,54,0,2,0
TXN004409,86.47,8,2,100,1,1,0
TXN004410,114.98,12,2,456,0,0,0
TXN004411,30.94,17,6,245,1,0,0
TXN004412,51.84,20,2,608,1,0,0
TXN004413,22.21,13,1,415,0,0,0
TXN004414,6.53,16,2,112,0,1,0
TXN004415,64.74,7,2,136,0,0,0
TXN004416,91.61,20,2,122,0,0,1
TXN004417,68.22,14,4,688,0,0,0
TXN004418,10.41,18,6,570,0,0,0
TXN004419,40.52,18,3,188,0,0,0
TXN004420,8.28,10,3,726,0,1,0
TXN004421,174.91,14,2,763,0,0,0
TXN004422,21.69,22,3,1050,0,0,0
TXN004423,158.71,7,3,812,0,1,0
TXN004424,122.0,16,4,875,0,1,0
TXN004425,25.39,22,2,210,0,0,0
TXN004426,20.85,11,4,584,1,0,0
TXN004427,73.54,19,3,362,0,0,0
TXN004428,26.64,21,3,323,0,1,0
TXN004429,59.57,17,2,212,0,1,0
TXN004430,36.22,10,3,127,0,0,0
TXN004431,12.01,11,7,273,0,3,1
TXN004432,8.2,3,3,191,0,3,1
TXN004433,66.2,19,2,371,0,0,0
TXN004434,33.87,19,3,537,0,0,0
TXN004435,34.12,15,4,361,0,0,0
TXN004436,98.64,11,1,310,1,1,0
TXN004437,148.03,7,1,399,0,0,0
TXN004438,43.31,17,5,477,1,0,0
TXN004439,40.87,17,3,334,0,1,0
TXN004440,83.52,20,1,300,0,1,0
TXN004441,17.23,17,3,612,1,1,0
TXN004442,66.0,19,3,223,1,0,0
TXN004443,87.28,17,2,381,1,0,0
TXN004444,97.34,15,4,1968,1,0,0
TXN004445,10.53,12,2,409,0,1,0
TXN004446,28.58,20,5,55,0,0,0
TXN004447,25.88,16,3,234,0,1,0
TXN004448,59.44,12,0,33,0,0,0
TXN004449,82.16,7,1,519,0,0,0
TXN004450,194.84,11,2,52,0,1,0
TXN004451,35.85,14,4,31,1,0,0
TXN004452,35.77,10,4,467,0,0,0
TXN004453,145.07,9,1,125,1,0,0
TXN004454,70.25,14,3,264,0,0,0
TXN004455,160.37,9,7,576,0,0,0
TXN004456,69.78,18,3,303,1,4,1
TXN004457,20.42,13,4,762,0,0,0
TXN004458,17.58,14,7,438,2,0,1
TXN004459,14.6,8,3,165,0,0,0
TXN004460,95.85,11,2,990,1,0,0
TXN004461,149.95,12,2,411,0,0,0
TXN004462,262.95,18,8,444,0,2,1
TXN004463,111.79,18,0,179,0,0,0
TXN004464,146.7,10,4,202,0,0,0
TXN004465,33.35,15,8,237,2,0,1
TXN004466,20.43,10,1,443,0,2,0
TXN004467,112.46,23,2,342,0,2,0
TXN004468,77.87,21,3,75,1,0,0
TXN004469,59.82,14,4,686,0,0,0
TXN004470,75.89,16,1,173,1,0,0
TXN004471,71.86,18,6,982,1,0,0
TXN004472,162.59,17,3,1045,0,0,0
TXN004473,164.14,17,4,339,0,1,1
TXN004474,86.71,22,2,385,0,0,0
TXN004475,112.05,15,5,593,0,0,0
TXN004476,84.52,15,5,399,0,0,0
TXN004477,36.89,19,8,299,0,0,1
TXN004478,103.86,16,4,309,0,0,0
TXN004479,16.69,17,2,386,0,0,0
TXN004480,133.73,10,3,95,0,0,0
TXN004481,19.78,12,2,196,1,0,0
TXN004482,69.61,8,1,467,0,1,0
TXN004483,26.62,13,3,267,1,0,0
TXN004484,87.39,13,3,138,0,0,0
TXN004485,53.05,23,1,294,0,1,1
TXN004486,14.08,15,1,820,2,0,0
TXN004487,78.07,18,1,996,0,1,0
TXN004488,33.41,11,2,854,0,0,0
TXN004489,115.47,19,3,564,0,0,0
TXN004490,54.66,15,1,581,1,0,0
TXN004491,76.41,16,2,186,0,0,0
TXN004492,24.19,11,2,231,0,0,0
TXN004493,33.08,14,3,127,0,0,0
TXN004494,36.97,15,7,598,0,1,0
TXN004495,113.09,15,3,447,0,0,0
TXN004496,227.19,20,2,346,0,2,0
TXN004497,27.54,20,0,495,1,0,0
TXN004498,136.36,22,1,63,0,0,0
TXN004499,8.63,16,1,134,0,1,0
TXN004500,19.79,22,4,473,0,1,1
TXN004501,24.17,19,3,266,0,0,0
TXN004502,17.29,10,2,259,0,0,0
TXN004503,14.21,12,3,196,1,0,0
TXN004504,77.56,10,2,564,0,1,0
TXN004505,45.52,0,2,248,0,0,0
TXN004506,75.38,9,5,103,0,0,0
TXN004507,98.19,0,6,303,0,0,1
TXN004508,68.43,17,6,582,0,0,0
TXN004509,95.5,12,5,756,0,1,0
TXN004510,51.46,11,4,717,1,0,0
TXN004511,19.91,18,3,46,0,0,0
TXN004512,134.17,19,2,502,0,0,0
TXN004513,33.09,22,5,404,0,0,0
TXN004514,24.65,16,2,313,0,1,0
TXN004515,46.94,13,4,611,0,0,0
TXN004516,25.13,11,3,364,0,0,0
TXN004517,38.29,10,0,396,0,0,0
TXN004518,73.15,9,3,177,0,0,0
TXN004519,73.41,12,3,801,1,0,0
TXN004520,25.45,23,1,553,0,0,0
TXN004521,36.07,0,2,231,0,0,1
TXN004522,136.07,9,4,640,0,1,0
TXN004523,83.26,9,3,101,0,0,0
TXN004524,318.56,17,3,240,0,0,0
TXN004525,148.88,11,4,176,0,1,0
TXN004526,144.41,13,3,488,0,0,0
TXN004527,16.78,8,3,268,0,1,0
TXN004528,104.51,12,3,76,0,1,0
TXN004529,52.19,7,2,171,1,1,0
TXN004530,34.18,14,5,143,1,0,0
TXN004531,62.98,7,4,261,0,0,0
TXN004532,121.93,18,1,127,0,1,0
TXN004533,83.57,14,9,208,0,0,1
TXN004534,25.88,17,3,107,0,0,0
TXN004535,102.63,12,3,557,1,0,0
TXN004536,31.76,12,4,860,0,1,0
TXN004537,65.64,7,2,1385,1,0,0
TXN004538,42.19,14,3,418,0,0,0
TXN004539,45.33,14,4,177,0,0,0
TXN004540,104.72,13,6,404,1,1,0
TXN004541,22.55,17,6,966,0,0,0
TXN004542,285.26,19,1,320,1,1,0
TXN004543,11.61,17,2,652,0,2,0
TXN004544,32.85,8,4,29,0,1,0
TXN004545,74.79,15,1,453,0,0,0
TXN004546,89.72,7,2,91,0,0,0
TXN004547,50.13,16,2,922,0,0,0
TXN004548,52.0,12,4,625,0,0,0
TXN004549,77.4,8,3,618,1,0,0
TXN004550,44.86,19,4,137,1,0,0
TXN004551,178.43,15,4,349,0,0,0
TXN004552,111.44,11,2,143,0,2,0
TXN004553,114.65,2,4,493,0,0,0
TXN004554,24.02,14,7,213,1,0,0
TXN004555,51.04,21,3,400,0,0,0
TXN004556,42.29,15,5,412,0,1,0
TXN004557,23.23,22,2,531,0,0,0
TXN004558,74.15,8,3,320,0,0,0
TXN004559,34.57,14,3,474,0,0,0
TXN004560,95.31,18,4,345,1,0,0
TXN004561,21.98,14,2,122,0,1,0
TXN004562,235.38,7,6,480,1,2,0
TXN004563,25.49,15,4,469,1,0,0
TXN004564,65.79,15,4,104,0,1,0
TXN004565,107.03,17,4,138,0,0,0
TXN004566,33.61,18,2,191,0,1,0
TXN004567,112.69,18,3,294,0,0,0
TXN004568,19.21,16,2,170,2,0,0
TXN004569,187.6,9,1,317,0,0,1
TXN004570,55.26,12,3,234,0,0,0
TXN004571,32.89,18,1,947,0,0,0
TXN004572,42.34,21,1,491,1,1,0
TXN004573,108.59,7,3,590,0,2,0
TXN004574,33.22,14,0,8,0,0,0
TXN004575,28.88,11,5,132,1,2,0
TXN004576,45.23,10,3,349,1,0,0
TXN004577,20.08,13,1,301,0,0,0
TXN004578,256.59,15,2,166,0,1,0
TXN004579,33.74,0,0,379,0,0,0
TXN004580,110.71,18,3,560,2,1,0
TXN004581,65.24,19,2,204,0,0,0
TXN004582,23.64,22,5,557,0,1,0
TXN004583,54.32,9,1,203,0,1,0
TXN004584,106.31,15,4,959,0,0,0
TXN004585,46.52,12,4,475,0,2,0
TXN004586,150.53,11,2,680,0,0,0
TXN004587,130.1,14,2,133,2,1,0
TXN004588,119.23,18,3,106,1,1,0
TXN004589,36.94,1,1,391,1,0,0
TXN004590,21.8,22,5,255,0,0,0
TXN004591,32.41,18,1,418,1,0,0
TXN004592,64.51,17,4,166,2,0,0
TXN004593,86.83,18,4,453,0,0,0
TXN004594,8.62,12,4,763,0,0,0
TXN004595,54.22,17,5,291,0,0,0
TXN004596,62.45,12,1,128,0,1,0
TXN004597,43.12,20,7,553,0,1,0
TXN004598,163.63,9,7,315,0,0,0
TXN004599,78.14,11,6,148,2,0,0
TXN004600,166.28,14,5,631,1,0,0
TXN004601,45.44,11,3,514,0,0,0
TXN004602,121.13,12,0,355,1,0,0
TXN004603,219.16,13,3,59,1,0,0
TXN004604,166.49,19,2,242,0,0,0
TXN004605,21.58,14,3,342,1,0,0
TXN004606,44.01,11,4,381,1,0,0
TXN004607,40.72,10,3,131,1,1,0
TXN004608,82.75,12,1,299,0,0,0
TXN004609,97.85,14,3,205,0,1,0
TXN004610,26.76,17,5,142,0,3,1
TXN004611,57.84,8,6,711,0,0,0
TXN004612,9.81,10,2,166,1,0,0
TXN004613,185.98,12,4,1326,2,2,0
TXN004614,35.32,11,4,391,0,0,0
TXN004615,57.25,12,2,264,0,0,0
TXN004616,41.96,18,2,408,0,0,1
TXN004617,144.62,11,3,423,0,0,0
TXN004618,5.0,13,1,419,0,0,0
TXN004619,53.83,15,3,58,0,0,0
TXN004620,49.9,10,3,466,1,1,0
TXN004621,37.13,17,2,357,0,0,0
TXN004622,236.82,14,2,415,0,0,0
TXN004623,25.68,13,2,247,1,1,0
TXN004624,105.22,18,6,602,1,1,0
TXN004625,73.91,10,5,701,0,0,0
TXN004626,159.54,20,5,150,0,0,0
TXN004627,30.97,14,3,233,0,1,0
TXN004628,29.28,15,7,942,1,1,0
TXN004629,138.61,20,2,569,0,0,0
TXN004630,78.38,18,2,283,0,0,0
TXN004631,14.68,15,4,310,0,0,0
TXN004632,34.52,17,4,276,0,1,0
TXN004633,75.82,12,1,207,0,1,0
TXN004634,111.29,14,3,418,0,0,0
TXN004635,30.65,6,6,273,0,1,0
TXN004636,5.0,7,5,789,1,0,0
TXN004637,85.18,19,4,222,0,1,0
TXN004638,19.35,6,4,501,0,2,0
TXN004639,9.83,9,2,792,0,0,0
TXN004640,5.0,18,1,697,0,0,1
TXN004641,109.06,0,1,294,0,0,0
TXN004642,60.91,10,2,312,0,0,0
TXN004643,45.07,15,3,208,0,0,0
TXN004644,177.8,15,3,233,0,0,0
TXN004645,93.85,18,4,567,1,2,0
TXN004646,215.69,13,0,747,1,0,0
TXN004647,16.71,14,2,217,0,0,0
TXN004648,53.02,17,3,187,0,1,0
TXN004649,13.82,13,8,641,0,0,1
TXN004650,44.93,15,2,432,0,0,0
TXN004651,44.2,20,1,151,0,0,0
TXN004652,93.0,12,4,128,1,0,0
TXN004653,56.75,12,4,147,0,1,0
TXN004654,92.75,0,2,181,0,0,0
TXN004655,99.28,15,2,507,0,1,0
TXN004656,340.93,2,3,325,1,0,0
TXN004657,41.76,13,0,850,0,0,0
TXN004658,24.54,18,3,211,0,1,0
TXN004659,67.3,14,11,322,0,0,1
TXN004660,27.61,10,6,601,0,0,0
TXN004661,192.42,18,1,168,1,0,0
TXN004662,42.92,10,3,156,1,0,0
TXN004663,33.76,17,3,123,0,0,0
TXN004664,36.58,15,2,411,1,0,0
TXN004665,100.55,9,3,191,0,0,0
TXN004666,47.75,20,2,311,0,0,0
TXN004667,31.65,9,0,183,0,0,0
TXN004668,224.88,23,2,965,1,0,0
TXN004669,26.37,0,3,157,1,0,1
TXN004670,56.27,10,2,500,0,0,0
TXN004671,95.06,9,3,292,0,0,0
TXN004672,13.64,1,6,361,1,1,0
TXN004673,82.12,17,1,721,0,0,0
TXN004674,22.27,16,3,723,0,0,0
TXN004675,109.88,18,1,217,0,0,0
TXN004676,24.09,10,5,390,1,0,0
TXN004677,98.38,13,4,199,1,2,0
TXN004678,139.76,16,3,695,0,0,0
TXN004679,113.55,13,2,26,0,0,0
TXN004680,67.6,16,2,336,0,0,0
TXN004681,44.85,15,2,328,0,2,0
TXN004682,33.45,8,6,145,1,0,0
TXN004683,190.64,18,2,642,1,1,0
TXN004684,30.13,17,0,41,0,0,0
TXN004685,22.61,16,6,220,1,1,0
TXN004686,96.12,8,2,263,0,0,0
TXN004687,27.75,10,6,604,1,0,0
TXN004688,24.35,12,1,1009,0,2,0
TXN004689,16.01,10,4,548,1,0,1
TXN004690,36.22,10,3,390,0,1,0
TXN004691,50.89,18,4,905,0,0,0
TXN004692,67.13,15,3,137,0,0,0
TXN004693,122.56,14,1,591,0,1,0
TXN004694,85.44,10,3,168,0,1,0
TXN004695,46.42,21,3,315,0,1,0
TXN004696,46.13,9,5,512,0,0,0
TXN004697,84.24,18,3,445,0,1,0
TXN004698,161.05,22,3,220,0,1,0
TXN004699,60.79,17,5,125,1,0,0
TXN004700,36.64,23,5,553,0,1,0
TXN004701,23.48,16,4,231,0,0,0
TXN004702,15.98,9,5,496,1,0,0
TXN004703,96.19,9,3,573,0,1,0
TXN004704,89.24,11,6,1031,2,1,0
TXN004705,89.19,0,0,148,0,0,0
TXN004706,48.94,16,6,244,1,0,0
TXN004707,180.53,10,3,407,1,1,0
TXN004708,36.18,18,2,1096,1,0,0
TXN004709,122.97,11,5,108,0,0,0
TXN004710,52.83,13,4,348,1,0,0
TXN004711,32.55,22,3,545,1,0,0
TXN004712,90.35,10,4,181,0,0,0
TXN004713,77.34,17,2,163,0,0,0
TXN004714,73.95,17,4,1017,2,0,0
TXN004715,58.5,9,2,518,0,1,0
TXN004716,52.87,13,6,228,1,0,0
TXN004717,415.76,11,2,169,0,0,0
TXN004718,149.4,18,6,1358,0,0,0
TXN004719,100.93,15,3,596,1,0,0
TXN004720,60.04,13,2,169,0,0,1
TXN004721,128.52,18,3,1272,1,1,0
TXN004722,84.8,10,7,703,0,0,0
TXN004723,55.83,17,2,541,0,0,0
TXN004724,42.18,19,5,708,1,0,0
TXN004725,50.97,20,1,1205,0,2,0
TXN004726,5.0,18,3,482,0,0,0
TXN004727,65.3,12,2,153,0,2,0
TXN004728,36.05,23,3,338,0,1,0
TXN004729,211.4,12,2,533,0,1,0
TXN004730,55.5,15,6,208,1,1,0
TXN004731,19.87,9,2,196,1,2,0
TXN004732,52.33,22,4,451,1,0,0
TXN004733,22.44,17,4,286,0,0,0
TXN004734,81.65,17,5,672,0,0,0
TXN004735,69.92,6,3,380,1,0,0
TXN004736,123.24,18,3,87,0,0,0
TXN004737,27.88,18,7,1092,0,1,0
TXN004738,56.2,16,2,294,1,0,0
TXN004739,17.11,11,2,344,0,0,0
TXN004740,99.11,13,1,276,1,0,0
TXN004741,84.86,8,1,180,0,0,0
TXN004742,83.22,13,2,491,1,0,0
TXN004743,54.67,10,3,461,0,0,0
TXN004744,77.68,11,3,861,2,0,0
TXN004745,213.51,9,4,156,1,0,0
TXN004746,42.85,10,4,308,0,0,0
TXN004747,61.43,7,6,171,1,1,0
TXN004748,21.69,21,1,146,0,0,0
TXN004749,26.1,14,3,254,0,0,0
TXN004750,59.33,12,0,176,0,0,0
TXN004751,139.54,14,1,359,0,0,0
TXN004752,43.91,15,8,298,0,0,1
TXN004753,44.68,21,3,264,1,0,0
TXN004754,38.63,9,3,561,0,0,0
TXN004755,34.66,11,1,484,0,1,0
TXN004756,70.16,22,2,730,2,0,0
TXN004757,15.29,12,3,328,1,0,0
TXN004758,162.19,1,4,133,0,1,0
TXN004759,31.01,8,1,726,0,1,0
TXN004760,100.85,2,5,485,0,1,1
TXN004761,18.55,23,5,183,0,0,0
TXN004762,96.4,10,4,135,0,3,1
TXN004763,96.66,21,1,149,0,0,0
TXN004764,75.68,23,7,367,0,0,1
TXN004765,23.45,15,1,993,1,0,0
TXN004766,67.5,2,6,245,0,0,0
TXN004767,19.97,7,2,477,0,0,0
TXN004768,44.04,13,6,377,0,1,0
TXN004769,130.97,12,2,330,1,0,0
TXN004770,107.47,15,1,252,0,0,0
TXN004771,55.31,13,3,322,1,0,0
TXN004772,23.84,21,6,425,0,0,0
TXN004773,94.51,14,7,352,0,1,0
TXN004774,55.51,16,5,539,0,0,0
TXN004775,7.6,20,3,615,0,0,0
TXN004776,106.19,8,7,288,0,0,0
TXN004777,53.49,10,4,522,0,0,0
TXN004778,151.73,7,3,694,0,1,0
TXN004779,21.52,8,7,297,0,1,0
TXN004780,5.0,14,4,538,0,0,0
TXN004781,69.22,11,4,433,0,0,0
TXN004782,69.95,12,4,819,0,0,0
TXN004783,12.97,23,5,572,0,0,1
TXN004784,23.77,8,4,161,0,2,0
TXN004785,567.89,14,3,170,0,0,0
TXN004786,42.11,7,5,264,0,0,0
TXN004787,101.63,11,1,343,0,0,0
TXN004788,31.4,14,3,186,0,1,0
TXN004789,9.24,21,1,313,0,2,0
TXN004790,47.24,12,3,715,1,0,0
TXN004791,43.56,6,4,715,0,1,0
TXN004792,38.87,12,2,336,0,0,0
TXN004793,49.53,8,3,207,0,2,0
TXN004794,68.35,10,3,519,0,0,0
TXN004795,48.06,15,4,727,0,0,1
TXN004796,18.65,6,1,478,0,1,0
TXN004797,82.54,13,1,373,0,0,0
TXN004798,10.41,15,2,566,0,0,0
TXN004799,9.56,12,1,241,0,3,1
TXN004800,102.34,1,3,699,0,1,0
TXN004801,84.01,23,1,280,2,1,0
TXN004802,52.0,12,2,235,0,1,0
TXN004803,16.67,18,4,934,1,1,0
TXN004804,29.91,11,4,228,0,0,0
TXN004805,43.67,13,4,273,0,2,0
TXN004806,14.06,12,3,570,0,0,0
TXN004807,29.13,11,3,98,0,2,1
TXN004808,95.06,1,0,664,0,0,0
TXN004809,183.68,11,2,1132,0,1,0
TXN004810,38.22,20,1,304,0,0,0
TXN004811,103.86,16,2,201,2,0,0
TXN004812,10.73,8,5,224,0,0,0
TXN004813,95.63,15,3,287,0,0,0
TXN004814,27.57,20,1,737,0,0,0
TXN004815,70.9,17,6,624,0,1,0
TXN004816,44.23,8,4,479,1,0,0
TXN004817,167.73,19,2,362,0,1,0
TXN004818,25.96,11,4,157,1,2,0
TXN004819,93.08,13,5,380,0,1,0
TXN004820,43.05,14,5,153,1,0,0
TXN004821,47.72,19,2,224,0,1,0
TXN004822,46.7,21,5,365,0,1,1
TXN004823,26.61,21,4,406,1,1,0
TXN004824,53.95,0,4,553,0,0,1
TXN004825,51.77,21,3,530,0,1,0
TXN004826,67.02,5,0,992,0,0,0
TXN004827,58.66,10,5,232,0,2,0
TXN004828,107.59,14,3,542,1,0,0
TXN004829,119.7,13,4,474,1,1,0
TXN004830,22.35,15,5,498,0,0,0
TXN004831,114.26,13,2,721,1,1,0
TXN004832,19.92,21,5,475,1,1,0
TXN004833,89.99,10,5,317,0,0,0
TXN004834,92.46,10,3,526,1,0,0
TXN004835,10.76,21,5,262,0,0,0
TXN004836,59.09,7,2,240,0,0,0
TXN004837,36.66,15,4,142,1,2,0
TXN004838,28.65,16,3,844,2,0,0
TXN004839,172.13,13,5,1167,1,0,0
TXN004840,31.32,16,6,564,1,0,0
TXN004841,27.51,9,2,124,0,0,0
TXN004842,58.23,19,1,403,1,0,0
TXN004843,97.78,8,4,417,0,0,0
TXN004844,48.4,12,3,517,0,1,0
TXN004845,147.14,6,3,244,0,1,0
TXN004846,85.74,14,3,389,1,0,0
TXN004847,8.57,16,2,561,0,1,0
TXN004848,34.81,21,4,479,0,1,0
TXN004849,33.87,17,1,502,0,2,0
TXN004850,82.06,14,4,329,0,1,0
TXN004851,5.86,21,4,246,0,0,0
TXN004852,476.59,13,1,651,0,0,0
TXN004853,85.74,14,0,36,0,0,0
TXN004854,61.96,15,3,889,0,0,0
TXN004855,149.06,12,0,302,0,1,0
TXN004856,400.26,19,4,405,0,0,0
TXN004857,114.45,9,2,375,0,0,0
TXN004858,122.3,14,1,1002,0,0,0
TXN004859,61.01,17,1,272,0,0,0
TXN004860,48.41,20,4,993,1,1,0
TXN004861,36.44,20,6,515,0,0,0
TXN004862,27.05,14,4,772,0,2,0
TXN004863,30.45,16,4,660,0,2,0
TXN004864,17.32,12,5,258,0,1,0
TXN004865,51.19,13,2,58,2,1,0
TXN004866,13.04,20,3,264,0,1,0
TXN004867,64.22,21,0,32,1,0,0
TXN004868,52.94,20,4,332,1,0,0
TXN004869,61.86,8,4,886,0,1,0
TXN004870,35.03,19,2,149,1,1,0
TXN004871,746.45,21,3,378,0,0,0
TXN004872,173.49,11,5,329,0,0,0
TXN004873,18.96,14,3,820,1,2,0
TXN004874,66.55,18,0,47,0,0,0
TXN004875,32.56,14,2,730,1,0,0
TXN004876,23.05,23,5,96,1,1,0
TXN004877,17.48,13,7,516,0,0,0
TXN004878,78.84,17,0,314,0,0,0
TXN004879,30.59,18,0,241,1,0,0
TXN004880,124.29,13,1,384,0,1,0
TXN004881,127.07,19,1,225,0,0,0
TXN004882,175.53,14,3,325,1,0,0
TXN004883,26.46,12,5,929,0,0,0
TXN004884,81.78,8,2,179,0,0,0
TXN004885,93.46,12,3,91,1,1,0
TXN004886,36.49,17,2,189,0,0,0
TXN004887,28.33,21,5,323,0,0,0
TXN004888,214.45,10,3,321,1,0,0
TXN004889,66.25,11,5,221,0,0,0
TXN004890,93.74,8,2,651,0,0,0
TXN004891,27.15,16,2,766,0,1,0
TXN004892,19.37,22,1,187,0,0,0
TXN004893,33.65,16,5,213,1,0,0
TXN004894,49.14,15,3,249,1,0,0
TXN004895,22.1,14,3,514,0,1,0
TXN004896,54.14,7,3,110,0,1,0
TXN004897,13.0,17,3,427,0,1,0
TXN004898,21.07,15,3,278,2,2,0
TXN004899,96.57,16,2,212,1,0,0
TXN004900,91.22,20,4,862,0,0,0
TXN004901,39.13,18,4,211,0,0,0
TXN004902,22.99,18,0,241,0,1,0
TXN004903,22.8,21,7,917,0,0,0
TXN004904,39.75,23,5,361,0,1,1
TXN004905,94.43,15,3,845,0,0,0
TXN004906,120.18,8,1,599,0,0,0
TXN004907,35.8,13,3,172,1,0,0
TXN004908,20.48,18,5,350,1,0,0
TXN004909,68.56,2,2,444,0,1,0
TXN004910,27.11,5,2,863,0,1,0
TXN004911,35.15,6,2,195,1,0,0
TXN004912,168.42,17,4,538,1,0,0
TXN004913,110.28,13,7,1848,0,0,0
TXN004914,62.44,12,3,251,1,0,0
TXN004915,18.52,7,4,397,1,2,0
TXN004916,65.35,17,6,373,0,0,0
TXN004917,134.73,11,2,555,0,1,0
TXN004918,39.67,10,5,360,1,0,0
TXN004919,172.16,16,4,408,0,1,0
TXN004920,163.83,14,1,426,0,2,0
TXN004921,224.57,11,3,149,0,0,0
TXN004922,70.77,16,6,862,0,0,0
TXN004923,89.95,10,3,377,1,0,0
TXN004924,181.65,18,5,93,0,2,0
TXN004925,79.86,10,3,885,2,2,0
TXN004926,35.66,9,3,443,0,0,0
TXN004927,37.29,18,2,329,0,0,0
TXN004928,66.87,17,2,541,0,0,0
TXN004929,18.23,9,2,277,0,1,0
TXN004930,48.34,8,3,948,0,0,1
TXN004931,138.67,19,5,142,0,1,0
TXN004932,8.48,18,3,856,0,0,0
TXN004933,201.2,11,0,348,2,0,1
TXN004934,141.74,16,3,852,0,0,0
TXN004935,36.94,8,5,529,0,0,0
TXN004936,86.65,13,4,305,0,0,0
TXN004937,54.74,1,3,194,0,2,1
TXN004938,155.32,12,0,107,1,0,0
TXN004939,125.87,6,3,234,0,0,0
TXN004940,16.61,13,6,795,0,1,0
TXN004941,89.94,12,3,1043,0,0,0
TXN004942,45.84,13,6,401,0,2,0
TXN004943,58.58,4,2,50,0,2,0
TXN004944,29.4,11,3,222,1,0,0
TXN004945,241.27,17,4,102,1,0,0
TXN004946,132.17,12,2,598,0,0,0
TXN004947,29.11,17,4,275,2,0,0
TXN004948,17.56,12,2,301,0,0,0
TXN004949,39.34,12,2,252,0,1,0
TXN004950,78.99,14,4,276,0,0,0
TXN004951,66.97,21,3,109,0,0,0
TXN004952,158.41,8,2,135,0,1,0
TXN004953,106.85,2,2,410,0,0,0
TXN004954,124.48,15,6,334,0,1,0
TXN004955,72.08,21,3,223,1,2,0
TXN004956,16.76,23,2,1146,0,0,0
TXN004957,46.23,13,2,544,2,0,0
TXN004958,134.43,13,2,199,0,2,0
TXN004959,52.26,16,3,239,0,0,0
TXN004960,83.73,14,5,309,0,0,0
TXN004961,41.64,15,4,484,0,3,1
TXN004962,22.75,20,6,218,2,0,0
TXN004963,49.16,17,1,358,0,1,0
TXN004964,71.0,13,3,774,0,1,0
TXN004965,31.27,13,2,334,0,0,0
TXN004966,44.69,15,1,285,0,2,0
TXN004967,24.57,13,2,189,0,1,0
TXN004968,141.37,13,3,580,0,0,0
TXN004969,42.51,1,3,421,1,0,0
TXN004970,187.7,9,4,184,0,0,0
TXN004971,200.22,13,4,423,1,0,1
TXN004972,50.96,19,6,523,0,0,0
TXN004973,23.17,10,1,635,0,2,0
TXN004974,9.27,14,5,364,2,0,0
TXN004975,15.62,11,5,266,0,0,0
TXN004976,16.98,7,4,699,1,1,0
TXN004977,176.21,22,5,641,0,0,0
TXN004978,60.25,19,7,598,1,0,0
TXN004979,76.03,7,4,397,0,1,0
TXN004980,8.27,17,3,517,1,0,0
TXN004981,19.72,11,5,1432,0,1,0
TXN004982,116.05,23,3,390,1,0,1
TXN004983,69.67,11,6,289,1,1,0
TXN004984,48.18,10,1,461,0,0,0
TXN004985,88.24,14,1,578,0,0,0
TXN004986,219.3,19,3,193,2,0,0
TXN004987,45.25,9,3,531,1,2,0
TXN004988,57.91,17,6,304,0,1,0
TXN004989,64.31,6,4,1098,0,0,0
TXN004990,417.09,21,3,144,0,0,0
TXN004991,9.17,7,0,672,0,0,0
TXN004992,97.59,20,3,1361,0,0,0
TXN004993,49.52,13,2,128,0,2,0
TXN004994,88.39,13,2,823,0,1,0
TXN004995,31.23,22,3,245,0,0,0
TXN004996,52.37,23,3,87,0,0,0
TXN004997,99.95,16,4,210,0,1,0
TXN004998,769.68,8,0,572,0,0,0
TXN004999,108.51,13,4,539,0,0,0
TXN005000,26.55,14,4,335,1,0,0
TXN005001,38.08,14,2,128,0,0,0
TXN005002,37.14,14,4,105,0,0,0
TXN005003,11.87,1,4,406,0,0,1
TXN005004,41.24,17,1,147,0,0,0
TXN005005,101.79,17,2,260,0,1,0
TXN005006,18.48,8,3,134,0,0,0
TXN005007,133.11,14,3,496,0,0,0
TXN005008,82.65,14,3,192,0,0,0
TXN005009,29.25,16,3,772,0,1,0
TXN005010,48.41,7,2,172,1,1,0
TXN005011,212.42,15,5,488,0,1,0
TXN005012,101.85,10,4,38,0,0,0
TXN005013,55.01,13,3,901,0,0,0
TXN005014,44.61,18,0,690,1,0,0
TXN005015,58.27,17,2,693,0,0,0
TXN005016,35.34,8,0,536,0,0,0
TXN005017,9.12,15,2,488,0,0,0
TXN005018,309.78,22,4,406,0,0,0
TXN005019,62.3,8,2,186,1,1,0
TXN005020,76.59,19,3,88,0,0,0
TXN005021,51.98,17,1,331,0,2,0
TXN005022,29.23,18,2,219,0,0,0
TXN005023,46.62,10,2,170,0,1,0
TXN005024,14.02,10,2,436,0,0,0
TXN005025,378.24,20,1,556,0,1,0
TXN005026,19.12,11,2,405,2,1,0
TXN005027,22.71,6,4,81,0,1,0
TXN005028,37.55,15,4,855,0,1,0
TXN005029,163.18,8,4,114,0,0,0
TXN005030,55.28,18,6,88,0,1,0
TXN005031,19.09,16,1,436,0,2,0
TXN005032,158.57,20,2,341,0,0,0
TXN005033,101.63,18,4,321,0,0,0
TXN005034,86.29,8,3,360,0,0,0
TXN005035,100.32,12,2,363,2,0,0
TXN005036,417.89,18,2,180,0,0,1
TXN005037,349.79,12,4,310,0,1,0
TXN005038,30.46,22,1,188,1,4,1
TXN005039,217.09,17,3,235,0,1,0
TXN005040,75.62,1,6,431,0,0,1
TXN005041,83.45,20,3,172,0,0,0
TXN005042,12.96,7,5,229,0,0,1
TXN005043,47.24,8,4,96,1,1,0
TXN005044,27.36,17,2,299,0,1,0
TXN005045,110.37,19,5,531,0,0,0
TXN005046,135.7,14,1,139,0,1,1
TXN005047,9.36,10,1,220,0,0,0
TXN005048,53.59,11,6,103,1,0,0
TXN005049,141.68,11,2,260,1,0,0
TXN005050,46.59,11,2,286,1,0,0
TXN005051,101.46,10,1,425,0,0,0
TXN005052,73.59,15,5,359,1,1,0
TXN005053,73.0,20,4,710,0,0,0
TXN005054,43.35,11,3,88,2,0,0
TXN005055,19.41,9,0,142,1,0,0
TXN005056,21.05,19,1,50,0,0,0
TXN005057,99.78,17,2,146,2,0,0
TXN005058,55.51,21,9,631,0,0,1
TXN005059,48.53,9,2,745,0,0,0
TXN005060,38.08,8,5,439,0,0,0
TXN005061,42.12,14,4,223,1,0,0
TXN005062,132.94,15,1,325,0,1,0
TXN005063,41.06,13,3,381,0,1,0
TXN005064,17.46,15,4,329,0,1,0
TXN005065,102.73,9,5,186,0,0,0
TXN005066,45.87,13,6,173,0,0,0
TXN005067,56.07,16,4,192,0,0,0
TXN005068,214.1,12,1,182,0,0,0
TXN005069,53.65,16,3,625,1,1,0
TXN005070,69.81,13,2,432,0,0,0
TXN005071,20.04,11,2,603,0,1,0
TXN005072,45.3,11,2,323,0,0,1
TXN005073,91.66,12,6,459,0,1,0
TXN005074,14.55,1,5,453,0,0,0
TXN005075,64.76,16,3,332,0,1,0
TXN005076,59.48,19,2,343,0,0,0
TXN005077,56.55,11,1,434,0,0,0
TXN005078,131.84,4,0,389,2,1,0
TXN005079,72.55,23,4,901,0,0,1
TXN005080,191.78,10,5,251,0,0,1
TXN005081,23.46,8,4,325,2,1,0
TXN005082,61.29,12,1,317,1,0,0
TXN005083,58.66,17,4,322,0,1,0
TXN005084,22.0,11,2,749,0,0,0
TXN005085,123.08,14,4,148,0,0,0
TXN005086,393.85,12,1,684,1,0,0
TXN005087,53.81,8,2,236,0,1,0
TXN005088,83.87,11,4,1521,1,1,0
TXN005089,58.66,17,1,158,1,1,0
TXN005090,29.77,15,3,305,1,1,0
TXN005091,11.62,8,3,165,0,2,0
TXN005092,29.97,9,7,1198,2,0,1
TXN005093,16.72,16,4,216,1,0,0
TXN005094,232.41,18,3,434,0,1,0
TXN005095,49.51,11,1,260,0,1,0
TXN005096,40.69,15,3,337,1,0,0
TXN005097,116.25,9,2,641,0,0,0
TXN005098,21.04,11,3,54,2,0,1
TXN005099,28.45,1,3,93,2,0,1
TXN005100,57.85,18,2,344,0,0,0
TXN005101,130.9,12,5,412,1,1,0
TXN005102,83.63,18,3,435,1,0,0
TXN005103,67.43,17,1,730,0,0,0
TXN005104,58.35,19,3,572,2,1,0
TXN005105,76.72,10,1,16,0,1,0
TXN005106,64.81,9,4,45,0,2,0
TXN005107,22.75,22,7,109,0,1,0
TXN005108,56.78,17,1,199,0,0,0
TXN005109,21.92,19,7,303,0,2,1
TXN005110,58.49,0,6,357,0,0,1
TXN005111,36.29,11,2,185,0,0,0
TXN005112,472.71,17,2,614,0,1,0
TXN005113,52.78,7,1,156,0,0,0
TXN005114,16.55,14,5,1079,0,0,0
TXN005115,48.71,12,3,380,1,1,0
TXN005116,84.9,1,1,744,0,3,1
TXN005117,226.41,10,5,264,0,2,0
TXN005118,33.08,10,1,384,0,0,0
TXN005119,14.22,8,6,309,0,1,0
TXN005120,109.32,15,3,80,0,1,0
TXN005121,16.89,10,3,369,2,0,0
TXN005122,37.69,10,1,110,1,4,1
TXN005123,43.86,20,1,283,0,0,0
TXN005124,51.46,13,2,306,1,1,0
TXN005125,98.08,12,6,1156,0,0,1
TXN005126,30.54,17,5,574,0,0,0
TXN005127,43.26,20,1,327,0,0,0
TXN005128,53.94,2,2,397,1,0,1
TXN005129,62.0,13,2,585,1,0,0
TXN005130,59.33,15,2,532,1,0,0
TXN005131,79.09,11,3,351,0,1,0
TXN005132,111.86,18,2,218,0,2,1
TXN005133,76.23,22,1,545,0,0,0
TXN005134,80.28,21,5,72,0,0,0
TXN005135,14.23,10,2,469,1,1,0
TXN005136,56.98,10,4,1137,0,0,0
TXN005137,82.07,22,4,204,1,1,0
TXN005138,101.45,13,5,192,0,1,0
TXN005139,30.31,9,1,313,0,0,0
TXN005140,31.18,17,5,1572,2,1,0
TXN005141,33.52,10,7,68,0,0,0
TXN005142,86.14,10,2,502,0,0,0
TXN005143,131.47,20,6,141,0,0,0
TXN005144,38.62,9,5,119,1,1,0
TXN005145,118.13,6,4,429,0,2,0
TXN005146,60.64,10,4,625,0,2,0
TXN005147,49.12,15,3,382,0,0,0
TXN005148,45.62,8,8,30,0,0,1
TXN005149,102.99,13,3,103,0,0,0
TXN005150,72.01,15,5,363,0,2,0
TXN005151,377.83,19,1,775,1,0,0
TXN005152,26.46,10,5,396,1,2,0
TXN005153,84.81,18,3,22,0,0,0
TXN005154,34.82,10,6,863,1,0,0
TXN005155,26.08,16,2,467,0,0,0
TXN005156,54.1,12,2,303,1,0,0
TXN005157,61.36,8,5,325,1,1,0
TXN005158,652.26,17,4,92,0,1,0
TXN005159,46.69,9,2,538,2,1,0
TXN005160,20.89,9,2,574,1,0,0
TXN005161,68.86,11,0,732,0,1,0
TXN005162,9.36,16,2,549,0,0,0
TXN005163,50.49,10,3,1008,0,0,0
TXN005164,55.35,9,3,580,0,1,0
TXN005165,107.28,0,3,577,0,0,0
TXN005166,124.91,13,1,149,0,0,0
TXN005167,35.59,12,3,103,0,0,0
TXN005168,48.04,10,4,384,0,1,0
TXN005169,28.47,5,2,349,0,1,0
TXN005170,20.93,12,4,43,0,0,0
TXN005171,71.05,18,3,351,1,0,0
TXN005172,18.49,17,6,761,0,0,0
TXN005173,38.38,19,3,650,0,0,0
TXN005174,23.43,0,4,1205,0,0,1
TXN005175,87.12,22,3,550,0,0,0
TXN005176,252.45,11,2,803,1,0,0
TXN005177,18.06,23,1,695,1,1,1
TXN005178,11.3,10,2,846,0,0,1
TXN005179,49.1,13,4,227,0,0,0
TXN005180,55.33,11,4,142,0,0,0
TXN005181,65.75,11,2,999,1,0,0
TXN005182,37.36,19,4,121,2,1,0
TXN005183,46.04,17,5,273,0,0,0
TXN005184,74.62,23,2,275,0,0,0
TXN005185,132.21,15,3,333,0,0,0
TXN005186,10.36,13,6,289,1,0,0
TXN005187,39.9,7,5,361,0,0,0
TXN005188,65.48,23,4,470,0,0,1
TXN005189,25.02,14,1,440,0,0,0
TXN005190,237.82,17,4,48,0,1,0
TXN005191,31.81,12,5,241,0,0,0
TXN005192,52.72,14,1,296,0,0,0
TXN005193,87.59,21,2,822,0,0,0
TXN005194,33.03,9,4,78,0,0,0
TXN005195,11.36,11,2,627,0,2,0
TXN005196,37.93,8,1,572,0,0,0
TXN005197,130.98,18,2,406,0,2,0
TXN005198,41.0,6,3,416,0,0,0
TXN005199,26.59,7,2,242,0,0,0
TXN005200,119.92,11,2,271,0,0,0
TXN005201,41.22,14,5,574,0,1,0
TXN005202,35.39,12,1,179,0,0,0
TXN005203,61.99,4,4,390,1,2,0
TXN005204,105.12,22,3,217,1,1,0
TXN005205,413.42,21,4,487,0,1,0
TXN005206,110.29,10,5,298,2,2,0
TXN005207,146.33,17,3,145,1,1,0
TXN005208,35.51,15,2,615,0,0,0
TXN005209,22.83,10,2,165,0,0,0
TXN005210,57.57,10,4,374,1,0,0
TXN005211,59.81,13,2,948,2,0,0
TXN005212,21.83,12,3,591,0,1,0
TXN005213,47.04,11,2,384,0,0,0
TXN005214,76.66,18,5,242,0,0,0
TXN005215,74.17,13,2,1128,0,1,0
TXN005216,83.82,16,4,374,0,0,0
TXN005217,69.92,9,2,385,0,0,0
TXN005218,35.48,14,5,406,0,1,0
TXN005219,35.28,11,5,179,1,1,0
TXN005220,19.71,14,1,344,0,0,0
TXN005221,248.9,18,2,341,2,1,0
TXN005222,55.23,18,2,218,0,2,0
TXN005223,45.1,11,2,720,0,0,0
TXN005224,24.79,16,5,772,0,0,0
TXN005225,662.03,21,2,295,0,1,0
TXN005226,21.93,15,5,788,0,0,0
TXN005227,37.92,8,6,455,0,1,0
TXN005228,77.75,16,3,256,0,0,0
TXN005229,90.94,7,3,600,1,0,0
TXN005230,123.25,19,6,95,1,1,0
TXN005231,253.78,14,4,391,0,0,0
TXN005232,83.95,12,3,783,2,0,0
TXN005233,22.25,5,1,187,0,0,0
TXN005234,43.89,12,1,137,0,2,0
TXN005235,70.93,20,4,360,0,0,0
TXN005236,316.71,1,1,346,0,1,0
TXN005237,16.64,13,1,129,0,1,0
TXN005238,151.74,21,2,25,1,0,0
TXN005239,63.62,12,4,43,0,0,0
TXN005240,111.29,12,5,811,0,0,0
TXN005241,50.06,15,4,42,0,0,0
TXN005242,26.68,13,0,696,0,0,0
TXN005243,103.36,9,2,112,0,0,0
TXN005244,95.23,1,4,222,0,0,1
TXN005245,124.74,15,3,152,0,2,0
TXN005246,53.98,21,5,199,1,0,1
TXN005247,32.79,7,4,633,1,0,0
TXN005248,14.51,9,3,180,0,1,0
TXN005249,109.56,12,3,595,0,0,0
TXN005250,78.28,18,3,233,0,0,0
TXN005251,24.02,10,5,343,0,0,0
TXN005252,34.54,20,3,119,0,3,1
TXN005253,36.72,5,5,482,1,0,0
TXN005254,15.48,21,1,576,0,0,0
TXN005255,27.25,14,4,393,0,1,0
TXN005256,20.83,16,3,222,0,1,0
TXN005257,38.45,12,6,288,0,1,0
TXN005258,29.14,18,2,178,0,1,0
TXN005259,13.7,9,3,116,1,1,0
TXN005260,304.66,5,2,451,0,0,0
TXN005261,158.33,12,3,176,0,0,0
TXN005262,28.16,19,5,429,0,0,0
TXN005263,68.82,17,3,520,0,0,0
TXN005264,77.85,14,5,310,0,1,0
TXN005265,150.27,14,1,731,0,0,0
TXN005266,27.23,8,2,370,1,1,0
TXN005267,138.14,19,5,372,2,2,0
TXN005268,34.27,18,1,173,0,0,0
TXN005269,17.54,16,1,508,0,0,0
TXN005270,101.04,13,5,1010,1,0,0
TXN005271,163.55,22,6,178,0,0,0
TXN005272,492.61,20,3,193,0,1,0
TXN005273,19.69,16,4,519,0,0,0
TXN005274,98.9,12,4,348,0,2,0
TXN005275,38.54,15,3,448,1,0,0
TXN005276,106.26,14,3,330,0,1,0
TXN005277,15.64,12,3,1169,0,0,0
TXN005278,18.66,11,4,157,0,1,0
TXN005279,28.23,12,4,613,0,0,0
TXN005280,58.39,14,4,259,0,0,0
TXN005281,31.66,12,2,277,0,1,0
TXN005282,95.6,10,2,291,0,0,0
TXN005283,130.69,18,7,630,0,0,0
TXN005284,90.89,14,8,756,0,1,1
TXN005285,216.15,6,4,144,0,0,0
TXN005286,77.75,12,2,111,0,1,0
TXN005287,19.41,20,3,290,0,0,0
TXN005288,173.97,17,5,605,0,0,0
TXN005289,32.64,11,2,188,0,0,0
TXN005290,118.37,21,3,325,1,1,0
TXN005291,208.03,7,2,110,0,0,0
TXN005292,80.49,22,4,198,0,0,0
TXN005293,15.31,10,3,480,0,3,1
TXN005294,25.02,0,4,129,1,2,0
TXN005295,168.06,12,1,99,0,0,0
TXN005296,47.29,11,4,468,0,0,0
TXN005297,58.42,14,2,407,0,1,0
TXN005298,104.06,18,3,270,0,0,0
TXN005299,98.68,19,4,451,0,1,0
TXN005300,69.2,12,2,484,0,0,0
TXN005301,45.72,12,1,214,0,2,0
TXN005302,41.86,8,4,100,0,0,0
TXN005303,113.21,4,3,440,0,0,0
TXN005304,87.4,16,2,116,0,0,0
TXN005305,43.87,6,6,769,0,1,0
TXN005306,136.97,17,4,392,0,2,0
TXN005307,48.93,14,1,544,1,0,0
TXN005308,26.47,9,6,291,0,0,0
TXN005309,28.64,14,7,239,1,0,0
TXN005310,23.76,9,3,752,0,0,0
TXN005311,43.31,13,1,409,0,0,0
TXN005312,155.81,18,3,582,0,0,0
TXN005313,27.54,13,6,735,0,0,0
TXN005314,64.08,8,2,618,0,0,0
TXN005315,31.24,17,3,1159,0,1,0
TXN005316,43.76,9,0,544,0,1,0
TXN005317,15.13,17,3,141,1,0,0
TXN005318,45.27,13,1,265,0,0,0
TXN005319,46.31,13,4,426,0,1,0
TXN005320,86.42,19,2,144,0,0,0
TXN005321,66.01,17,5,455,0,1,0
TXN005322,19.71,2,5,292,0,0,0
TXN005323,137.22,11,4,253,0,0,0
TXN005324,65.28,19,3,971,0,0,0
TXN005325,64.63,1,4,573,2,0,0
TXN005326,54.17,14,2,423,1,0,0
TXN005327,35.16,17,5,499,0,1,0
TXN005328,65.7,15,3,140,0,1,0
TXN005329,81.8,18,6,933,1,1,0
TXN005330,12.37,17,5,472,0,0,0
TXN005331,34.54,16,1,226,0,0,0
TXN005332,43.96,19,2,399,0,1,0
TXN005333,67.88,16,3,771,0,0,0
TXN005334,150.55,12,3,588,1,0,0
TXN005335,28.33,13,3,446,0,0,0
TXN005336,35.76,17,2,625,0,0,0
TXN005337,35.32,20,5,247,1,0,0
TXN005338,27.62,10,2,568,0,0,0
TXN005339,40.65,11,4,112,1,0,0
TXN005340,105.13,21,6,305,0,1,0
TXN005341,22.29,15,3,484,0,0,0
TXN005342,78.54,9,5,603,0,1,0
TXN005343,12.85,16,1,141,0,0,0
TXN005344,33.88,23,4,386,0,0,1
TXN005345,41.26,19,1,378,0,0,0
TXN005346,226.7,17,2,45,2,0,0
TXN005347,43.22,9,3,482,1,0,0
TXN005348,8.41,20,3,198,0,0,0
TXN005349,9.98,14,1,287,0,1,0
TXN005350,56.2,20,3,438,1,0,0
TXN005351,91.99,11,2,301,0,1,0
TXN005352,75.12,6,5,125,0,0,0
TXN005353,62.96,13,4,217,0,0,0
TXN005354,146.63,10,3,454,0,1,0
TXN005355,34.51,17,6,163,0,1,0
TXN005356,116.82,22,4,438,0,0,0
TXN005357,13.64,16,3,412,0,0,0
TXN005358,25.3,20,3,300,0,0,0
TXN005359,11.75,13,3,533,1,1,0
TXN005360,43.22,18,1,634,0,1,0
TXN005361,52.49,19,2,275,0,0,0
TXN005362,60.16,17,5,236,0,1,0
TXN005363,57.55,13,3,255,0,0,0
TXN005364,24.82,15,5,357,0,1,0
TXN005365,46.45,17,7,473,3,2,1
TXN005366,15.29,10,3,1011,0,1,0
TXN005367,173.95,18,2,179,0,1,0
TXN005368,42.18,21,2,134,1,0,0
TXN005369,36.03,13,1,131,0,0,0
TXN005370,210.73,17,4,320,0,0,0
TXN005371,18.99,17,1,312,1,1,0
TXN005372,20.97,16,5,263,0,1,0
TXN005373,21.5,14,5,738,1,0,0
TXN005374,51.54,20,0,728,0,0,0
TXN005375,78.8,13,5,594,0,0,0
TXN005376,102.38,6,3,273,0,0,0
TXN005377,485.99,19,2,423,0,0,0
TXN005378,8.07,16,6,541,1,0,0
TXN005379,91.6,19,3,1025,2,0,0
TXN005380,34.0,8,0,330,0,1,0
TXN005381,33.17,2,2,371,1,0,0
TXN005382,32.24,21,1,214,1,1,0
TXN005383,25.22,8,8,763,0,0,1
TXN005384,228.57,18,4,766,0,1,0
TXN005385,111.72,19,4,363,0,0,0
TXN005386,55.69,17,3,128,0,0,0
TXN005387,172.15,8,4,244,0,1,0
TXN005388,15.09,16,3,938,0,0,0
TXN005389,17.62,20,5,163,0,1,1
TXN005390,8.57,12,5,428,0,0,0
TXN005391,30.13,12,2,501,0,1,0
TXN005392,62.64,13,2,124,0,0,0
TXN005393,59.59,7,4,160,1,1,0
TXN005394,61.99,20,5,386,0,1,0
TXN005395,16.45,19,5,435,0,0,0
TXN005396,108.06,23,5,240,0,1,1
TXN005397,66.93,15,2,365,0,1,0
TXN005398,101.81,17,5,654,0,0,0
TXN005399,10.93,9,3,1023,0,0,0
TXN005400,71.15,16,4,55,0,1,0
TXN005401,19.89,16,6,737,0,0,0
TXN005402,38.95,20,5,160,1,1,0
TXN005403,85.99,19,3,375,0,0,0
TXN005404,58.99,21,4,574,0,0,0
TXN005405,26.47,19,3,66,1,0,0
TXN005406,54.89,19,4,199,1,0,0
TXN005407,14.85,6,3,492,0,0,0
TXN005408,145.14,19,5,270,1,0,0
TXN005409,45.86,15,2,284,1,0,0
TXN005410,141.28,12,5,134,0,0,0
TXN005411,34.9,5,4,151,0,1,0
TXN005412,34.99,16,1,173,0,3,1
TXN005413,28.52,11,2,608,0,0,0
TXN005414,114.98,13,9,309,0,1,1
TXN005415,29.87,16,4,104,1,0,0
TXN005416,94.43,20,6,524,0,1,0
TXN005417,39.45,19,5,622,0,1,0
TXN005418,10.18,13,0,58,0,0,0
TXN005419,33.62,12,4,696,0,0,0
TXN005420,20.04,10,4,124,0,0,0
TXN005421,56.19,12,2,613,0,1,0
TXN005422,19.85,8,3,507,0,0,0
TXN005423,119.95,22,2,239,0,0,0
TXN005424,50.53,14,9,54,1,0,1
TXN005425,46.95,8,4,468,0,1,0
TXN005426,95.35,11,4,325,2,0,0
TXN005427,123.88,14,3,588,1,0,0
TXN005428,53.67,14,2,360,1,0,0
TXN005429,28.35,3,3,316,0,0,1
TXN005430,12.09,21,3,429,0,0,0
TXN005431,30.47,10,3,339,0,1,0
TXN005432,32.31,1,4,732,0,1,1
TXN005433,59.8,7,2,281,0,1,0
TXN005434,40.72,15,5,619,0,0,0
TXN005435,97.98,8,4,478,0,0,0
TXN005436,32.43,4,3,390,0,1,1
TXN005437,52.01,12,4,71,0,0,0
TXN005438,149.36,15,2,305,0,1,0
TXN005439,73.01,8,0,115,0,0,0
TXN005440,51.88,11,3,220,2,0,0
TXN005441,32.73,12,4,208,1,0,0
TXN005442,31.87,9,1,630,1,1,0
TXN005443,26.5,13,5,344,1,0,0
TXN005444,34.47,7,3,673,0,0,0
TXN005445,103.78,4,2,108,0,1,0
TXN005446,45.21,14,1,289,0,0,0
TXN005447,17.33,10,6,1148,0,0,0
TXN005448,245.41,7,3,406,0,0,0
TXN005449,71.66,12,2,191,1,0,0
TXN005450,16.51,20,2,145,0,0,0
TXN005451,37.5,17,1,534,0,2,0
TXN005452,59.99,18,2,307,0,1,0
TXN005453,232.5,19,3,627,0,1,0
TXN005454,21.29,22,3,85,1,0,1
TXN005455,125.17,18,4,11,1,1,0
TXN005456,179.39,15,2,260,1,0,0
TXN005457,32.0,12,1,310,0,0,0
TXN005458,43.13,9,0,102,0,0,0
TXN005459,22.63,16,5,673,0,0,0
TXN005460,45.93,23,3,459,0,1,0
TXN005461,52.93,13,1,641,1,0,0
TXN005462,95.65,17,1,645,0,0,0
TXN005463,137.92,13,4,116,1,1,0
TXN005464,28.91,12,4,405,0,0,0
TXN005465,10.26,12,7,503,0,0,0
TXN005466,53.62,13,3,625,0,0,0
TXN005467,70.07,12,7,851,0,2,1
TXN005468,67.49,17,2,775,0,0,0
TXN005469,41.36,20,6,120,0,1,0
TXN005470,60.71,20,2,346,0,0,0
TXN005471,197.97,10,5,282,0,1,0
TXN005472,75.53,20,4,181,0,0,0
TXN005473,39.75,11,3,247,0,0,0
TXN005474,35.69,11,1,825,0,1,0
TXN005475,47.26,17,1,404,0,0,0
TXN005476,219.47,11,2,43,0,0,0
TXN005477,46.72,5,2,74,0,1,0
TXN005478,53.69,12,3,270,0,0,0
TXN005479,36.24,17,4,1064,1,1,0
TXN005480,138.95,11,2,113,1,0,0
TXN005481,288.84,15,1,613,0,0,0
TXN005482,80.08,16,3,365,0,0,0
TXN005483,58.58,17,1,524,0,1,0
TXN005484,56.33,20,5,545,0,0,0
TXN005485,7.19,12,2,1025,0,1,0
TXN005486,102.86,9,2,582,0,2,0
TXN005487,61.19,11,2,286,0,1,0
TXN005488,78.58,12,1,218,1,0,0
TXN005489,29.82,17,4,870,0,0,0
TXN005490,39.38,0,3,250,0,0,0
TXN005491,38.5,11,4,417,0,0,0
TXN005492,130.11,18,8,98,0,0,1
TXN005493,39.57,16,3,109,0,1,0
TXN005494,320.62,17,4,349,0,0,0
TXN005495,78.75,18,3,109,0,0,1
TXN005496,18.46,18,2,401,1,0,0
TXN005497,48.95,16,1,107,0,0,0
TXN005498,31.38,13,6,594,0,1,0
TXN005499,8.46,23,2,257,0,1,1
TXN005500,212.63,14,6,535,1,2,0
TXN005501,99.25,9,2,523,1,0,0
TXN005502,85.9,11,3,494,0,0,0
TXN005503,62.84,16,2,431,0,0,0
TXN005504,16.87,21,1,422,1,0,1
TXN005505,36.2,9,4,272,0,0,0
TXN005506,111.67,7,2,319,1,1,0
TXN005507,22.34,20,7,871,1,2,1
TXN005508,6.35,20,4,623,0,0,0
TXN005509,45.01,10,3,320,1,0,0
TXN005510,48.4,12,6,168,1,0,0
TXN005511,61.27,16,4,160,0,2,0
TXN005512,101.42,11,4,390,0,0,0
TXN005513,93.88,20,5,606,0,1,0
TXN005514,68.03,8,4,517,0,0,0
TXN005515,150.84,3,4,2000,0,1,1
TXN005516,15.01,9,2,121,1,1,1
TXN005517,83.84,10,2,180,1,1,0
TXN005518,93.0,8,5,699,0,1,0
TXN005519,19.04,6,3,222,0,0,0
TXN005520,15.22,17,4,239,0,0,0
TXN005521,28.96,9,2,1059,0,1,0
TXN005522,31.11,20,3,542,0,0,0
TXN005523,103.59,12,2,498,0,0,0
TXN005524,32.38,16,3,65,0,0,0
TXN005525,26.37,10,0,386,1,0,0
TXN005526,32.46,10,1,195,1,0,0
TXN005527,141.29,14,0,222,2,0,0
TXN005528,55.21,14,3,835,0,0,0
TXN005529,46.88,18,4,164,0,2,0
TXN005530,49.72,17,5,326,1,0,0
TXN005531,163.74,16,0,397,0,0,0
TXN005532,28.88,13,1,256,0,1,0
TXN005533,167.03,20,6,158,0,1,0
TXN005534,65.3,15,1,377,0,0,0
TXN005535,47.64,23,6,377,1,0,0
TXN005536,457.49,19,2,464,0,1,0
TXN005537,22.26,4,5,604,0,1,0
TXN005538,40.42,11,4,194,1,1,0
TXN005539,19.15,14,3,146,2,1,0
TXN005540,122.68,17,3,353,0,0,0
TXN005541,229.48,14,6,161,0,0,0
TXN005542,225.75,18,2,550,0,2,0
TXN005543,154.53,10,4,287,0,0,0
TXN005544,46.16,9,3,800,0,0,0
TXN005545,40.03,5,10,202,0,0,1
TXN005546,13.19,14,3,381,0,0,0
TXN005547,308.12,16,2,241,0,0,0
TXN005548,81.34,11,4,123,0,0,0
TXN005549,35.94,15,1,244,0,0,0
TXN005550,168.82,5,6,192,1,0,0
TXN005551,23.88,7,2,157,0,1,0
TXN005552,77.14,17,9,80,2,0,1
TXN005553,47.15,12,4,597,0,0,0
TXN005554,93.96,16,4,254,1,0,0
TXN005555,51.73,19,0,2000,0,0,0
TXN005556,15.91,19,1,450,0,1,0
TXN005557,58.22,9,3,159,0,0,0
TXN005558,133.16,13,2,320,1,0,0
TXN005559,53.26,17,2,264,0,0,0
TXN005560,105.51,18,0,248,1,0,0
TXN005561,22.45,18,2,415,0,0,0
TXN005562,53.39,10,0,298,1,1,0
TXN005563,32.11,9,3,432,1,0,0
TXN005564,103.02,15,4,240,0,0,0
TXN005565,56.08,17,2,123,0,1,0
TXN005566,98.16,11,4,357,1,0,0
TXN005567,137.63,7,5,224,0,1,0
TXN005568,98.29,17,3,678,0,0,0
TXN005569,68.87,11,2,338,0,0,0
TXN005570,23.37,9,3,113,0,1,0
TXN005571,54.47,8,1,136,0,0,0
TXN005572,34.7,11,3,520,0,0,0
TXN005573,40.75,15,2,75,1,1,0
TXN005574,39.71,11,5,728,0,1,0
TXN005575,23.74,1,3,73,0,0,1
TXN005576,10.34,7,1,262,0,0,0
TXN005577,30.94,11,3,978,0,0,0
TXN005578,64.35,16,3,504,0,0,0
TXN005579,17.36,7,5,451,1,1,0
TXN005580,55.33,14,1,131,0,0,0
TXN005581,274.58,8,3,890,0,0,0
TXN005582,130.27,9,7,459,1,0,0
TXN005583,220.75,9,3,964,0,0,0
TXN005584,76.13,6,1,162,1,0,0
TXN005585,147.29,16,4,222,0,1,0
TXN005586,29.51,13,2,123,2,0,0
TXN005587,31.57,19,8,203,0,2,1
TXN005588,5.32,7,3,212,0,1,0
TXN005589,149.64,8,2,578,0,0,0
TXN005590,202.2,11,4,285,0,0,0
TXN005591,34.12,18,0,471,0,4,1
TXN005592,44.0,11,2,416,0,2,0
TXN005593,28.77,12,2,102,0,1,0
TXN005594,75.58,11,2,432,0,0,0
TXN005595,142.05,7,2,455,0,0,0
TXN005596,12.41,21,4,426,0,1,0
TXN005597,77.33,14,2,281,0,0,0
TXN005598,43.16,18,0,951,0,1,0
TXN005599,60.12,16,2,654,0,0,0
TXN005600,80.65,14,2,153,0,0,0
TXN005601,46.53,7,7,996,0,1,0
TXN005602,50.0,16,2,338,1,0,0
TXN005603,45.52,8,3,275,2,0,0
TXN005604,124.56,12,3,140,0,0,0
TXN005605,77.94,15,3,321,1,2,0
TXN005606,65.86,18,7,516,0,0,0
TXN005607,18.54,16,2,264,0,2,0
TXN005608,39.58,16,2,500,0,2,1
TXN005609,117.2,8,1,867,1,1,0
TXN005610,56.38,11,0,819,0,1,0
TXN005611,95.64,4,1,939,2,0,0
TXN005612,245.07,17,3,301,1,0,0
TXN005613,132.0,21,2,447,1,1,0
TXN005614,59.1,10,4,339,0,0,0
TXN005615,35.36,7,1,570,0,0,0
TXN005616,6.23,13,5,496,0,0,0
TXN005617,47.32,19,6,299,0,0,0
TXN005618,41.38,14,4,403,0,0,0
TXN005619,76.08,4,3,450,2,0,0
TXN005620,47.9,22,0,826,1,1,0
TXN005621,41.58,19,1,335,0,0,0
TXN005622,12.03,8,3,533,3,0,1
TXN005623,24.56,21,5,283,0,0,0
TXN005624,81.87,13,4,395,0,0,0
TXN005625,234.75,12,3,308,1,0,0
TXN005626,50.25,13,3,166,0,0,0
TXN005627,72.14,19,2,102,1,0,0
TXN005628,122.68,16,2,262,0,0,0
TXN005629,27.41,6,3,303,0,0,0
TXN005630,74.57,22,4,441,0,1,0
TXN005631,29.1,8,5,596,0,1,1
TXN005632,113.87,17,4,190,1,2,0
TXN005633,62.1,15,2,258,1,0,0
TXN005634,70.36,9,3,518,0,0,0
TXN005635,28.07,9,2,352,0,0,0
TXN005636,99.58,19,5,164,0,1,0
TXN005637,321.18,12,5,380,1,1,0
TXN005638,23.18,16,6,174,0,0,0
TXN005639,40.9,13,3,502,0,1,0
TXN005640,66.48,17,0,961,1,0,0
TXN005641,106.53,13,6,526,0,0,0
TXN005642,33.93,10,6,734,0,0,0
TXN005643,5.0,12,2,118,0,0,0
TXN005644,173.35,19,2,407,0,0,0
TXN005645,104.21,13,2,521,0,0,0
TXN005646,12.41,9,3,109,0,0,0
TXN005647,32.58,21,0,400,1,1,0
TXN005648,207.05,18,1,408,0,1,0
TXN005649,186.91,5,3,104,0,0,0
TXN005650,121.25,23,8,348,0,0,1
TXN005651,47.01,16,2,445,0,2,0
TXN005652,58.59,9,1,525,0,1,0
TXN005653,48.85,10,3,130,1,0,0
TXN005654,142.45,16,5,65,1,0,0
TXN005655,25.93,18,3,402,0,0,0
TXN005656,27.52,10,4,271,0,0,0
TXN005657,128.86,10,1,738,0,2,0
TXN005658,52.58,11,4,1177,1,0,0
TXN005659,176.21,15,5,548,0,1,0
TXN005660,30.85,9,6,892,0,1,0
TXN005661,52.11,7,5,222,0,0,0
TXN005662,24.93,16,1,538,0,0,0
TXN005663,54.94,18,1,203,0,0,0
TXN005664,15.54,13,6,575,0,0,0
TXN005665,36.07,12,1,464,1,0,0
TXN005666,16.11,12,1,595,0,0,0
TXN005667,98.48,12,3,161,1,0,0
TXN005668,100.39,22,1,529,0,1,0
TXN005669,12.54,18,4,34,0,1,0
TXN005670,169.66,9,3,705,0,1,0
TXN005671,456.14,12,0,449,0,0,0
TXN005672,56.78,14,3,399,0,0,0
TXN005673,31.66,15,3,236,1,0,0
TXN005674,602.26,13,2,1560,0,1,0
TXN005675,17.79,18,3,394,1,0,0
TXN005676,55.54,18,5,366,0,1,0
TXN005677,63.6,13,3,340,0,0,0
TXN005678,171.29,19,2,259,0,1,0
TXN005679,74.13,17,4,546,0,0,0
TXN005680,35.74,18,4,611,0,1,0
TXN005681,24.32,22,8,557,0,0,1
TXN005682,40.83,10,6,1117,0,2,0
TXN005683,23.2,10,6,147,0,0,0
TXN005684,56.86,20,2,358,0,0,0
TXN005685,33.8,18,6,81,0,1,0
TXN005686,15.33,21,3,330,1,0,0
TXN005687,158.68,6,5,574,0,1,0
TXN005688,35.77,15,3,161,0,0,1
TXN005689,18.58,8,1,114,1,0,0
TXN005690,47.32,13,2,103,1,1,0
TXN005691,57.87,8,4,103,0,1,1
TXN005692,12.37,8,4,626,0,0,0
TXN005693,72.38,0,1,137,0,0,0
TXN005694,22.42,15,6,589,1,1,0
TXN005695,233.78,11,1,286,0,0,0
TXN005696,85.23,7,1,181,0,1,0
TXN005697,38.86,11,7,407,1,1,0
TXN005698,28.98,9,3,324,0,2,0
TXN005699,49.94,21,6,229,0,2,0
TXN005700,91.92,11,0,72,0,0,0
TXN005701,53.43,11,3,202,0,0,0
TXN005702,45.4,19,1,259,2,1,1
TXN005703,57.38,16,3,335,0,0,0
TXN005704,32.68,17,5,357,0,0,0
TXN005705,40.78,15,4,206,0,1,0
TXN005706,9.27,21,3,422,2,0,0
TXN005707,124.92,9,5,525,2,0,0
TXN005708,70.38,23,3,842,1,0,1
TXN005709,28.29,19,3,597,0,0,0
TXN005710,274.22,15,4,91,1,1,0
TXN005711,58.79,16,4,615,0,1,0
TXN005712,22.63,16,2,802,1,0,0
TXN005713,113.09,6,1,934,0,2,0
TXN005714,76.58,9,3,127,1,0,0
TXN005715,76.35,22,2,294,0,0,0
TXN005716,38.02,14,2,88,0,0,0
TXN005717,80.07,12,6,292,1,0,0
TXN005718,43.71,18,3,186,0,1,0
TXN005719,87.58,14,4,377,1,1,0
TXN005720,10.81,0,1,537,0,1,0
TXN005721,37.76,17,4,306,0,0,0
TXN005722,236.0,17,1,1213,0,0,0
TXN005723,28.45,9,0,502,1,0,0
TXN005724,32.68,22,7,498,0,0,0
TXN005725,37.31,10,2,527,0,1,0
TXN005726,19.44,13,2,107,1,0,0
TXN005727,8.36,8,5,538,0,1,0
TXN005728,44.88,15,0,194,0,1,0
TXN005729,61.28,12,2,478,0,0,0
TXN005730,52.22,11,2,347,0,0,0
TXN005731,48.27,19,2,305,0,0,0
TXN005732,56.63,0,3,192,2,0,0
TXN005733,130.24,18,4,264,0,0,0
TXN005734,46.44,14,6,318,1,0,0
TXN005735,33.52,23,5,212,0,0,0
TXN005736,42.99,15,2,68,1,0,0
TXN005737,89.34,5,5,547,0,0,0
TXN005738,181.31,5,4,209,0,0,0
TXN005739,32.01,20,6,265,0,0,0
TXN005740,59.39,19,3,305,0,1,0
TXN005741,72.79,11,1,951,0,1,0
TXN005742,23.48,15,7,571,1,0,0
TXN005743,55.55,13,0,47,0,1,0
TXN005744,15.71,22,1,660,0,1,0
TXN005745,12.14,21,4,79,1,1,0
TXN005746,74.57,23,4,421,1,0,0
TXN005747,39.4,19,1,462,0,0,0
TXN005748,64.84,20,2,139,1,0,0
TXN005749,53.77,9,3,190,0,1,0
TXN005750,23.81,19,1,228,0,0,0
TXN005751,52.54,17,7,206,0,0,0
TXN005752,19.14,22,4,112,0,1,0
TXN005753,178.1,14,0,489,0,0,0
TXN005754,17.24,7,0,120,0,0,0
TXN005755,46.23,15,3,257,0,0,0
TXN005756,22.51,16,0,225,0,0,0
TXN005757,88.66,9,2,234,0,0,0
TXN005758,41.19,12,3,281,0,0,0
TXN005759,35.13,15,3,325,0,1,0
TXN005760,112.76,12,1,8,0,0,0
TXN005761,55.98,12,6,133,0,0,0
TXN005762,84.7,8,6,677,0,0,0
TXN005763,23.71,21,1,518,1,0,0
TXN005764,16.54,17,1,44,0,0,0
TXN005765,59.81,0,3,163,1,1,0
TXN005766,41.64,18,0,293,0,2,0
TXN005767,92.99,17,6,131,0,0,0
TXN005768,51.01,0,3,299,1,0,0
TXN005769,65.0,12,5,147,0,0,0
TXN005770,13.74,15,6,633,0,0,0
TXN005771,271.83,13,1,548,0,0,1
TXN005772,47.48,18,2,830,1,0,0
TXN005773,98.79,12,2,507,0,0,0
TXN005774,26.82,8,4,449,1,0,0
TXN005775,70.94,22,2,137,2,2,0
TXN005776,18.04,10,5,187,0,0,0
TXN005777,80.18,17,6,472,0,0,0
TXN005778,40.34,8,1,226,0,0,0
TXN005779,55.97,11,1,532,0,0,0
TXN005780,98.82,13,5,96,0,0,0
TXN005781,19.15,9,3,348,0,1,0
TXN005782,30.51,13,1,308,0,0,0
TXN005783,80.54,8,6,173,0,0,0
TXN005784,324.89,14,4,329,0,0,0
TXN005785,48.55,16,2,132,0,2,0
TXN005786,90.24,6,4,301,0,1,0
TXN005787,49.85,19,5,89,0,0,0
TXN005788,284.55,9,4,191,2,0,0
TXN005789,12.36,10,2,687,0,0,0
TXN005790,59.17,16,0,676,1,1,0
TXN005791,13.71,13,3,285,0,0,0
TXN005792,6.48,13,6,379,0,1,0
TXN005793,70.3,8,5,786,0,0,0
TXN005794,61.47,18,3,272,0,0,0
TXN005795,42.86,15,2,104,1,0,0
TXN005796,49.89,8,3,418,1,0,0
TXN005797,760.18,12,3,236,1,2,0
TXN005798,43.84,18,6,758,0,0,0
TXN005799,84.23,14,3,167,0,1,0
TXN005800,31.44,8,4,201,0,0,0
TXN005801,70.17,12,4,360,0,1,0
TXN005802,44.59,10,3,689,1,0,0
TXN005803,38.52,14,3,527,0,0,0
TXN005804,256.23,19,4,365,0,1,0
TXN005805,148.5,13,3,506,1,0,0
TXN005806,61.33,12,4,979,1,1,0
TXN005807,7.7,20,2,307,1,1,1
TXN005808,40.17,14,2,118,0,0,0
TXN005809,543.25,14,5,358,1,0,0
TXN005810,44.88,10,4,760,1,0,0
TXN005811,139.45,15,4,165,0,0,0
TXN005812,185.98,14,3,134,0,0,1
TXN005813,65.77,12,5,601,0,0,0
TXN005814,26.69,23,5,135,0,1,0
TXN005815,6.89,20,3,431,1,1,0
TXN005816,97.66,17,3,295,1,1,0
TXN005817,27.32,14,4,502,1,0,0
TXN005818,63.42,13,4,615,0,1,0
TXN005819,18.87,9,3,166,0,0,0
TXN005820,43.58,11,2,138,2,0,0
TXN005821,56.19,18,4,649,0,0,0
TXN005822,68.6,13,4,438,1,0,0
TXN005823,21.17,20,5,223,1,2,0
TXN005824,151.01,8,4,41,0,0,0
TXN005825,32.87,14,1,100,0,0,0
TXN005826,13.15,16,0,414,2,2,0
TXN005827,49.77,14,4,282,0,2,1
TXN005828,56.22,20,5,649,2,0,0
TXN005829,62.58,23,3,632,1,1,1
TXN005830,173.78,8,3,215,0,0,0
TXN005831,44.66,8,6,371,0,0,0
TXN005832,49.32,8,2,567,1,1,0
TXN005833,21.38,16,4,242,0,0,0
TXN005834,109.67,12,2,666,0,1,0
TXN005835,63.86,17,0,784,0,1,0
TXN005836,38.21,12,3,452,0,1,0
TXN005837,10.82,15,3,223,0,0,0
TXN005838,186.37,18,1,809,2,0,0
TXN005839,19.23,14,2,310,1,0,0
TXN005840,33.03,14,4,175,1,1,0
TXN005841,74.04,7,1,178,0,0,1
TXN005842,19.75,12,3,241,0,0,0
TXN005843,15.34,14,3,680,0,0,0
TXN005844,8.98,13,6,357,1,0,0
TXN005845,100.77,20,6,406,0,0,0
TXN005846,34.35,20,3,597,0,2,0
TXN005847,657.33,19,3,145,0,1,0
TXN005848,23.45,12,5,367,0,0,0
TXN005849,24.95,17,1,227,0,0,0
TXN005850,33.76,12,3,65,1,1,0
TXN005851,67.13,10,7,446,0,0,0
TXN005852,36.61,11,2,480,0,1,0
TXN005853,91.88,6,3,446,1,0,0
TXN005854,23.76,11,3,717,0,0,0
TXN005855,16.87,13,1,657,0,0,0
TXN005856,11.84,22,5,351,0,0,0
TXN005857,8.25,11,2,197,1,1,0
TXN005858,35.15,20,1,602,0,1,0
TXN005859,42.27,10,2,799,0,0,0
TXN005860,31.92,9,0,332,1,0,0
TXN005861,157.1,14,5,560,0,1,0
TXN005862,155.06,16,2,497,0,1,0
TXN005863,41.08,4,4,473,1,0,0
TXN005864,11.88,9,3,175,0,0,0
TXN005865,33.73,13,4,247,0,0,0
TXN005866,32.79,11,4,534,1,1,0
TXN005867,31.23,17,2,295,0,0,0
TXN005868,30.17,14,2,550,1,0,0
TXN005869,31.33,9,4,338,0,0,0
TXN005870,39.31,20,4,335,1,0,0
TXN005871,31.81,11,0,162,0,0,0
TXN005872,65.17,17,2,875,0,1,0
TXN005873,74.17,18,3,501,1,1,0
TXN005874,25.18,22,5,1190,0,0,0
TXN005875,160.84,13,3,679,1,0,0
TXN005876,23.73,15,4,283,0,1,0
TXN005877,13.8,11,6,223,0,0,0
TXN005878,75.46,16,4,762,0,0,0
TXN005879,27.25,13,4,111,0,0,0
TXN005880,71.74,13,2,457,0,0,0
TXN005881,7.08,19,2,483,0,0,0
TXN005882,178.32,5,1,494,1,0,0
TXN005883,96.68,20,2,721,0,0,0
TXN005884,15.25,19,5,403,0,1,1
TXN005885,15.53,13,2,499,1,0,0
TXN005886,226.2,13,3,729,0,1,0
TXN005887,29.17,11,5,156,0,0,0
TXN005888,26.87,23,1,125,3,0,1
TXN005889,7.96,8,0,698,0,1,0
TXN005890,40.52,15,3,224,0,0,0
TXN005891,44.99,16,5,531,0,1,0
TXN005892,100.3,21,2,1224,1,0,0
TXN005893,16.62,18,3,696,0,1,0
TXN005894,15.0,16,7,46,1,0,0
TXN005895,80.1,8,3,770,1,0,0
TXN005896,128.47,12,4,159,0,0,0
TXN005897,14.36,8,3,641,0,0,0
TXN005898,136.9,20,0,453,1,1,0
TXN005899,56.37,17,5,1070,0,1,0
TXN005900,138.11,17,7,158,0,1,0
TXN005901,51.43,16,2,111,0,1,0
TXN005902,6.4,13,3,409,0,0,0
TXN005903,47.98,8,4,179,0,0,1
TXN005904,134.44,11,3,482,0,0,0
TXN005905,25.54,8,5,228,0,0,0
TXN005906,39.26,17,3,207,0,0,0
TXN005907,47.01,9,3,58,0,1,0
TXN005908,5.0,17,2,205,0,1,0
TXN005909,226.02,16,3,400,0,0,0
TXN005910,25.38,13,5,363,1,0,1
TXN005911,83.92,8,5,307,0,0,1
TXN005912,50.72,11,5,252,0,1,0
TXN005913,159.01,11,3,523,0,0,0
TXN005914,77.1,17,2,74,0,2,0
TXN005915,44.72,8,1,542,0,0,0
TXN005916,25.55,19,2,953,0,0,0
TXN005917,107.57,18,3,454,1,0,0
TXN005918,11.11,9,2,35,0,1,0
TXN005919,94.54,17,7,283,0,0,0
TXN005920,21.45,16,3,441,0,1,0
TXN005921,158.29,17,3,32,0,1,0
TXN005922,62.62,9,1,520,1,0,0
TXN005923,94.4,9,2,1151,0,0,0
TXN005924,58.54,10,2,38,1,0,0
TXN005925,12.31,12,3,360,1,0,0
TXN005926,26.27,18,2,1475,0,0,0
TXN005927,96.69,17,5,95,0,0,0
TXN005928,62.91,21,2,457,0,1,0
TXN005929,148.98,6,3,572,0,1,0
TXN005930,76.92,0,5,240,0,0,0
TXN005931,24.01,16,2,635,0,0,0
TXN005932,27.75,10,5,1095,1,1,0
TXN005933,59.59,11,4,407,0,0,0
TXN005934,7.64,14,7,456,1,3,1
TXN005935,226.43,7,4,412,0,1,0
TXN005936,79.48,16,3,440,1,1,0
TXN005937,154.93,11,2,243,0,1,0
TXN005938,14.25,15,4,532,0,0,0
TXN005939,157.26,19,1,383,2,2,1
TXN005940,363.86,9,4,262,1,0,1
TXN005941,17.77,21,2,177,0,0,0
TXN005942,105.18,14,3,308,1,1,0
TXN005943,54.65,21,3,109,0,2,0
TXN005944,14.69,9,2,853,0,0,0
TXN005945,83.01,15,3,778,0,1,0
TXN005946,110.89,12,3,272,1,1,0
TXN005947,32.75,18,2,185,1,1,0
TXN005948,147.09,15,2,401,1,2,0
TXN005949,13.24,13,1,318,0,0,0
TXN005950,15.32,20,3,74,0,0,0
TXN005951,61.32,12,2,510,0,0,0
TXN005952,55.79,9,1,643,0,0,0
TXN005953,29.69,15,0,441,0,0,0
TXN005954,108.65,15,1,206,0,0,0
TXN005955,85.73,13,2,516,0,0,0
TXN005956,113.23,13,3,342,0,1,0
TXN005957,49.17,22,1,816,0,2,0
TXN005958,91.12,17,3,768,1,0,0
TXN005959,37.38,8,4,383,0,0,0
TXN005960,312.86,9,7,785,0,2,1
TXN005961,27.37,22,6,185,1,0,0
TXN005962,326.85,17,3,406,0,1,0
TXN005963,56.24,20,4,803,0,0,0
TXN005964,16.96,11,3,692,0,1,0
TXN005965,174.66,17,4,619,0,0,0
TXN005966,60.77,17,4,411,1,0,0
TXN005967,112.56,11,4,683,0,0,0
TXN005968,154.51,14,5,710,0,0,0
TXN005969,72.77,15,6,350,1,2,0
TXN005970,33.0,13,2,313,0,1,0
TXN005971,125.13,19,3,666,1,0,0
TXN005972,54.63,19,1,372,1,0,0
TXN005973,97.81,19,4,218,1,1,0
TXN005974,8.75,18,3,321,1,0,0
TXN005975,79.83,13,1,519,0,1,0
TXN005976,31.73,12,1,1435,2,2,0
TXN005977,222.59,19,4,205,0,0,0
TXN005978,92.72,13,6,180,0,1,0
TXN005979,66.95,10,4,500,2,1,0
TXN005980,82.55,13,4,445,0,0,0
TXN005981,23.37,8,2,490,1,1,0
TXN005982,216.97,16,1,935,1,1,0
TXN005983,296.68,11,7,542,0,1,0
TXN005984,76.25,10,2,167,0,0,0
TXN005985,211.0,22,1,97,1,0,0
TXN005986,33.66,18,6,457,0,0,0
TXN005987,27.73,18,1,277,1,0,0
TXN005988,56.53,15,3,573,1,0,0
TXN005989,79.02,19,2,313,0,0,0
TXN005990,39.06,18,1,497,0,0,0
TXN005991,86.24,15,2,277,1,0,0
TXN005992,70.84,22,3,1013,1,0,0
TXN005993,23.37,9,3,162,0,0,0
TXN005994,84.86,21,2,187,0,1,0
TXN005995,113.75,12,5,303,1,1,0
TXN005996,63.16,14,1,477,1,0,0
TXN005997,145.44,8,2,1310,0,0,0
TXN005998,19.4,14,4,801,0,1,0
TXN005999,81.27,15,3,152,0,0,0
TXN006000,20.19,23,1,647,0,1,1
TXN006001,21.18,22,4,152,0,0,0
TXN006002,31.94,22,1,148,0,0,0
TXN006003,24.51,11,5,442,1,1,0
TXN006004,34.27,23,6,193,0,0,1
TXN006005,45.51,13,4,596,0,1,0
TXN006006,111.23,19,5,169,0,0,0
TXN006007,41.55,9,1,277,0,0,0
TXN006008,14.19,13,8,219,0,0,1
TXN006009,143.89,22,4,382,0,2,0
TXN006010,26.8,21,3,226,1,0,0
TXN006011,51.94,16,4,137,0,0,0
TXN006012,79.8,18,3,492,1,1,0
TXN006013,64.69,9,4,398,1,0,0
TXN006014,138.39,17,7,498,0,1,0
TXN006015,82.04,15,3,79,1,1,0
TXN006016,26.26,7,4,388,0,1,0
TXN006017,347.85,8,6,762,1,1,0
TXN006018,64.4,8,6,843,0,0,0
TXN006019,48.17,17,6,345,0,0,0
TXN006020,123.88,8,3,148,0,1,0
TXN006021,67.49,13,2,146,1,0,0
TXN006022,76.66,11,3,240,0,0,0
TXN006023,454.12,14,4,552,0,0,0
TXN006024,43.21,17,4,122,0,0,0
TXN006025,41.68,16,3,511,0,0,0
TXN006026,60.29,14,1,487,0,1,0
TXN006027,135.75,13,4,301,0,0,0
TXN006028,15.17,12,9,309,1,0,1
TXN006029,10.27,19,4,514,1,0,0
TXN006030,33.15,11,4,491,0,0,0
TXN006031,13.61,10,0,198,0,0,0
TXN006032,38.05,17,7,316,0,0,0
TXN006033,83.69,11,4,292,0,0,0
TXN006034,25.61,19,3,368,0,1,0
TXN006035,16.24,11,3,121,1,0,0
TXN006036,57.91,17,4,398,0,0,0
TXN006037,113.65,4,5,312,0,0,0
TXN006038,12.93,12,2,191,0,0,0
TXN006039,109.64,11,5,255,0,0,0
TXN006040,109.37,18,3,300,0,0,0
TXN006041,122.85,22,2,278,0,1,0
TXN006042,153.81,13,7,237,0,1,0
TXN006043,354.86,19,4,259,1,0,0
TXN006044,40.34,17,3,747,0,1,0
TXN006045,59.93,22,2,321,0,0,1
TXN006046,38.32,18,3,163,0,1,0
TXN006047,54.69,7,2,825,0,1,0
TXN006048,200.93,17,1,507,1,0,0
TXN006049,17.4,14,4,502,1,0,0
TXN006050,26.26,1,2,221,0,2,1
TXN006051,176.02,10,4,465,0,1,1
TXN006052,129.93,21,2,258,0,0,0
TXN006053,40.1,21,3,208,0,1,0
TXN006054,112.87,18,2,1163,2,0,0
TXN006055,72.97,22,2,137,0,0,0
TXN006056,195.44,18,5,239,1,0,0
TXN006057,58.17,0,7,214,0,0,1
TXN006058,130.55,10,5,567,0,0,0
TXN006059,515.8,2,1,860,0,2,0
TXN006060,90.78,7,3,362,0,2,0
TXN006061,56.94,9,0,396,0,0,0
TXN006062,100.89,13,1,86,1,1,0
TXN006063,40.03,19,2,346,0,0,0
TXN006064,415.62,19,5,148,2,2,0
TXN006065,63.63,15,2,333,0,0,0
TXN006066,43.29,21,3,308,1,0,0
TXN006067,26.83,13,5,714,1,1,0
TXN006068,138.74,20,2,473,0,0,0
TXN006069,114.1,13,1,346,0,0,0
TXN006070,35.77,10,1,315,1,0,1
TXN006071,89.12,20,4,202,0,2,0
TXN006072,15.15,12,4,237,1,0,0
TXN006073,63.89,13,5,1214,0,2,0
TXN006074,80.23,11,2,1387,0,0,0
TXN006075,233.04,16,4,108,0,0,0
TXN006076,28.36,23,5,466,0,0,1
TXN006077,18.42,2,2,339,0,1,0
TXN006078,25.51,20,7,107,0,0,0
TXN006079,17.53,0,4,920,1,1,1
TXN006080,170.06,12,6,632,0,0,0
TXN006081,203.64,9,3,662,0,1,0
TXN006082,71.68,17,2,241,0,0,0
TXN006083,154.18,5,3,341,2,0,0
TXN006084,61.18,14,4,23,0,0,0
TXN006085,50.36,11,2,443,0,0,0
TXN006086,41.14,8,5,882,1,0,0
TXN006087,41.94,18,2,135,0,1,0
TXN006088,14.65,9,3,133,0,2,0
TXN006089,68.35,10,2,1044,0,1,0
TXN006090,52.76,10,5,224,1,0,0
TXN006091,102.88,15,3,73,1,2,0
TXN006092,59.12,16,7,64,2,0,1
TXN006093,47.55,1,2,258,0,0,0
TXN006094,26.04,10,2,79,0,0,0
TXN006095,58.05,12,4,576,0,1,0
TXN006096,102.26,11,1,238,0,0,0
TXN006097,20.66,20,2,791,0,0,1
TXN006098,58.81,18,2,635,1,1,0
TXN006099,66.56,15,1,355,0,0,0
TXN006100,29.66,11,2,523,0,0,0
TXN006101,33.13,17,3,162,1,0,0
TXN006102,66.42,19,1,355,0,1,0
TXN006103,20.83,15,1,85,0,0,0
TXN006104,73.51,18,3,478,0,0,0
TXN006105,25.51,17,1,611,0,0,1
TXN006106,134.75,14,2,319,0,1,0
TXN006107,398.28,11,4,984,0,0,0
TXN006108,26.27,17,1,269,0,0,0
TXN006109,85.98,9,1,420,0,1,0
TXN006110,29.44,18,3,228,2,0,0
TXN006111,132.27,18,3,73,0,0,0
TXN006112,18.63,19,0,526,1,1,0
TXN006113,82.15,13,1,947,0,1,0
TXN006114,26.0,9,1,698,2,2,0
TXN006115,45.79,7,2,461,0,0,0
TXN006116,22.73,17,1,162,1,0,0
TXN006117,109.84,20,4,771,0,0,0
TXN006118,26.8,16,1,399,0,1,0
TXN006119,87.28,8,4,90,1,1,0
TXN006120,40.75,21,6,200,0,0,0
TXN006121,49.54,23,2,382,1,0,0
TXN006122,61.9,12,5,187,0,1,0
TXN006123,28.57,15,1,501,0,0,0
TXN006124,65.29,18,5,115,0,1,0
TXN006125,200.49,17,3,1191,0,2,0
TXN006126,28.18,22,4,355,0,0,0
TXN006127,147.83,8,3,149,0,2,0
TXN006128,195.07,15,2,139,1,0,0
TXN006129,27.28,16,3,108,0,0,0
TXN006130,15.85,20,2,723,1,0,0
TXN006131,70.57,20,4,135,1,0,0
TXN006132,34.28,22,3,154,2,0,0
TXN006133,267.28,14,2,1250,0,0,0
TXN006134,56.24,19,2,369,0,0,0
TXN006135,27.61,12,4,267,1,1,0
TXN006136,20.59,12,0,170,1,1,1
TXN006137,137.88,10,3,198,0,0,0
TXN006138,33.6,19,2,347,1,0,0
TXN006139,56.67,23,4,704,1,0,0
TXN006140,123.03,10,0,994,0,1,0
TXN006141,36.18,5,1,82,0,0,0
TXN006142,52.51,18,5,346,0,0,0
TXN006143,53.83,15,5,774,0,0,0
TXN006144,97.59,22,4,677,1,1,1
TXN006145,90.21,10,2,91,0,0,0
TXN006146,45.28,6,2,186,1,1,0
TXN006147,57.63,13,2,553,0,0,0
TXN006148,39.8,7,3,126,0,1,0
TXN006149,15.55,10,2,199,1,0,0
TXN006150,67.96,8,3,1012,0,1,0
TXN006151,272.7,10,3,266,0,0,0
TXN006152,25.76,7,2,428,0,0,0
TXN006153,28.3,21,2,307,0,1,0
TXN006154,26.05,10,4,156,0,0,0
TXN006155,101.08,13,1,372,0,0,0
TXN006156,79.93,20,2,126,1,1,1
TXN006157,47.71,16,4,435,0,0,0
TXN006158,25.02,15,1,753,0,0,0
TXN006159,59.06,17,3,292,0,0,0
TXN006160,14.44,19,4,288,0,0,0
TXN006161,61.68,20,4,448,0,0,0
TXN006162,114.53,16,3,89,0,2,0
TXN006163,18.85,20,2,548,0,1,0
TXN006164,14.84,14,3,540,0,1,0
TXN006165,209.04,10,1,701,1,0,0
TXN006166,32.46,20,0,263,0,3,1
TXN006167,143.39,14,4,468,1,1,0
TXN006168,47.9,20,3,974,1,0,0
TXN006169,47.58,3,0,722,1,0,0
TXN006170,79.25,12,0,610,0,0,0
TXN006171,25.75,21,1,978,1,0,0
TXN006172,61.11,10,3,227,0,1,0
TXN006173,39.48,21,4,169,1,0,0
TXN006174,17.77,21,2,109,0,0,0
TXN006175,72.74,20,2,450,0,2,0
TXN006176,43.65,14,2,695,0,0,0
TXN006177,47.78,16,5,35,0,0,0
TXN006178,19.52,19,1,371,0,0,0
TXN006179,211.18,18,3,957,1,1,0
TXN006180,115.03,15,7,565,0,0,0
TXN006181,123.91,23,3,486,0,0,0
TXN006182,42.11,16,0,419,0,1,0
TXN006183,12.56,22,3,739,0,1,0
TXN006184,287.14,6,1,431,0,0,0
TXN006185,51.84,8,1,320,0,1,0
TXN006186,28.89,13,1,393,0,1,0
TXN006187,77.81,12,4,124,0,2,0
TXN006188,147.24,18,11,307,0,2,1
TXN006189,53.54,9,3,859,2,0,0
TXN006190,161.87,22,3,247,0,1,0
TXN006191,137.08,11,2,392,0,0,0
TXN006192,21.87,12,4,466,0,0,0
TXN006193,30.79,10,4,283,0,0,0
TXN006194,123.21,15,1,536,1,1,0
TXN006195,5.44,6,4,305,0,1,0
TXN006196,48.08,8,2,900,0,0,0
TXN006197,16.18,17,6,527,2,1,0
TXN006198,36.41,9,3,89,1,0,0
TXN006199,42.35,10,3,789,0,3,1
TXN006200,40.27,18,2,350,1,0,0
TXN006201,34.14,7,4,224,0,1,0
TXN006202,21.49,13,2,944,0,0,0
TXN006203,383.03,1,5,50,1,0,1
TXN006204,267.03,11,3,778,1,1,0
TXN006205,20.33,16,2,715,0,0,0
TXN006206,209.52,7,7,506,1,0,0
TXN006207,38.88,20,4,454,0,0,0
TXN006208,60.94,20,3,262,0,1,0
TXN006209,51.74,7,2,784,0,1,0
TXN006210,31.16,23,3,541,0,1,0
TXN006211,126.0,11,1,849,0,1,0
TXN006212,60.76,7,5,425,0,1,0
TXN006213,36.41,0,4,957,0,0,0
TXN006214,18.01,12,1,121,0,1,0
TXN006215,25.55,15,2,291,2,1,0
TXN006216,13.53,11,4,311,0,0,0
TXN006217,55.17,19,2,689,0,2,0
TXN006218,19.74,17,4,245,0,0,0
TXN006219,43.57,11,4,24,0,0,0
TXN006220,174.97,17,2,784,0,0,0
TXN006221,151.32,21,2,689,1,0,0
TXN006222,53.12,7,1,337,0,1,0
TXN006223,50.7,11,2,297,0,0,0
TXN006224,269.86,13,6,243,0,0,0
TXN006225,85.0,13,1,336,0,0,0
TXN006226,41.32,14,2,413,0,0,0
TXN006227,16.25,11,3,733,0,1,0
TXN006228,76.31,16,2,592,0,1,0
TXN006229,110.49,16,4,52,0,1,0
TXN006230,31.92,15,6,89,0,0,0
TXN006231,69.93,8,7,421,0,0,0
TXN006232,40.08,13,2,513,0,2,0
TXN006233,46.69,11,3,92,0,0,0
TXN006234,6.59,13,9,784,2,1,1
TXN006235,45.22,21,3,288,0,0,0
TXN006236,124.46,13,4,125,0,0,0
TXN006237,31.92,1,2,177,0,0,0
TXN006238,57.09,13,5,635,0,0,0
TXN006239,28.72,19,4,953,0,0,0
TXN006240,74.17,18,2,178,0,0,0
TXN006241,45.42,14,6,115,0,0,0
TXN006242,24.57,10,2,563,0,0,0
TXN006243,169.47,13,3,336,1,0,0
TXN006244,120.25,14,3,683,0,0,0
TXN006245,32.65,23,2,425,1,1,1
TXN006246,83.36,16,5,201,0,1,0
TXN006247,86.21,16,3,248,0,0,0
TXN006248,94.25,13,5,261,1,0,0
TXN006249,12.93,11,2,491,0,0,0
TXN006250,128.46,18,4,530,1,0,0
TXN006251,33.64,13,5,833,0,1,0
TXN006252,40.28,23,1,1194,0,0,0
TXN006253,513.99,13,2,299,0,0,0
TXN006254,70.57,6,4,389,0,0,0
TXN006255,39.32,16,4,420,0,3,1
TXN006256,8.38,4,4,815,1,1,1
TXN006257,177.91,10,4,575,1,0,0
TXN006258,17.4,11,1,463,0,0,0
TXN006259,23.27,17,2,140,0,0,0
TXN006260,41.2,13,6,505,0,0,0
TXN006261,181.99,2,5,252,0,0,0
TXN006262,105.35,15,2,434,0,1,0
TXN006263,47.74,12,6,580,0,0,0
TXN006264,70.96,21,3,608,0,0,0
TXN006265,32.78,13,4,183,0,0,0
TXN006266,61.48,17,0,364,1,0,0
TXN006267,58.11,9,1,263,0,0,0
TXN006268,124.39,18,2,176,0,0,0
TXN006269,124.23,17,2,398,0,2,1
TXN006270,83.09,20,7,462,0,0,0
TXN006271,40.13,3,3,271,0,0,1
TXN006272,102.57,13,3,239,0,0,0
TXN006273,50.49,16,2,547,0,0,1
TXN006274,21.77,7,6,996,1,0,0
TXN006275,38.75,12,2,442,1,0,0
TXN006276,58.67,21,5,1114,0,0,0
TXN006277,118.35,13,2,551,0,0,0
TXN006278,46.71,23,4,272,0,1,0
TXN006279,19.53,5,5,177,0,0,0
TXN006280,57.3,17,3,306,0,0,0
TXN006281,60.13,15,2,558,0,0,0
TXN006282,63.94,13,1,104,0,1,1
TXN006283,119.33,22,4,202,0,0,0
TXN006284,129.81,8,2,296,1,0,0
TXN006285,32.95,20,3,270,0,1,0
TXN006286,32.34,16,2,203,0,2,0
TXN006287,22.55,10,0,441,0,1,0
TXN006288,98.89,20,3,137,0,1,0
TXN006289,187.07,12,5,824,0,0,0
TXN006290,41.77,18,2,411,2,0,0
TXN006291,44.47,12,2,1089,1,0,0
TXN006292,189.95,19,4,487,1,0,0
TXN006293,83.91,15,3,610,0,0,0
TXN006294,79.11,8,1,408,0,0,0
TXN006295,19.84,16,3,586,0,0,0
TXN006296,97.21,9,0,601,0,1,0
TXN006297,24.78,12,4,635,0,1,0
TXN006298,20.82,9,2,214,0,0,0
TXN006299,40.66,1,2,208,0,0,1
TXN006300,33.18,9,2,591,0,0,0
TXN006301,45.22,14,2,152,1,0,0
TXN006302,16.04,13,6,283,0,0,0
TXN006303,123.35,13,3,16,0,1,0
TXN006304,142.38,10,3,210,2,0,0
TXN006305,10.43,16,2,66,0,0,0
TXN006306,125.42,17,2,177,2,1,1
TXN006307,27.41,11,3,324,1,0,0
TXN006308,113.12,20,4,153,0,0,0
TXN006309,51.51,16,5,184,1,0,0
TXN006310,55.95,17,2,1001,0,0,0
TXN006311,46.65,10,3,772,0,1,0
TXN006312,152.98,0,1,747,0,0,0
TXN006313,19.04,19,4,485,1,0,0
TXN006314,91.53,19,3,303,1,0,0
TXN006315,139.23,8,3,553,1,0,0
TXN006316,100.37,12,4,250,0,1,0
TXN006317,393.86,16,3,610,0,1,0
TXN006318,34.83,16,3,165,0,1,0
TXN006319,123.19,19,4,198,0,1,0
TXN006320,49.89,8,2,225,0,1,0
TXN006321,155.77,12,1,142,0,0,0
TXN006322,54.24,7,5,660,0,1,0
TXN006323,39.26,12,6,451,0,0,0
TXN006324,165.7,1,4,188,1,0,0
TXN006325,35.95,20,3,1078,1,0,0
TXN006326,16.43,14,6,100,0,2,0
TXN006327,35.19,19,3,398,0,0,0
TXN006328,92.4,6,5,358,1,0,0
TXN006329,178.26,10,4,444,0,1,0
TXN006330,60.01,10,0,134,0,0,0
TXN006331,167.41,12,2,421,0,0,0
TXN006332,17.21,18,5,499,1,1,0
TXN006333,37.46,12,1,166,0,1,0
TXN006334,42.72,9,3,196,0,1,0
TXN006335,49.53,6,5,159,0,0,0
TXN006336,58.64,7,5,247,0,0,0
TXN006337,98.23,18,3,254,0,0,0
TXN006338,37.41,13,1,264,0,0,0
TXN006339,61.45,17,2,784,0,0,0
TXN006340,52.54,16,2,93,0,0,0
TXN006341,24.85,8,4,29,1,1,0
TXN006342,49.57,8,2,206,1,0,0
TXN006343,48.32,17,5,41,0,2,0
TXN006344,47.45,17,5,262,0,0,0
TXN006345,56.09,12,1,620,0,1,0
TXN006346,58.23,7,1,105,0,0,0
TXN006347,37.81,0,5,114,1,0,0
TXN006348,161.06,10,9,311,0,0,1
TXN006349,20.21,0,2,757,0,2,1
TXN006350,29.58,10,2,361,2,0,0
TXN006351,579.97,12,2,752,1,1,0
TXN006352,22.59,8,2,186,1,1,0
TXN006353,17.28,7,1,692,0,2,0
TXN006354,101.93,20,0,222,0,2,0
TXN006355,9.34,15,4,240,1,0,0
TXN006356,44.7,21,4,209,0,0,0
TXN006357,338.31,11,9,428,0,1,1
TXN006358,14.68,16,7,122,1,0,0
TXN006359,10.13,9,0,297,0,0,1
TXN006360,15.27,15,4,1078,0,1,0
TXN006361,117.17,8,2,250,0,0,0
TXN006362,142.03,0,2,289,0,1,0
TXN006363,35.31,21,5,681,1,1,0
TXN006364,97.59,14,1,288,0,1,0
TXN006365,177.99,21,2,523,0,0,0
TXN006366,249.45,11,3,53,0,1,0
TXN006367,44.28,11,2,363,1,0,0
TXN006368,7.72,12,4,458,0,0,0
TXN006369,27.17,17,2,401,0,0,0
TXN006370,37.99,14,3,227,1,0,0
TXN006371,43.81,21,4,204,0,0,0
TXN006372,46.54,2,0,346,0,1,0
TXN006373,141.32,17,1,566,1,0,0
TXN006374,161.3,11,5,203,0,1,1
TXN006375,47.19,9,5,237,0,0,0
TXN006376,138.89,14,4,336,0,0,0
TXN006377,74.0,13,7,449,0,0,0
TXN006378,57.68,8,0,110,2,1,0
TXN006379,117.99,9,4,79,1,1,0
TXN006380,58.06,12,4,399,0,0,0
TXN006381,313.92,12,4,269,0,1,0
TXN006382,16.08,11,3,328,0,0,0
TXN006383,35.24,8,6,30,1,0,1
TXN006384,49.03,0,1,322,2,1,0
TXN006385,79.32,22,6,533,1,0,0
TXN006386,160.42,21,2,176,1,1,0
TXN006387,53.48,13,3,339,1,1,0
TXN006388,16.3,23,3,483,0,0,0
TXN006389,111.74,16,0,994,1,0,0
TXN006390,103.72,6,4,209,0,0,0
TXN006391,10.48,8,2,263,1,0,0
TXN006392,54.42,20,2,307,0,1,0
TXN006393,14.13,15,3,286,0,1,0
TXN006394,31.03,19,3,265,2,0,0
TXN006395,25.35,20,3,87,0,1,0
TXN006396,108.62,13,3,318,0,1,0
TXN006397,60.3,5,3,317,2,0,0
TXN006398,18.31,9,6,61,0,1,0
TXN006399,115.36,6,7,83,1,0,0
TXN006400,16.14,9,4,39,0,0,0
TXN006401,72.28,12,3,540,1,0,0
TXN006402,27.33,8,3,654,0,0,0
TXN006403,40.01,9,6,434,1,1,0
TXN006404,83.82,13,3,700,0,1,1
TXN006405,85.05,11,2,207,0,1,0
TXN006406,170.11,13,1,57,1,1,0
TXN006407,50.91,12,1,586,0,0,0
TXN006408,70.84,16,3,186,0,0,0
TXN006409,37.63,21,4,134,0,0,0
TXN006410,63.73,8,3,696,1,1,0
TXN006411,79.33,7,6,235,0,2,0
TXN006412,50.22,19,3,647,0,2,0
TXN006413,11.78,13,6,728,0,0,0
TXN006414,72.37,18,5,179,0,0,0
TXN006415,74.43,9,1,473,1,0,0
TXN006416,30.63,19,4,496,0,0,0
TXN006417,18.33,21,1,608,0,3,1
TXN006418,191.43,15,2,239,1,1,0
TXN006419,82.91,7,1,90,0,0,0
TXN006420,44.94,20,5,327,0,1,0
TXN006421,20.77,18,2,214,0,0,0
TXN006422,27.15,17,3,493,1,0,0
TXN006423,165.21,3,5,415,0,1,0
TXN006424,61.38,18,4,781,0,1,0
TXN006425,34.19,8,4,369,0,1,0
TXN006426,84.2,10,1,183,1,0,0
TXN006427,27.32,15,4,501,0,0,1
TXN006428,195.53,10,4,179,1,1,0
TXN006429,172.41,16,2,443,0,0,0
TXN006430,36.72,15,4,72,0,1,0
TXN006431,32.0,8,3,215,2,0,0
TXN006432,5.9,16,2,564,1,0,0
TXN006433,15.5,21,3,423,0,0,0
TXN006434,17.49,9,3,179,0,0,0
TXN006435,61.25,15,4,328,0,0,0
TXN006436,41.38,11,3,218,1,0,0
TXN006437,17.4,13,4,523,0,1,0
TXN006438,42.99,10,8,368,1,0,1
TXN006439,83.89,11,5,105,1,1,0
TXN006440,85.51,2,2,570,1,0,1
TXN006441,10.86,22,4,844,2,0,0
TXN006442,48.96,15,6,249,1,0,0
TXN006443,16.85,13,2,179,0,1,0
TXN006444,117.5,12,5,87,0,1,0
TXN006445,106.33,14,4,219,0,1,0
TXN006446,25.45,12,1,23,0,1,0
TXN006447,28.47,11,3,552,0,0,0
TXN006448,36.89,13,4,467,2,0,0
TXN006449,8.05,10,1,123,0,1,0
TXN006450,72.64,9,0,130,0,0,0
TXN006451,43.3,14,4,442,2,1,0
TXN006452,124.54,19,3,85,0,0,0
TXN006453,21.46,8,2,841,2,0,0
TXN006454,32.26,2,6,41,0,0,0
TXN006455,15.17,10,3,431,0,1,0
TXN006456,23.25,22,6,207,1,0,0
TXN006457,19.99,19,2,267,0,0,0
TXN006458,127.3,15,1,373,0,1,0
TXN006459,30.16,21,0,59,0,1,0
TXN006460,60.68,13,5,394,2,0,0
TXN006461,39.5,23,2,104,0,2,0
TXN006462,18.56,11,5,194,0,0,0
TXN006463,47.32,10,3,594,0,1,0
TXN006464,90.85,15,2,566,0,0,0
TXN006465,19.56,12,2,65,0,0,0
TXN006466,108.61,15,2,183,0,0,0
TXN006467,26.52,11,6,93,0,1,0
TXN006468,36.21,15,1,404,0,0,0
TXN006469,85.72,10,4,1279,0,0,0
TXN006470,31.06,5,2,740,0,0,0
TXN006471,56.37,20,3,348,1,1,0
TXN006472,41.78,20,4,300,2,0,1
TXN006473,60.94,22,1,194,0,0,0
TXN006474,7.22,17,3,108,1,1,0
TXN006475,11.53,16,2,268,1,0,0
TXN006476,92.16,14,5,279,1,2,0
TXN006477,131.84,8,6,647,0,0,0
TXN006478,25.18,9,4,121,0,0,0
TXN006479,44.37,10,2,306,2,0,0
TXN006480,70.14,20,2,427,0,1,0
TXN006481,98.42,9,5,333,1,1,0
TXN006482,9.74,21,2,164,2,0,0
TXN006483,25.71,14,2,633,2,0,0
TXN006484,41.15,17,2,768,1,0,0
TXN006485,99.25,8,3,346,0,0,0
TXN006486,456.54,10,2,456,2,2,0
TXN006487,44.98,22,0,120,1,0,0
TXN006488,16.51,10,5,209,0,0,0
TXN006489,76.86,11,3,376,0,0,0
TXN006490,167.81,9,4,581,0,0,0
TXN006491,59.85,8,0,515,0,1,1
TXN006492,25.26,10,2,191,0,0,0
TXN006493,123.26,16,2,248,2,0,0
TXN006494,95.97,13,2,360,1,0,0
TXN006495,22.82,14,3,1097,1,0,0
TXN006496,75.51,8,4,439,0,0,1
TXN006497,127.44,18,3,246,0,0,0
TXN006498,149.1,18,4,250,0,0,0
TXN006499,51.6,1,0,357,1,0,1
TXN006500,40.27,12,2,384,0,0,0
TXN006501,154.96,6,2,221,0,0,0
TXN006502,19.52,18,2,421,1,0,0
TXN006503,79.26,17,2,384,1,0,0
TXN006504,17.04,20,4,47,0,0,0
TXN006505,135.04,10,5,270,0,0,0
TXN006506,43.85,13,7,954,0,0,0
TXN006507,160.5,9,0,101,0,0,0
TXN006508,82.91,12,2,52,0,3,1
TXN006509,19.3,14,5,114,1,3,1
TXN006510,183.27,5,5,445,0,1,0
TXN006511,204.09,17,4,134,0,0,0
TXN006512,115.58,14,4,252,0,1,0
TXN006513,28.58,19,5,50,0,3,1
TXN006514,42.09,10,2,124,1,0,0
TXN006515,61.78,20,5,188,1,0,1
TXN006516,30.02,23,3,221,1,1,1
TXN006517,230.1,21,3,319,0,2,0
TXN006518,61.72,18,2,173,0,0,0
TXN006519,5.49,18,1,409,0,0,0
TXN006520,72.85,14,4,794,0,1,0
TXN006521,40.61,9,4,121,0,1,0
TXN006522,51.23,16,6,269,0,1,0
TXN006523,39.91,17,4,966,0,0,0
TXN006524,108.42,23,2,103,0,0,0
TXN006525,141.42,14,5,536,0,1,0
TXN006526,69.45,10,4,379,0,0,0
TXN006527,40.92,16,3,108,1,0,0
TXN006528,52.71,22,3,380,0,1,0
TXN006529,55.52,9,4,359,0,1,0
TXN006530,27.6,11,3,885,1,0,0
TXN006531,89.31,14,0,443,2,2,0
TXN006532,80.72,9,5,301,0,0,0
TXN006533,202.22,1,0,616,1,1,1
TXN006534,158.71,11,1,810,1,0,0
TXN006535,30.48,19,1,217,2,0,0
TXN006536,109.65,4,1,267,0,0,1
TXN006537,24.33,12,3,1238,0,2,0
TXN006538,98.65,18,3,252,0,1,0
TXN006539,35.19,21,7,696,0,1,0
TXN006540,22.88,23,3,30,1,0,0
TXN006541,69.27,12,3,423,1,1,0
TXN006542,5.62,21,5,548,0,1,0
TXN006543,12.33,3,2,297,0,1,1
TXN006544,46.95,17,0,176,1,0,0
TXN006545,58.56,16,2,533,0,0,0
TXN006546,39.89,10,3,143,0,0,0
TXN006547,14.26,13,2,225,0,0,1
TXN006548,27.24,8,5,672,0,1,0
TXN006549,76.14,19,5,165,0,0,0
TXN006550,89.52,11,0,931,3,2,1
TXN006551,53.85,15,4,130,0,1,0
TXN006552,145.96,9,3,376,0,1,0
TXN006553,76.54,9,4,730,0,2,0
TXN006554,28.92,23,0,49,2,3,1
TXN006555,43.02,17,0,181,0,0,0
TXN006556,16.57,22,5,357,1,0,0
TXN006557,49.8,11,4,116,0,0,0
TXN006558,140.51,9,1,391,1,0,0
TXN006559,97.76,13,5,186,0,0,0
TXN006560,179.78,13,3,215,0,0,1
TXN006561,42.21,9,3,333,0,1,0
TXN006562,171.43,17,4,333,0,0,0
TXN006563,46.33,11,4,139,1,1,0
TXN006564,190.73,9,5,153,0,0,0
TXN006565,53.59,11,2,474,0,2,0
TXN006566,99.6,14,4,181,0,0,0
TXN006567,191.3,17,3,440,1,1,0
TXN006568,46.32,13,4,467,1,1,0
TXN006569,65.73,14,4,169,0,2,0
TXN006570,163.29,8,2,55,0,0,0
TXN006571,48.76,20,5,512,1,0,0
TXN006572,17.77,21,0,370,0,2,0
TXN006573,337.5,16,5,227,1,0,0
TXN006574,36.62,1,4,1358,0,0,1
TXN006575,62.49,14,4,851,0,0,0
TXN006576,145.85,15,5,373,3,0,1
TXN006577,32.55,23,2,516,0,3,1
TXN006578,23.18,23,3,182,0,0,1
TXN006579,67.74,19,5,207,0,0,0
TXN006580,11.89,6,1,199,0,0,0
TXN006581,42.75,21,2,68,1,0,0
TXN006582,67.24,15,6,91,0,0,0
TXN006583,43.4,18,10,116,1,0,1
TXN006584,14.7,12,3,198,0,0,0
TXN006585,211.67,11,4,113,0,3,1
TXN006586,59.62,13,5,239,1,0,0
TXN006587,184.28,8,1,334,0,0,0
TXN006588,43.77,11,3,850,0,0,0
TXN006589,25.84,19,3,148,0,0,0
TXN006590,68.64,3,1,400,0,0,0
TXN006591,45.45,8,3,463,2,1,0
TXN006592,20.06,8,5,171,0,0,0
TXN006593,190.44,12,2,384,0,1,0
TXN006594,32.17,23,1,430,0,1,0
TXN006595,11.42,9,4,765,1,0,0
TXN006596,168.84,8,3,401,0,0,0
TXN006597,35.56,20,3,537,0,0,0
TXN006598,32.57,20,0,287,0,1,0
TXN006599,12.18,2,3,519,1,0,0
TXN006600,239.8,17,1,363,0,0,0
TXN006601,18.25,16,2,663,0,1,0
TXN006602,57.38,18,3,283,0,1,0
TXN006603,118.6,13,7,414,1,2,1
TXN006604,78.14,23,1,515,0,1,1
TXN006605,51.9,4,3,104,0,0,1
TXN006606,12.85,10,5,91,0,2,0
TXN006607,27.43,12,2,148,0,0,0
TXN006608,64.05,13,3,146,0,0,0
TXN006609,27.96,21,4,119,1,1,0
TXN006610,64.9,14,0,285,0,1,0
TXN006611,97.46,4,3,718,1,0,1
TXN006612,123.73,12,1,670,0,1,0
TXN006613,19.25,12,2,570,0,1,0
TXN006614,353.24,22,5,516,0,0,0
TXN006615,104.83,15,3,88,1,0,0
TXN006616,54.52,15,2,600,0,0,0
TXN006617,137.84,17,6,247,1,0,0
TXN006618,407.73,18,2,382,0,0,0
TXN006619,16.07,15,2,509,1,0,0
TXN006620,45.08,10,4,431,0,1,0
TXN006621,7.23,20,2,386,0,0,0
TXN006622,64.31,17,7,425,1,2,1
TXN006623,74.48,17,4,61,0,0,0
TXN006624,52.81,23,4,391,0,0,0
TXN006625,31.3,18,2,156,1,0,0
TXN006626,9.56,19,4,388,0,0,0
TXN006627,75.0,21,2,341,0,0,0
TXN006628,188.13,8,4,264,0,1,0
TXN006629,33.04,13,5,453,0,2,0
TXN006630,79.36,15,4,887,1,0,0
TXN006631,14.4,11,4,207,0,0,0
TXN006632,80.53,19,9,204,0,1,1
TXN006633,39.08,18,2,309,1,1,0
TXN006634,28.56,17,1,53,0,1,0
TXN006635,28.61,23,3,258,0,0,1
TXN006636,39.07,10,2,351,1,0,0
TXN006637,75.57,17,2,451,0,1,0
TXN006638,17.9,14,2,229,0,1,0
TXN006639,38.96,11,1,458,0,1,0
TXN006640,52.71,9,2,188,0,1,0
TXN006641,21.45,20,3,273,0,0,0
TXN006642,251.43,15,1,517,0,1,0
TXN006643,26.43,19,5,863,0,1,0
TXN006644,30.91,14,3,748,0,0,0
TXN006645,23.77,9,5,494,0,0,0
TXN006646,251.82,11,0,412,0,2,0
TXN006647,87.35,12,1,104,1,0,0
TXN006648,24.63,22,1,94,1,0,0
TXN006649,139.81,0,2,615,1,0,0
TXN006650,64.75,23,5,572,1,1,1
TXN006651,67.94,22,4,32,0,1,0
TXN006652,40.74,23,4,115,1,0,0
TXN006653,28.88,13,4,178,0,1,0
TXN006654,72.76,22,2,297,0,0,0
TXN006655,34.35,12,2,227,0,0,0
TXN006656,255.76,2,3,283,0,0,0
TXN006657,18.56,10,1,399,0,1,0
TXN006658,201.49,21,2,200,0,1,0
TXN006659,49.67,1,3,156,1,0,0
TXN006660,70.4,14,4,248,1,0,1
TXN006661,110.85,7,4,515,0,0,0
TXN006662,31.95,10,3,1038,0,1,0
TXN006663,113.82,7,1,121,0,0,0
TXN006664,5.47,19,4,673,0,1,0
TXN006665,29.61,15,4,231,0,0,0
TXN006666,24.89,20,4,1059,0,1,0
TXN006667,18.81,16,1,188,1,0,0
TXN006668,45.48,22,4,326,0,1,0
TXN006669,75.78,14,3,752,0,0,0
TXN006670,99.21,15,1,373,1,0,0
TXN006671,67.0,14,5,285,1,0,0
TXN006672,31.01,13,2,370,0,1,0
TXN006673,74.71,19,2,244,0,1,0
TXN006674,60.68,16,2,423,0,0,0
TXN006675,120.98,18,3,514,0,1,0
TXN006676,105.68,18,4,151,0,0,0
TXN006677,56.03,9,1,266,0,0,0
TXN006678,25.47,16,7,151,1,3,1
TXN006679,31.34,9,6,113,0,0,0
TXN006680,34.22,15,0,277,0,1,0
TXN006681,41.76,16,1,331,0,1,0
TXN006682,68.57,23,4,567,1,0,0
TXN006683,100.27,2,2,336,0,0,1
TXN006684,52.28,7,2,115,1,0,0
TXN006685,55.35,7,4,1121,0,1,0
TXN006686,61.67,12,1,208,0,2,0
TXN006687,35.22,19,10,306,0,0,1
TXN006688,24.86,19,4,234,2,0,0
TXN006689,12.28,17,5,94,0,0,0
TXN006690,30.24,20,4,29,0,0,0
TXN006691,81.63,11,7,383,0,1,0
TXN006692,30.04,7,2,94,0,1,0
TXN006693,44.61,6,3,290,1,1,0
TXN006694,81.16,19,7,64,2,1,1
TXN006695,84.99,17,5,894,0,1,0
TXN006696,21.81,16,6,379,0,0,0
TXN006697,127.42,11,0,217,0,2,0
TXN006698,142.34,12,7,483,0,0,0
TXN006699,20.9,22,4,414,1,2,0
TXN006700,27.11,6,3,96,0,2,0
TXN006701,150.27,18,2,464,0,0,0
TXN006702,48.19,11,1,826,1,0,0
TXN006703,8.27,3,5,203,0,1,1
TXN006704,16.61,17,4,637,0,1,0
TXN006705,44.17,11,7,188,0,0,0
TXN006706,20.32,17,1,419,1,1,0
TXN006707,38.42,17,3,568,0,1,0
TXN006708,56.12,14,4,39,1,0,0
TXN006709,189.22,18,3,281,0,0,1
TXN006710,42.65,15,5,388,0,0,0
TXN006711,135.86,10,1,186,0,0,0
TXN006712,183.91,17,4,312,0,0,0
TXN006713,184.78,15,2,111,0,0,0
TXN006714,69.55,0,1,349,0,0,0
TXN006715,10.29,20,4,278,1,1,0
TXN006716,80.78,14,9,183,1,0,1
TXN006717,133.11,19,3,173,1,1,0
TXN006718,50.96,20,4,161,2,1,0
TXN006719,240.54,13,2,316,0,0,0
TXN006720,113.39,13,3,251,0,0,0
TXN006721,88.5,12,3,714,0,1,0
TXN006722,137.47,13,2,518,0,0,0
TXN006723,72.48,20,4,643,0,0,1
TXN006724,6.56,18,3,514,1,1,0
TXN006725,35.72,8,6,190,0,1,0
TXN006726,151.05,15,0,177,1,0,0
TXN006727,27.48,23,5,138,1,0,0
TXN006728,45.15,15,1,567,1,0,0
TXN006729,22.46,18,6,131,0,0,0
TXN006730,248.72,18,4,187,0,1,0
TXN006731,227.98,11,0,454,0,0,0
TXN006732,25.76,12,4,389,1,0,0
TXN006733,61.88,17,6,85,2,0,0
TXN006734,30.62,13,2,253,1,0,0
TXN006735,92.08,14,1,190,0,2,0
TXN006736,84.2,17,0,209,0,1,0
TXN006737,108.85,18,11,211,0,1,1
TXN006738,72.39,10,7,421,0,0,0
TXN006739,661.89,8,3,214,0,0,0
TXN006740,22.79,11,2,357,0,0,0
TXN006741,12.76,13,4,415,1,3,1
TXN006742,39.09,11,6,129,3,0,1
TXN006743,14.4,14,5,628,0,0,0
TXN006744,15.35,5,3,416,0,0,0
TXN006745,23.31,14,3,409,2,1,0
TXN006746,24.93,12,3,889,1,0,0
TXN006747,24.25,14,1,812,2,0,0
TXN006748,84.82,12,2,326,0,1,0
TXN006749,35.51,10,0,505,0,0,0
TXN006750,46.87,20,1,630,0,0,0
TXN006751,116.76,9,2,218,0,2,0
TXN006752,28.46,16,9,533,1,1,1
TXN006753,43.6,21,1,632,0,0,0
TXN006754,74.51,14,5,93,0,0,0
TXN006755,10.48,20,4,273,1,1,0
TXN006756,7.19,8,5,338,0,0,0
TXN006757,73.27,13,1,307,0,0,0
TXN006758,82.95,13,1,687,0,0,0
TXN006759,315.64,0,5,366,2,1,1
TXN006760,62.45,13,1,177,0,0,0
TXN006761,109.59,12,6,263,1,0,0
TXN006762,46.24,16,3,305,0,0,0
TXN006763,70.29,21,2,622,2,0,0
TXN006764,225.24,7,5,59,0,0,0
TXN006765,8.98,11,3,263,0,2,0
TXN006766,77.6,13,1,376,0,1,0
TXN006767,335.37,13,2,412,0,1,0
TXN006768,69.39,18,2,215,1,0,0
TXN006769,222.07,13,0,436,0,1,0
TXN006770,31.98,2,3,62,0,0,0
TXN006771,53.13,17,0,292,0,0,0
TXN006772,56.18,20,0,465,0,0,0
TXN006773,8.29,14,2,676,2,0,0
TXN006774,20.23,15,7,524,0,1,0
TXN006775,21.49,9,1,140,1,0,0
TXN006776,109.81,9,3,211,1,1,0
TXN006777,114.59,10,7,551,0,0,0
TXN006778,71.91,12,3,251,1,1,0
TXN006779,110.0,21,4,424,0,1,0
TXN006780,47.49,14,5,643,0,1,0
TXN006781,151.66,9,6,590,0,0,0
TXN006782,55.01,10,4,270,0,2,0
TXN006783,57.35,12,3,272,0,1,0
TXN006784,43.56,15,5,289,0,0,0
TXN006785,97.69,13,2,788,2,0,0
TXN006786,38.17,12,1,481,1,0,0
TXN006787,125.21,14,2,114,2,0,0
TXN006788,20.86,10,3,266,0,0,0
TXN006789,21.45,7,3,200,0,0,0
TXN006790,97.94,1,4,700,0,0,1
TXN006791,50.64,10,1,185,2,0,0
TXN006792,37.12,7,6,93,1,0,0
TXN006793,116.34,11,3,641,2,1,0
TXN006794,32.58,18,6,269,0,0,0
TXN006795,46.05,17,2,660,0,0,0
TXN006796,179.35,15,4,380,0,1,0
TXN006797,202.0,19,4,224,0,0,1
TXN006798,207.79,10,4,730,0,0,0
TXN006799,42.96,20,0,961,0,2,0
TXN006800,155.41,12,5,1080,0,1,0
TXN006801,24.37,12,5,567,2,0,0
TXN006802,25.26,12,5,131,0,0,0
TXN006803,7.4,7,2,339,1,0,0
TXN006804,226.32,22,6,160,0,0,0
TXN006805,26.2,8,2,234,0,0,0
TXN006806,49.03,11,4,552,1,1,0
TXN006807,25.18,11,0,161,0,1,0
TXN006808,98.58,6,1,200,0,0,0
TXN006809,39.67,8,3,45,2,0,0
TXN006810,18.01,4,0,415,0,1,0
TXN006811,79.47,11,5,316,0,1,0
TXN006812,16.14,19,8,203,0,1,1
TXN006813,26.79,11,4,44,0,0,0
TXN006814,9.11,8,3,196,0,0,0
TXN006815,16.28,16,3,83,0,0,0
TXN006816,63.55,23,2,239,0,0,0
TXN006817,10.28,10,2,514,0,0,0
TXN006818,15.5,10,8,290,0,0,1
TXN006819,54.49,22,3,173,0,0,0
TXN006820,34.4,9,0,342,0,1,0
TXN006821,296.85,14,5,173,1,1,0
TXN006822,259.51,10,4,316,1,1,0
TXN006823,26.11,21,2,389,0,0,0
TXN006824,87.67,22,2,121,2,0,0
TXN006825,103.22,18,3,47,0,0,0
TXN006826,32.86,11,3,481,0,1,0
TXN006827,15.31,12,7,38,0,2,1
TXN006828,54.03,10,2,378,0,1,0
TXN006829,47.14,20,4,296,0,0,0
TXN006830,37.7,20,4,412,0,0,0
TXN006831,79.52,12,4,397,0,0,0
TXN006832,28.84,16,2,684,0,0,1
TXN006833,20.51,9,6,225,0,0,0
TXN006834,59.9,12,8,131,0,0,1
TXN006835,75.8,15,4,431,0,0,0
TXN006836,20.08,12,2,316,0,1,0
TXN006837,120.17,11,3,115,0,1,0
TXN006838,12.12,0,7,242,0,0,1
TXN006839,33.4,18,1,203,1,1,0
TXN006840,43.85,20,4,752,1,0,0
TXN006841,31.79,22,6,553,0,0,0
TXN006842,33.77,17,1,182,1,0,0
TXN006843,267.85,14,3,500,0,0,0
TXN006844,26.49,10,3,82,0,0,0
TXN006845,434.87,23,3,288,0,0,0
TXN006846,79.17,15,6,695,0,1,0
TXN006847,59.04,16,2,94,0,0,0
TXN006848,81.84,16,3,370,0,1,0
TXN006849,468.92,19,0,810,1,0,0
TXN006850,23.46,0,2,1147,0,0,1
TXN006851,21.07,9,5,464,0,1,0
TXN006852,28.74,16,3,233,0,1,0
TXN006853,56.11,20,1,376,0,0,0
TXN006854,12.59,16,1,480,0,1,0
TXN006855,55.64,12,4,452,0,0,0
TXN006856,230.33,11,5,183,0,0,0
TXN006857,62.1,17,2,539,0,1,0
TXN006858,42.57,17,2,261,1,0,0
TXN006859,32.28,15,4,202,1,1,0
TXN006860,117.18,11,2,534,1,0,0
TXN006861,27.06,21,6,425,0,0,0
TXN006862,262.29,14,10,885,0,0,1
TXN006863,282.41,18,3,221,0,0,0
TXN006864,67.91,9,3,220,1,0,0
TXN006865,54.07,11,3,333,0,0,0
TXN006866,131.11,20,6,721,0,2,0
TXN006867,138.46,5,3,962,0,0,0
TXN006868,27.52,14,2,1252,0,2,0
TXN006869,34.9,13,0,134,0,0,0
TXN006870,17.74,17,4,815,1,1,0
TXN006871,77.3,10,1,1335,1,2,0
TXN006872,96.22,9,0,628,0,0,0
TXN006873,17.33,21,4,61,0,0,0
TXN006874,37.08,14,1,320,1,0,0
TXN006875,17.37,7,4,394,0,0,0
TXN006876,25.43,9,1,1135,0,0,0
TXN006877,87.21,23,4,268,0,0,0
TXN006878,29.27,9,4,249,1,0,0
TXN006879,42.28,15,2,501,1,1,0
TXN006880,13.69,12,3,220,0,0,0
TXN006881,64.0,20,6,1214,0,0,0
TXN006882,52.58,17,3,105,0,1,0
TXN006883,29.38,15,1,667,1,0,0
TXN006884,46.49,0,4,231,0,0,1
TXN006885,63.64,20,1,373,0,2,0
TXN006886,27.31,13,3,631,0,0,0
TXN006887,15.57,21,2,363,0,0,0
TXN006888,253.34,13,3,210,1,1,0
TXN006889,31.87,16,7,879,2,0,1
TXN006890,50.29,6,2,57,0,0,0
TXN006891,128.92,17,3,122,2,0,0
TXN006892,1096.3,11,6,77,1,0,0
TXN006893,18.96,11,8,351,0,0,1
TXN006894,80.03,8,5,873,0,1,0
TXN006895,29.92,8,5,99,2,0,0
TXN006896,34.54,9,4,713,1,1,0
TXN006897,29.6,11,4,225,0,1,0
TXN006898,20.97,20,1,289,0,0,0
TXN006899,52.72,12,0,1063,0,0,0
TXN006900,15.59,17,4,132,1,1,0
TXN006901,122.09,7,3,601,3,0,1
TXN006902,57.21,15,7,211,0,1,0
TXN006903,78.18,13,5,443,0,0,0
TXN006904,36.74,22,4,686,0,0,0
TXN006905,39.96,19,3,434,0,1,0
TXN006906,69.72,13,3,725,0,0,0
TXN006907,20.3,18,4,289,0,0,0
TXN006908,40.27,9,6,601,0,0,0
TXN006909,26.29,14,5,477,0,0,0
TXN006910,25.61,6,1,311,1,0,0
TXN006911,9.09,11,5,807,0,0,0
TXN006912,170.45,10,4,271,0,0,0
TXN006913,30.46,17,2,357,0,0,0
TXN006914,146.77,13,5,123,0,1,0
TXN006915,135.43,17,5,485,1,1,0
TXN006916,18.3,14,4,246,0,1,0
TXN006917,21.65,7,0,207,0,1,0
TXN006918,481.27,17,7,239,0,0,0
TXN006919,241.84,19,3,199,0,0,0
TXN006920,53.15,20,1,548,1,1,0
TXN006921,67.95,14,3,395,0,0,0
TXN006922,31.94,17,3,110,0,0,0
TXN006923,78.85,17,3,479,0,1,0
TXN006924,29.68,8,7,75,0,0,0
TXN006925,9.7,9,2,548,1,1,0
TXN006926,17.76,6,5,277,1,1,0
TXN006927,55.59,11,4,689,0,1,0
TXN006928,20.88,13,0,212,0,2,0
TXN006929,51.56,23,4,133,1,0,0
TXN006930,21.9,12,5,352,0,1,0
TXN006931,28.08,17,5,513,0,0,0
TXN006932,112.75,16,4,43,0,1,0
TXN006933,67.38,9,2,203,1,1,0
TXN006934,54.15,6,4,381,0,0,0
TXN006935,115.25,14,1,95,0,1,0
TXN006936,82.15,17,1,484,0,0,0
TXN006937,186.71,23,4,340,0,2,1
TXN006938,36.93,11,1,379,0,0,0
TXN006939,37.89,20,1,929,0,0,0
TXN006940,18.07,12,1,438,0,0,0
TXN006941,37.92,16,6,201,1,0,0
TXN006942,123.97,15,3,177,0,0,0
TXN006943,164.84,5,1,258,0,0,0
TXN006944,123.5,7,1,756,0,0,0
TXN006945,11.88,1,3,283,0,0,0
TXN006946,137.09,12,2,295,0,0,0
TXN006947,11.44,17,6,444,0,0,0
TXN006948,117.14,9,5,954,0,0,0
TXN006949,39.94,15,3,769,1,0,0
TXN006950,99.2,10,1,282,1,0,0
TXN006951,17.59,18,2,133,0,1,0
TXN006952,147.75,18,6,313,0,0,0
TXN006953,15.72,18,6,471,1,0,0
TXN006954,30.93,14,1,590,1,1,0
TXN006955,23.37,10,4,317,0,0,0
TXN006956,12.29,18,6,963,1,0,0
TXN006957,59.17,9,4,396,0,0,0
TXN006958,253.45,11,3,538,0,2,0
TXN006959,526.83,9,6,547,0,1,0
TXN006960,59.3,16,0,474,0,0,0
TXN006961,141.06,16,5,966,0,0,0
TXN006962,66.51,16,3,827,0,1,0
TXN006963,83.43,12,3,269,0,0,0
TXN006964,40.82,7,4,578,3,0,1
TXN006965,64.45,20,1,461,1,0,0
TXN006966,86.22,13,2,145,0,1,0
TXN006967,33.39,12,1,92,0,1,0
TXN006968,51.12,15,2,124,0,1,0
TXN006969,51.95,9,4,1243,0,1,0
TXN006970,110.22,8,3,193,0,0,0
TXN006971,22.06,12,4,335,0,0,0
TXN006972,52.26,10,6,341,0,0,0
TXN006973,277.33,10,6,832,1,1,0
TXN006974,146.86,20,1,427,0,1,1
TXN006975,171.88,14,3,443,1,0,0
TXN006976,55.74,13,1,495,0,2,0
TXN006977,71.73,16,3,354,0,0,0
TXN006978,127.98,21,0,800,0,0,0
TXN006979,205.66,8,4,689,0,0,0
TXN006980,10.39,19,3,287,1,1,0
TXN006981,17.85,15,2,314,0,0,0
TXN006982,166.17,8,3,405,0,0,0
TXN006983,43.15,11,1,121,1,1,0
TXN006984,30.85,13,2,591,0,1,0
TXN006985,18.8,16,1,737,1,1,0
TXN006986,34.06,10,4,202,0,2,0
TXN006987,16.58,14,3,1057,0,1,0
TXN006988,322.93,16,4,208,0,1,0
TXN006989,53.57,13,1,142,0,0,1
TXN006990,51.97,19,3,461,1,0,0
TXN006991,90.0,19,3,809,0,1,0
TXN006992,123.72,13,6,482,0,2,0
TXN006993,122.0,22,6,287,0,1,0
TXN006994,135.99,6,5,555,0,0,1
TXN006995,31.94,0,2,259,0,1,0
TXN006996,42.39,12,3,697,0,3,1
TXN006997,104.97,15,2,73,0,0,0
TXN006998,34.87,15,1,207,0,0,0
TXN006999,54.36,13,1,98,0,0,0
TXN007000,76.63,8,3,135,0,0,0
TXN007001,106.42,9,3,430,0,1,0
TXN007002,12.05,19,5,228,1,0,0
TXN007003,100.24,19,4,758,0,0,0
TXN007004,44.76,16,2,313,0,1,0
TXN007005,99.62,16,3,578,1,1,0
TXN007006,105.68,15,3,162,0,1,0
TXN007007,214.16,9,4,456,0,0,0
TXN007008,172.51,12,5,601,0,1,0
TXN007009,171.5,16,2,228,1,0,0
TXN007010,186.26,14,3,338,0,1,0
TXN007011,69.94,1,4,295,0,0,0
TXN007012,56.11,21,3,383,1,0,0
TXN007013,114.65,19,7,234,0,0,0
TXN007014,101.72,10,5,341,0,1,0
TXN007015,41.98,15,7,342,0,1,0
TXN007016,77.02,21,2,927,0,0,0
TXN007017,52.99,7,6,347,1,1,0
TXN007018,26.42,13,4,599,0,0,0
TXN007019,163.51,13,1,499,0,0,0
TXN007020,57.22,12,4,444,1,0,0
TXN007021,311.5,19,2,219,0,0,0
TXN007022,13.71,12,4,705,1,1,0
TXN007023,34.01,6,3,266,1,0,0
TXN007024,56.13,6,4,467,0,2,0
TXN007025,143.56,4,1,206,0,1,0
TXN007026,76.67,12,4,154,0,0,0
TXN007027,71.09,17,3,624,0,1,0
TXN007028,20.94,9,4,165,0,0,0
TXN007029,20.42,16,5,186,0,1,0
TXN007030,71.82,16,5,123,0,0,0
TXN007031,17.12,10,1,448,0,0,0
TXN007032,34.74,15,1,124,0,0,0
TXN007033,83.58,16,1,766,0,0,0
TXN007034,23.69,13,4,458,1,0,0
TXN007035,213.7,11,0,151,0,1,0
TXN007036,154.52,15,7,434,0,1,0
TXN007037,14.36,22,4,135,0,0,0
TXN007038,24.72,12,1,581,0,1,0
TXN007039,7.82,12,1,363,0,0,0
TXN007040,28.07,13,1,88,0,0,0
TXN007041,104.73,7,5,103,0,2,0
TXN007042,38.41,14,3,237,0,1,0
TXN007043,80.78,11,2,628,0,0,0
TXN007044,14.97,8,6,168,1,0,0
TXN007045,107.58,13,6,261,0,1,0
TXN007046,34.06,0,4,1270,0,0,1
TXN007047,55.17,12,8,253,0,0,1
TXN007048,50.45,7,5,97,0,1,0
TXN007049,18.53,1,4,746,0,1,0
TXN007050,20.49,19,1,97,0,1,0
TXN007051,124.29,20,4,496,0,1,0
TXN007052,76.64,9,5,230,1,0,0
TXN007053,133.29,14,1,715,0,1,0
TXN007054,71.95,10,3,268,0,0,0
TXN007055,61.65,13,2,301,0,1,0
TXN007056,12.59,13,3,449,0,0,0
TXN007057,43.39,10,3,232,0,0,0
TXN007058,53.34,17,6,585,0,1,0
TXN007059,287.19,8,4,248,0,0,0
TXN007060,97.9,5,5,738,0,2,0
TXN007061,201.47,18,1,429,0,0,0
TXN007062,90.73,16,1,1067,0,1,0
TXN007063,29.83,13,1,233,0,0,0
TXN007064,60.31,13,1,539,0,1,0
TXN007065,66.74,13,3,273,0,0,0
TXN007066,24.57,13,4,500,0,0,0
TXN007067,39.38,12,3,150,1,0,0
TXN007068,45.84,13,3,260,0,2,0
TXN007069,213.74,14,3,553,0,0,0
TXN007070,9.31,16,3,160,0,0,1
TXN007071,152.16,17,1,520,1,1,0
TXN007072,24.62,12,4,236,1,0,0
TXN007073,17.01,12,3,367,0,1,0
TXN007074,148.85,12,2,1504,1,0,0
TXN007075,101.71,14,2,339,1,0,0
TXN007076,158.59,13,2,257,0,1,0
TXN007077,107.83,20,5,210,0,0,0
TXN007078,314.46,16,8,498,0,2,1
TXN007079,87.79,20,2,249,0,0,0
TXN007080,47.8,17,3,549,0,0,0
TXN007081,73.08,22,2,311,0,0,0
TXN007082,157.11,15,6,504,0,0,0
TXN007083,28.15,22,6,302,1,1,0
TXN007084,31.37,9,4,257,0,0,0
TXN007085,41.99,5,3,228,0,0,0
TXN007086,9.13,15,1,156,1,0,0
TXN007087,61.4,23,1,293,0,1,1
TXN007088,10.99,12,2,615,0,2,0
TXN007089,57.12,9,2,559,0,1,0
TXN007090,113.92,14,3,299,0,0,0
TXN007091,36.4,16,4,186,2,0,0
TXN007092,227.14,11,3,348,0,0,0
TXN007093,15.78,17,5,620,0,0,0
TXN007094,150.29,22,5,146,0,0,0
TXN007095,96.92,20,7,377,0,2,1
TXN007096,12.7,11,4,98,0,1,0
TXN007097,546.85,11,2,495,0,1,0
TXN007098,51.72,12,3,557,1,0,0
TXN007099,25.9,12,2,322,0,0,0
TXN007100,16.51,7,2,302,0,1,0
TXN007101,45.29,18,1,891,0,0,0
TXN007102,48.99,12,4,216,0,1,1
TXN007103,59.58,20,2,415,0,0,0
TXN007104,42.39,21,2,420,0,0,0
TXN007105,93.53,1,5,77,0,2,0
TXN007106,39.27,23,7,48,0,0,0
TXN007107,10.54,17,2,698,0,0,0
TXN007108,48.09,14,4,60,0,0,0
TXN007109,7.3,12,2,326,1,1,0
TXN007110,73.75,14,6,931,0,0,0
TXN007111,23.75,11,1,1318,0,0,0
TXN007112,62.73,15,4,1024,0,0,0
TXN007113,166.83,7,5,155,1,0,0
TXN007114,24.38,15,8,776,2,0,1
TXN007115,134.57,10,2,126,0,2,0
TXN007116,37.77,1,5,23,0,1,1
TXN007117,242.31,14,2,55,2,1,1
TXN007118,40.03,15,2,505,0,1,0
TXN007119,26.72,12,2,728,1,0,0
TXN007120,97.92,6,5,423,1,0,0
TXN007121,37.7,20,2,1317,0,0,0
TXN007122,26.7,15,1,516,0,0,0
TXN007123,36.37,8,7,785,1,2,1
TXN007124,52.57,14,5,907,0,0,0
TXN007125,170.86,13,3,529,0,1,0
TXN007126,10.55,6,2,262,1,0,0
TXN007127,55.68,15,2,179,3,1,1
TXN007128,92.87,18,4,194,0,3,1
TXN007129,64.36,17,1,515,0,0,0
TXN007130,166.23,9,2,224,0,1,0
TXN007131,51.25,19,2,144,1,0,0
TXN007132,46.67,11,2,1128,0,1,0
TXN007133,90.33,21,4,141,0,1,0
TXN007134,59.41,6,4,312,0,0,0
TXN007135,39.18,13,5,828,1,0,0
TXN007136,84.67,15,3,402,0,1,0
TXN007137,31.35,10,3,601,0,2,0
TXN007138,32.48,18,3,203,0,0,0
TXN007139,34.86,15,4,113,1,0,0
TXN007140,172.45,1,1,256,0,1,1
TXN007141,5.0,15,3,410,1,1,0
TXN007142,76.42,13,4,833,0,0,0
TXN007143,56.21,9,2,149,1,0,0
TXN007144,13.08,23,1,701,1,0,0
TXN007145,71.04,20,7,701,0,0,1
TXN007146,81.81,11,2,265,1,0,0
TXN007147,90.12,14,1,334,0,0,0
TXN007148,5.73,11,5,122,1,0,0
TXN007149,174.41,18,2,446,0,0,0
TXN007150,29.16,21,2,244,0,1,0
TXN007151,97.86,11,3,382,0,0,0
TXN007152,102.51,18,3,485,0,1,0
TXN007153,25.91,13,2,206,2,0,0
TXN007154,95.72,12,5,237,2,2,0
TXN007155,39.34,21,2,407,1,0,0
TXN007156,9.39,14,4,150,0,1,1
TXN007157,147.32,13,2,560,1,1,0
TXN007158,28.25,16,6,299,0,0,0
TXN007159,26.41,10,5,682,0,1,0
TXN007160,38.76,11,3,216,1,0,0
TXN007161,68.81,21,3,293,0,0,0
TXN007162,52.0,16,0,51,2,1,0
TXN007163,87.0,19,0,87,0,1,0
TXN007164,17.49,10,4,577,0,1,0
TXN007165,29.05,14,1,310,1,0,0
TXN007166,49.47,22,3,330,0,1,0
TXN007167,274.02,11,3,89,0,0,1
TXN007168,49.56,9,3,308,1,0,1
TXN007169,137.34,14,3,618,0,0,0
TXN007170,56.42,12,8,459,0,0,1
TXN007171,36.19,9,4,273,0,1,0
TXN007172,44.27,20,5,73,1,0,0
TXN007173,47.32,23,1,387,0,0,0
TXN007174,91.2,14,2,297,0,0,0
TXN007175,175.64,18,2,601,1,0,0
TXN007176,74.12,19,5,713,0,1,0
TXN007177,149.76,17,4,154,0,0,0
TXN007178,24.05,4,6,490,0,2,1
TXN007179,38.38,9,7,147,0,0,0
TXN007180,29.5,6,2,323,0,0,0
TXN007181,71.33,0,2,312,0,0,1
TXN007182,40.24,11,0,573,1,0,0
TXN007183,101.53,12,4,221,0,0,0
TXN007184,24.75,10,2,386,1,0,0
TXN007185,56.63,6,3,320,1,1,0
TXN007186,97.89,14,2,378,0,0,0
TXN007187,9.44,10,5,497,1,2,0
TXN007188,331.42,18,4,599,0,0,0
TXN007189,42.92,0,10,647,0,0,1
TXN007190,9.76,19,0,57,1,0,0
TXN007191,62.45,22,0,683,0,1,0
TXN007192,56.17,17,4,668,0,0,0
TXN007193,50.93,17,5,348,0,1,0
TXN007194,126.79,21,4,434,0,1,0
TXN007195,103.06,9,4,300,0,0,0
TXN007196,70.33,23,1,121,0,2,1
TXN007197,80.05,18,0,142,1,0,0
TXN007198,49.96,17,4,489,0,0,0
TXN007199,246.95,11,4,304,1,1,1
TXN007200,15.53,14,6,207,1,0,0
TXN007201,61.48,16,5,381,0,1,0
TXN007202,57.7,15,1,419,0,1,0
TXN007203,108.99,17,5,194,0,1,0
TXN007204,26.65,7,5,249,0,1,1
TXN007205,12.4,11,4,963,0,0,1
TXN007206,62.38,12,5,280,0,1,0
TXN007207,69.34,10,1,369,2,1,0
TXN007208,193.67,9,4,163,0,0,0
TXN007209,18.54,8,5,755,2,0,0
TXN007210,145.69,12,1,157,0,1,0
TXN007211,408.42,13,4,104,0,0,0
TXN007212,39.6,6,3,711,1,1,0
TXN007213,18.22,21,4,265,0,1,0
TXN007214,38.63,18,2,130,0,1,0
TXN007215,55.25,17,1,865,0,1,0
TXN007216,88.17,9,2,313,0,0,0
TXN007217,33.03,15,3,98,0,0,0
TXN007218,204.78,14,3,167,1,0,0
TXN007219,21.17,23,8,155,1,0,1
TXN007220,12.45,17,2,167,0,1,0
TXN007221,139.87,14,5,186,1,2,0
TXN007222,7.9,19,5,1313,3,1,1
TXN007223,45.9,8,4,1038,0,0,0
TXN007224,772.81,1,3,602,2,0,0
TXN007225,54.04,16,3,220,1,1,0
TXN007226,21.06,7,3,102,0,0,0
TXN007227,52.0,8,2,186,0,0,0
TXN007228,52.29,17,1,818,0,2,0
TXN007229,62.59,10,4,271,1,0,0
TXN007230,95.86,15,1,617,0,1,0
TXN007231,22.57,20,2,380,0,1,0
TXN007232,229.16,11,0,608,0,0,0
TXN007233,67.25,9,7,470,1,0,0
TXN007234,101.27,7,3,310,0,1,0
TXN007235,32.01,8,2,597,1,0,0
TXN007236,162.95,6,2,647,0,1,0
TXN007237,43.88,7,2,122,0,0,0
TXN007238,69.13,12,1,355,0,0,0
TXN007239,24.7,11,4,522,0,0,0
TXN007240,23.4,17,3,28,1,0,0
TXN007241,98.0,19,7,95,0,0,0
TXN007242,37.45,18,1,440,0,1,0
TXN007243,26.42,14,4,462,0,1,0
TXN007244,31.6,7,2,577,1,1,0
TXN007245,98.9,17,3,197,0,0,0
TXN007246,31.99,12,4,135,0,0,0
TXN007247,49.4,7,2,238,0,0,0
TXN007248,55.3,19,4,677,0,0,0
TXN007249,10.7,11,4,401,0,0,0
TXN007250,15.64,9,2,274,0,0,0
TXN007251,72.66,19,1,465,0,0,0
TXN007252,29.18,20,1,444,2,1,0
TXN007253,134.05,11,4,1304,1,0,0
TXN007254,124.19,11,2,835,0,0,0
TXN007255,100.61,15,4,287,1,0,0
TXN007256,256.42,17,4,397,0,1,0
TXN007257,50.88,6,5,200,0,1,1
TXN007258,94.78,15,3,277,0,1,0
TXN007259,33.22,21,3,219,1,1,0
TXN007260,439.01,10,4,235,0,0,0
TXN007261,294.74,20,4,382,0,0,0
TXN007262,55.15,21,3,446,0,1,0
TXN007263,75.84,10,2,385,0,1,0
TXN007264,173.37,17,1,702,1,0,0
TXN007265,48.18,10,3,53,0,2,0
TXN007266,31.25,17,0,620,0,0,0
TXN007267,114.77,18,3,273,0,0,0
TXN007268,58.36,10,2,228,0,1,0
TXN007269,63.79,17,6,313,0,1,0
TXN007270,26.87,18,0,347,0,1,0
TXN007271,12.68,11,0,664,0,0,0
TXN007272,66.73,9,2,229,0,0,0
TXN007273,117.83,7,3,697,0,1,0
TXN007274,45.06,14,1,586,2,0,0
TXN007275,185.11,22,6,193,0,1,0
TXN007276,30.01,19,4,244,0,0,0
TXN007277,22.28,13,4,316,0,1,0
TXN007278,51.57,14,5,392,0,0,0
TXN007279,50.9,10,3,148,1,0,0
TXN007280,105.05,9,5,335,1,2,0
TXN007281,28.26,13,3,418,0,0,0
TXN007282,174.67,13,4,11,0,2,0
TXN007283,290.58,14,2,694,2,0,0
TXN007284,52.81,21,5,88,0,0,0
TXN007285,157.95,15,1,526,0,0,0
TXN007286,22.24,15,4,136,1,0,0
TXN007287,136.17,8,2,302,0,0,0
TXN007288,132.98,23,3,355,0,0,0
TXN007289,113.74,18,4,664,0,3,1
TXN007290,53.88,20,3,817,0,0,0
TXN007291,5.0,12,2,153,0,0,0
TXN007292,31.64,13,3,321,0,0,0
TXN007293,32.07,14,8,208,1,0,1
TXN007294,23.77,9,3,304,0,0,0
TXN007295,60.58,16,3,324,0,0,0
TXN007296,38.24,20,4,529,1,0,0
TXN007297,27.09,9,6,309,0,0,0
TXN007298,22.2,7,1,488,0,0,0
TXN007299,29.72,17,3,109,1,0,0
TXN007300,141.64,10,2,651,0,2,0
TXN007301,31.13,15,4,346,0,0,0
TXN007302,35.24,16,5,223,0,0,0
TXN007303,37.03,11,1,299,0,0,0
TXN007304,72.83,18,5,114,0,0,0
TXN007305,80.46,14,2,334,1,0,0
TXN007306,5.0,19,6,619,0,1,0
TXN007307,130.11,18,5,1094,0,1,1
TXN007308,185.1,19,5,309,0,0,0
TXN007309,22.36,1,3,355,0,0,0
TXN007310,23.89,10,1,370,0,1,0
TXN007311,37.24,7,6,533,1,0,0
TXN007312,28.71,13,3,149,0,1,0
TXN007313,66.05,20,4,111,0,0,0
TXN007314,10.44,13,2,708,0,0,0
TXN007315,21.11,19,1,558,0,0,0
TXN007316,202.01,11,3,251,1,1,0
TXN007317,24.8,11,4,585,1,1,0
TXN007318,157.1,20,3,276,0,0,0
TXN007319,73.85,12,2,279,1,0,0
TXN007320,11.73,18,3,288,1,0,0
TXN007321,93.69,10,4,171,0,0,0
TXN007322,49.4,21,4,529,0,2,0
TXN007323,37.07,14,2,284,0,1,0
TXN007324,67.24,18,2,219,0,0,1
TXN007325,81.73,7,2,536,0,0,0
TXN007326,99.63,13,3,526,0,1,0
TXN007327,148.64,20,4,582,1,0,0
TXN007328,77.24,20,4,774,0,1,0
TXN007329,16.96,4,3,444,0,1,0
TXN007330,36.5,11,3,170,0,1,0
TXN007331,666.2,13,3,568,1,1,0
TXN007332,101.07,9,2,368,1,0,0
TXN007333,409.07,17,6,35,0,1,0
TXN007334,178.77,9,3,1636,1,0,0
TXN007335,67.06,11,2,375,0,0,0
TXN007336,70.54,16,4,151,0,1,0
TXN007337,52.93,13,4,574,0,0,0
TXN007338,12.46,17,3,249,0,0,0
TXN007339,55.44,22,4,352,0,2,0
TXN007340,152.79,8,5,492,1,0,0
TXN007341,32.8,17,4,363,0,0,0
TXN007342,77.49,10,3,35,1,0,0
TXN007343,112.6,12,5,440,0,2,0
TXN007344,25.2,2,1,585,0,0,1
TXN007345,37.2,8,5,142,0,1,0
TXN007346,22.98,11,1,348,0,0,0
TXN007347,27.14,11,4,514,0,0,0
TXN007348,18.28,20,2,805,0,0,0
TXN007349,25.4,17,6,441,0,0,0
TXN007350,182.46,22,3,462,0,0,0
TXN007351,25.07,15,2,390,0,0,0
TXN007352,60.79,10,3,326,0,0,0
TXN007353,35.61,11,3,233,0,0,0
TXN007354,148.72,11,2,156,0,0,0
TXN007355,166.42,11,4,211,0,0,0
TXN007356,113.8,16,0,398,0,0,0
TXN007357,70.83,14,2,437,0,0,0
TXN007358,44.86,12,3,694,0,0,0
TXN007359,19.82,8,2,824,0,0,0
TXN007360,284.86,1,3,261,1,1,1
TXN007361,28.62,9,4,349,0,1,0
TXN007362,95.98,8,7,431,1,2,1
TXN007363,134.37,18,4,182,0,1,0
TXN007364,34.06,8,3,699,0,1,0
TXN007365,131.94,17,6,394,0,0,0
TXN007366,104.54,12,6,367,0,0,0
TXN007367,237.17,6,3,430,1,1,0
TXN007368,36.64,18,0,457,0,0,0
TXN007369,18.3,15,2,139,1,1,0
TXN007370,35.53,10,5,181,1,0,0
TXN007371,65.2,20,3,179,0,0,1
TXN007372,57.37,4,3,288,0,0,0
TXN007373,39.08,9,1,521,0,2,0
TXN007374,10.77,17,4,502,0,0,0
TXN007375,81.44,17,1,337,0,0,0
TXN007376,291.92,10,2,409,0,0,0
TXN007377,81.01,6,6,400,0,0,0
TXN007378,91.63,19,3,270,0,0,0
TXN007379,88.82,11,6,364,0,0,0
TXN007380,76.52,9,4,76,1,2,0
TXN007381,120.53,14,3,84,0,1,0
TXN007382,76.41,20,6,981,0,0,0
TXN007383,41.86,4,4,707,0,0,0
TXN007384,27.75,18,3,908,1,0,0
TXN007385,44.18,14,7,526,1,0,0
TXN007386,71.31,12,5,421,1,0,0
TXN007387,41.73,17,0,531,1,2,0
TXN007388,71.32,22,1,318,0,0,0
TXN007389,79.3,10,5,66,1,0,0
TXN007390,110.85,8,4,239,1,0,0
TXN007391,162.45,20,1,1107,2,0,0
TXN007392,58.34,16,3,257,0,0,0
TXN007393,17.96,13,2,470,0,0,0
TXN007394,40.72,14,2,177,0,0,0
TXN007395,56.68,17,5,240,1,0,0
TXN007396,11.47,18,1,297,0,0,0
TXN007397,177.75,21,1,326,0,0,0
TXN007398,61.62,12,4,369,1,0,0
TXN007399,75.5,11,3,396,0,0,0
TXN007400,174.29,15,3,277,0,0,0
TXN007401,31.96,12,1,241,2,1,0
TXN007402,88.94,15,5,419,0,0,0
TXN007403,49.73,12,5,478,0,2,0
TXN007404,46.69,8,4,910,1,0,0
TXN007405,28.32,13,2,35,0,0,0
TXN007406,224.92,16,0,142,0,1,0
TXN007407,39.68,18,1,872,0,0,0
TXN007408,98.94,13,1,280,0,0,0
TXN007409,11.09,9,3,315,0,0,0
TXN007410,148.86,12,4,192,0,0,0
TXN007411,133.54,18,3,175,0,2,0
TXN007412,59.31,12,3,94,0,1,0
TXN007413,45.02,16,2,413,0,0,0
TXN007414,76.71,13,4,546,0,0,0
TXN007415,382.02,10,0,558,0,1,0
TXN007416,12.2,18,2,281,0,0,0
TXN007417,106.14,7,1,348,1,0,1
TXN007418,25.16,14,3,552,0,0,0
TXN007419,53.68,9,3,602,1,2,0
TXN007420,44.23,6,6,486,0,0,1
TXN007421,37.94,13,2,503,2,0,1
TXN007422,54.11,13,4,1018,0,0,0
TXN007423,20.82,17,3,231,0,1,0
TXN007424,130.95,17,2,136,3,0,1
TXN007425,11.88,17,3,554,1,0,0
TXN007426,86.38,12,5,432,1,1,0
TXN007427,41.37,15,1,372,0,1,1
TXN007428,20.18,15,3,594,0,0,0
TXN007429,64.85,12,3,652,0,0,0
TXN007430,14.54,15,1,616,0,0,0
TXN007431,56.47,21,2,164,1,0,0
TXN007432,16.29,9,6,409,1,1,0
TXN007433,80.81,20,4,499,0,0,0
TXN007434,24.89,5,1,335,0,0,0
TXN007435,37.21,11,2,879,0,1,0
TXN007436,70.1,10,4,224,0,0,0
TXN007437,28.31,15,1,717,1,0,0
TXN007438,51.97,8,4,483,0,0,0
TXN007439,15.08,20,2,300,1,1,0
TXN007440,93.34,19,5,227,1,0,0
TXN007441,244.74,16,1,861,0,0,0
TXN007442,586.03,13,1,78,0,0,0
TXN007443,59.0,21,5,340,0,1,0
TXN007444,106.69,19,3,238,0,0,0
TXN007445,12.02,13,4,293,0,0,0
TXN007446,195.85,17,6,327,0,0,0
TXN007447,105.61,14,2,120,0,0,0
TXN007448,36.19,15,4,194,0,1,0
TXN007449,156.27,11,2,431,0,0,0
TXN007450,43.98,13,3,333,0,1,0
TXN007451,36.99,7,6,278,0,1,0
TXN007452,81.78,11,0,199,0,0,0
TXN007453,22.11,16,7,222,0,1,0
TXN007454,130.11,21,3,171,0,0,0
TXN007455,22.25,22,3,580,0,0,0
TXN007456,22.36,14,3,251,0,2,0
TXN007457,25.2,15,3,100,1,0,0
TXN007458,104.12,9,4,596,0,0,0
TXN007459,32.32,16,5,346,0,0,0
TXN007460,17.36,6,2,262,0,0,0
TXN007461,32.63,10,3,281,0,0,0
TXN007462,53.13,16,4,1079,0,1,0
TXN007463,20.01,11,0,510,0,0,0
TXN007464,20.51,5,4,799,0,0,0
TXN007465,328.52,19,3,159,1,0,0
TXN007466,26.27,11,4,360,0,0,0
TXN007467,41.49,6,2,348,0,2,0
TXN007468,39.96,6,1,36,0,0,0
TXN007469,38.16,10,1,254,0,0,0
TXN007470,92.59,9,2,83,0,0,0
TXN007471,122.23,18,2,264,0,1,0
TXN007472,42.1,11,2,525,0,1,0
TXN007473,19.09,18,3,874,0,0,0
TXN007474,161.3,9,2,184,1,1,0
TXN007475,50.35,13,8,895,0,0,1
TXN007476,237.64,16,8,467,0,0,1
TXN007477,8.1,16,1,638,1,0,0
TXN007478,64.46,15,3,285,0,2,0
TXN007479,278.89,21,3,102,0,0,0
TXN007480,40.44,10,2,241,0,1,0
TXN007481,45.08,13,2,426,0,0,0
TXN007482,70.19,20,2,986,0,1,1
TXN007483,33.95,7,6,837,1,1,0
TXN007484,41.88,5,2,1114,0,1,0
TXN007485,40.97,10,5,907,0,0,0
TXN007486,32.03,15,2,420,0,1,0
TXN007487,155.17,10,6,408,0,2,0
TXN007488,80.8,9,1,218,2,1,0
TXN007489,67.56,13,4,196,1,0,0
TXN007490,108.56,15,4,743,0,0,0
TXN007491,43.61,10,1,992,0,0,0
TXN007492,28.27,11,4,171,0,1,0
TXN007493,32.71,15,2,137,0,0,0
TXN007494,54.68,21,4,364,0,1,0
TXN007495,22.19,16,4,123,0,1,0
TXN007496,35.69,18,2,426,0,0,0
TXN007497,35.21,12,6,285,0,0,0
TXN007498,332.25,10,0,584,0,2,0
TXN007499,5.17,13,1,585,1,1,0
TXN007500,46.87,18,2,212,0,0,0
TXN007501,236.71,13,5,553,0,0,0
TXN007502,60.56,19,7,482,0,0,0
TXN007503,103.59,23,5,296,0,1,0
TXN007504,59.43,6,7,240,0,0,0
TXN007505,30.96,4,2,711,0,2,0
TXN007506,8.12,8,0,273,1,1,0
TXN007507,65.02,12,0,175,0,1,0
TXN007508,28.24,8,5,344,0,0,0
TXN007509,27.65,19,5,686,1,0,0
TXN007510,35.73,1,2,1382,1,2,0
TXN007511,240.6,11,3,98,1,0,0
TXN007512,421.62,9,3,930,1,1,0
TXN007513,65.67,21,5,470,0,1,1
TXN007514,36.78,16,4,146,0,0,0
TXN007515,20.07,20,5,311,0,1,0
TXN007516,81.31,22,4,298,0,1,0
TXN007517,248.51,13,5,203,0,1,0
TXN007518,44.25,10,4,1189,0,2,0
TXN007519,7.23,9,6,299,0,0,0
TXN007520,96.5,10,3,128,0,1,0
TXN007521,126.16,17,1,662,1,1,0
TXN007522,14.18,3,1,301,0,2,0
TXN007523,63.43,5,5,247,0,0,0
TXN007524,80.12,15,5,337,1,1,0
TXN007525,51.31,16,2,505,0,0,0
TXN007526,27.88,16,5,374,0,1,0
TXN007527,129.48,12,5,371,0,0,0
TXN007528,38.75,18,9,775,0,0,1
TXN007529,15.45,14,3,680,0,0,0
TXN007530,9.56,7,5,129,0,0,0
TXN007531,159.45,18,5,606,1,1,0
TXN007532,92.22,21,5,437,0,0,0
TXN007533,58.84,6,4,85,1,1,0
TXN007534,37.55,12,4,84,0,0,0
TXN007535,34.83,13,3,102,0,0,0
TXN007536,21.88,8,6,621,0,1,0
TXN007537,37.84,19,4,209,0,0,0
TXN007538,9.01,10,2,65,0,1,0
TXN007539,29.21,18,4,157,0,1,0
TXN007540,41.92,16,5,717,0,0,0
TXN007541,91.69,15,2,493,0,0,0
TXN007542,52.78,9,1,23,0,3,1
TXN007543,107.31,9,1,477,0,0,0
TXN007544,171.87,4,2,197,0,0,1
TXN007545,134.22,10,1,133,0,0,0
TXN007546,81.45,11,0,240,0,0,0
TXN007547,55.15,19,4,77,1,0,0
TXN007548,23.72,12,0,140,0,0,0
TXN007549,102.41,17,3,53,0,1,0
TXN007550,227.64,13,0,1311,0,1,0
TXN007551,73.02,18,4,284,1,0,0
TXN007552,278.57,22,2,803,0,1,0
TXN007553,14.93,10,0,553,0,0,0
TXN007554,20.47,19,5,588,0,0,0
TXN007555,112.95,15,3,194,1,1,0
TXN007556,68.35,18,2,151,0,1,0
TXN007557,166.79,16,3,232,1,2,0
TXN007558,53.88,12,4,181,0,0,0
TXN007559,26.11,10,4,769,0,0,0
TXN007560,45.53,6,1,466,0,0,0
TXN007561,14.84,14,4,70,0,1,0
TXN007562,20.92,23,2,344,0,0,0
TXN007563,124.78,17,8,323,1,0,1
TXN007564,114.65,11,5,335,0,0,0
TXN007565,74.33,19,3,1046,0,0,0
TXN007566,12.64,18,3,415,2,0,0
TXN007567,40.26,10,5,210,0,1,0
TXN007568,19.27,1,1,439,0,0,1
TXN007569,148.42,8,7,190,0,0,0
TXN007570,33.24,20,5,904,1,0,0
TXN007571,21.7,19,0,87,1,1,0
TXN007572,56.0,11,2,365,0,0,0
TXN007573,31.69,10,2,282,0,2,0
TXN007574,192.71,18,4,346,0,0,0
TXN007575,29.24,21,5,976,1,0,0
TXN007576,16.62,18,1,232,1,1,0
TXN007577,8.76,15,1,262,0,0,0
TXN007578,53.19,10,1,133,0,1,0
TXN007579,33.86,14,3,650,0,0,0
TXN007580,16.21,10,3,138,0,1,0
TXN007581,150.03,18,2,208,1,3,1
TXN007582,96.27,12,1,627,0,0,0
TXN007583,53.3,19,3,435,0,0,0
TXN007584,174.11,12,3,568,0,0,0
TXN007585,95.89,19,1,205,2,1,0
TXN007586,27.13,11,1,417,1,1,0
TXN007587,22.57,13,1,136,0,0,0
TXN007588,109.43,15,4,286,0,0,0
TXN007589,76.47,6,7,63,0,1,0
TXN007590,63.07,21,2,1077,2,1,0
TXN007591,26.59,14,3,438,0,1,0
TXN007592,91.54,13,3,204,2,0,0
TXN007593,28.73,19,4,429,0,0,0
TXN007594,50.06,19,4,571,1,1,0
TXN007595,186.77,14,0,660,1,1,0
TXN007596,31.13,21,5,173,1,0,0
TXN007597,14.34,6,6,445,1,0,0
TXN007598,22.32,8,0,418,1,1,0
TXN007599,127.12,15,7,936,0,0,0
TXN007600,67.8,11,5,217,2,0,0
TXN007601,48.93,13,1,142,0,1,0
TXN007602,35.42,11,4,161,0,0,0
TXN007603,82.48,12,7,475,0,1,0
TXN007604,26.53,19,4,286,1,1,0
TXN007605,70.8,15,3,808,1,0,0
TXN007606,29.32,23,0,284,0,0,1
TXN007607,25.46,18,6,599,1,0,0
TXN007608,31.76,10,6,153,1,0,0
TXN007609,39.68,10,5,438,0,0,0
TXN007610,52.38,11,4,904,0,0,0
TXN007611,66.7,19,5,593,1,0,0
TXN007612,5.0,2,4,175,0,0,0
TXN007613,27.48,10,4,135,2,1,0
TXN007614,39.14,20,3,416,0,0,0
TXN007615,196.23,15,3,422,0,0,0
TXN007616,21.8,10,3,531,0,0,0
TXN007617,62.7,9,3,573,0,0,1
TXN007618,194.57,19,3,115,1,1,0
TXN007619,17.89,20,2,83,0,0,0
TXN007620,76.32,10,5,429,1,0,0
TXN007621,27.61,12,4,343,0,0,0
TXN007622,35.55,19,3,78,0,0,0
TXN007623,27.59,18,4,215,0,0,0
TXN007624,29.31,18,3,47,0,0,0
TXN007625,552.04,14,1,909,1,1,0
TXN007626,111.92,20,4,360,0,2,0
TXN007627,139.28,11,3,829,0,0,0
TXN007628,82.95,8,2,102,0,1,0
TXN007629,13.94,17,6,221,0,0,0
TXN007630,76.38,14,3,551,0,0,0
TXN007631,135.91,19,2,564,0,0,0
TXN007632,26.43,7,1,121,0,1,0
TXN007633,124.03,19,2,584,0,0,0
TXN007634,99.35,11,9,543,0,1,1
TXN007635,263.55,16,4,72,0,0,0
TXN007636,38.28,3,6,212,0,1,1
TXN007637,21.48,15,4,363,0,0,0
TXN007638,40.15,17,2,388,1,1,0
TXN007639,184.98,12,3,402,1,0,0
TXN007640,11.54,9,2,601,0,1,0
TXN007641,9.41,14,3,215,1,2,1
TXN007642,58.91,19,2,429,0,0,0
TXN007643,37.48,11,3,377,0,2,0
TXN007644,54.96,10,2,43,0,1,0
TXN007645,121.94,10,1,198,0,1,0
TXN007646,34.13,21,6,618,1,0,0
TXN007647,11.11,11,2,111,0,0,0
TXN007648,310.38,0,5,381,0,1,1
TXN007649,23.39,18,3,43,1,0,0
TXN007650,22.19,16,3,59,0,0,0
TXN007651,139.51,8,4,762,1,0,0
TXN007652,39.38,23,3,248,0,0,0
TXN007653,51.73,15,4,268,0,0,0
TXN007654,82.3,13,1,217,1,0,0
TXN007655,137.15,12,3,63,0,0,1
TXN007656,41.12,20,4,303,0,1,0
TXN007657,198.73,10,5,759,0,1,0
TXN007658,8.89,10,3,199,0,0,0
TXN007659,104.15,8,2,139,0,0,0
TXN007660,26.75,18,4,1050,0,0,0
TXN007661,175.29,15,1,89,0,1,0
TXN007662,61.6,15,5,320,1,1,0
TXN007663,30.82,9,6,456,0,0,0
TXN007664,95.91,16,6,163,1,0,0
TXN007665,116.65,18,5,254,0,1,0
TXN007666,94.22,11,3,599,0,0,0
TXN007667,22.75,18,4,292,0,1,0
TXN007668,36.18,11,1,450,0,1,0
TXN007669,54.41,17,3,177,1,1,0
TXN007670,52.72,3,4,517,0,0,0
TXN007671,103.26,14,3,278,0,3,1
TXN007672,9.85,22,5,589,1,0,0
TXN007673,72.54,22,4,707,0,0,0
TXN007674,42.67,10,4,297,0,0,0
TXN007675,26.77,13,2,288,0,0,0
TXN007676,29.05,6,2,657,0,0,0
TXN007677,45.5,20,1,506,0,1,0
TXN007678,5.0,14,1,458,1,0,1
TXN007679,30.08,12,3,79,0,1,0
TXN007680,25.93,8,1,156,0,1,0
TXN007681,85.87,21,4,101,0,0,0
TXN007682,27.53,14,6,489,0,1,0
TXN007683,45.47,10,3,82,0,0,0
TXN007684,202.54,11,4,94,0,1,0
TXN007685,127.13,10,3,548,0,0,0
TXN007686,117.56,15,4,586,0,1,0
TXN007687,35.7,21,5,181,0,0,0
TXN007688,86.62,19,1,825,0,1,0
TXN007689,44.75,13,4,31,0,0,0
TXN007690,46.22,19,2,78,0,0,0
TXN007691,77.34,12,2,543,1,0,0
TXN007692,32.87,10,6,185,1,0,0
TXN007693,194.23,23,0,131,1,0,0
TXN007694,47.65,11,2,261,1,0,0
TXN007695,92.35,11,7,785,0,0,0
TXN007696,188.15,23,2,238,0,1,1
TXN007697,131.22,8,3,154,1,0,0
TXN007698,16.48,18,5,384,0,0,0
TXN007699,79.69,21,0,348,1,2,0
TXN007700,112.52,14,0,629,2,0,0
TXN007701,116.52,0,4,1156,0,2,1
TXN007702,21.19,12,1,734,0,0,0
TXN007703,31.23,8,6,585,0,0,0
TXN007704,127.15,12,5,320,0,0,0
TXN007705,28.57,18,3,268,2,0,0
TXN007706,42.32,13,2,196,1,0,0
TXN007707,208.41,12,5,129,0,1,0
TXN007708,52.42,14,3,242,0,2,0
TXN007709,29.44,15,0,506,0,0,0
TXN007710,25.89,19,3,112,0,0,0
TXN007711,72.44,11,4,294,1,1,0
TXN007712,17.58,19,0,224,0,2,0
TXN007713,44.25,14,7,334,1,1,0
TXN007714,72.48,11,4,208,0,0,0
TXN007715,164.72,11,4,335,0,0,0
TXN007716,96.29,11,5,264,0,0,0
TXN007717,29.76,15,1,463,1,1,0
TXN007718,148.66,10,5,257,0,3,1
TXN007719,42.33,21,0,609,1,0,0
TXN007720,19.1,14,3,196,0,0,0
TXN007721,47.17,21,3,364,0,0,0
TXN007722,185.39,4,3,1394,0,0,1
TXN007723,62.83,11,3,379,0,1,0
TXN007724,55.18,1,5,42,1,0,0
TXN007725,219.56,10,5,286,0,0,0
TXN007726,16.17,19,5,170,1,0,0
TXN007727,18.31,3,3,478,0,0,1
TXN007728,13.83,13,3,405,0,1,0
TXN007729,74.94,8,8,200,1,0,1
TXN007730,62.9,12,1,510,0,0,0
TXN007731,202.62,19,2,339,0,0,1
TXN007732,67.15,15,6,79,0,0,0
TXN007733,38.72,17,2,245,0,1,0
TXN007734,54.68,11,3,1010,0,0,0
TXN007735,60.34,21,4,210,1,1,0
TXN007736,13.18,17,0,211,1,1,0
TXN007737,546.64,12,3,626,1,0,0
TXN007738,84.94,12,4,18,1,1,0
TXN007739,65.27,21,5,299,0,1,0
TXN007740,92.1,14,2,298,1,1,0
TXN007741,99.78,17,5,493,1,1,0
TXN007742,48.45,12,7,181,1,2,1
TXN007743,31.93,10,4,277,0,1,0
TXN007744,90.88,17,3,368,0,0,0
TXN007745,75.78,15,4,451,2,0,1
TXN007746,27.43,13,6,225,1,0,0
TXN007747,182.4,15,2,966,0,0,0
TXN007748,70.06,9,4,26,0,1,0
TXN007749,101.53,18,3,194,0,0,0
TXN007750,178.24,21,5,297,0,1,0
TXN007751,55.62,20,2,366,1,1,0
TXN007752,71.48,11,2,713,1,0,0
TXN007753,108.69,12,1,478,0,0,0
TXN007754,29.48,18,3,123,0,0,0
TXN007755,57.17,15,6,407,0,1,0
TXN007756,60.75,14,4,743,1,0,0
TXN007757,24.22,21,5,323,1,0,0
TXN007758,391.5,14,5,725,0,0,0
TXN007759,16.51,14,5,32,1,1,0
TXN007760,18.11,4,8,496,0,1,1
TXN007761,166.85,6,3,644,1,0,0
TXN007762,100.11,0,3,233,0,0,1
TXN007763,22.83,20,2,72,2,1,0
TXN007764,91.49,12,3,571,1,0,0
TXN007765,190.12,13,2,122,0,1,0
TXN007766,53.21,19,3,220,1,0,0
TXN007767,497.2,15,0,591,0,1,0
TXN007768,12.61,15,2,419,1,0,0
TXN007769,98.47,11,4,1686,0,0,0
TXN007770,147.16,19,5,307,1,0,0
TXN007771,116.47,9,5,383,2,2,0
TXN007772,45.89,5,1,568,0,0,0
TXN007773,42.65,9,3,122,0,0,0
TXN007774,79.64,10,7,281,0,1,1
TXN007775,109.22,10,1,104,0,1,0
TXN007776,91.11,16,6,81,1,1,0
TXN007777,132.16,9,6,660,0,2,1
TXN007778,22.96,16,4,330,0,1,0
TXN007779,44.99,7,4,345,0,1,0
TXN007780,24.56,8,3,440,1,0,0
TXN007781,39.32,14,0,147,0,1,0
TXN007782,129.4,21,3,565,0,0,0
TXN007783,59.85,19,1,420,0,1,0
TXN007784,500.61,22,3,453,1,1,0
TXN007785,64.35,16,4,153,0,0,0
TXN007786,57.44,16,3,378,0,0,0
TXN007787,59.76,15,4,516,0,0,0
TXN007788,31.75,15,2,247,0,2,0
TXN007789,51.98,8,1,297,0,0,0
TXN007790,142.4,14,5,291,1,0,0
TXN007791,60.15,12,1,228,1,2,0
TXN007792,27.81,13,8,400,0,2,1
TXN007793,24.87,14,1,294,0,0,0
TXN007794,37.24,8,4,232,0,0,0
TXN007795,58.14,11,1,966,0,2,0
TXN007796,150.59,6,5,304,1,0,0
TXN007797,17.47,22,6,121,1,0,0
TXN007798,41.6,8,4,379,0,1,0
TXN007799,61.72,10,3,366,0,0,0
TXN007800,11.49,20,3,395,0,1,0
TXN007801,26.88,13,4,976,1,0,0
TXN007802,30.63,8,2,36,1,1,0
TXN007803,27.76,12,3,537,0,0,0
TXN007804,64.27,8,1,186,0,1,0
TXN007805,47.63,9,3,284,0,0,0
TXN007806,34.06,5,8,107,0,0,1
TXN007807,78.55,13,3,575,0,1,0
TXN007808,236.18,18,1,306,0,1,0
TXN007809,219.94,15,6,422,0,1,0
TXN007810,10.65,15,3,747,0,1,0
TXN007811,89.17,9,4,136,0,0,0
TXN007812,46.93,11,5,417,0,0,0
TXN007813,62.3,19,1,1240,0,0,0
TXN007814,38.92,7,1,685,0,0,0
TXN007815,60.34,19,3,145,1,0,0
TXN007816,62.1,13,2,814,0,0,0
TXN007817,33.38,19,5,336,0,0,0
TXN007818,25.48,11,5,934,0,0,0
TXN007819,37.29,11,3,621,0,0,0
TXN007820,66.63,17,2,277,0,0,0
TXN007821,90.84,18,5,619,0,0,0
TXN007822,112.77,10,4,87,0,1,0
TXN007823,35.87,22,3,156,0,1,0
TXN007824,69.5,7,7,577,1,2,1
TXN007825,123.73,6,6,109,0,0,0
TXN007826,147.05,15,5,282,0,1,0
TXN007827,51.93,17,3,426,0,0,0
TXN007828,45.25,22,0,449,1,0,0
TXN007829,64.23,12,2,698,0,0,0
TXN007830,20.55,2,5,214,0,0,1
TXN007831,46.31,15,1,637,0,0,0
TXN007832,102.81,11,1,588,1,2,0
TXN007833,94.22,12,3,205,1,0,0
TXN007834,43.39,13,7,61,1,0,0
TXN007835,65.7,6,3,245,0,0,0
TXN007836,27.09,13,3,206,0,1,0
TXN007837,99.28,12,5,125,0,0,0
TXN007838,51.1,17,4,359,0,1,0
TXN007839,43.18,16,1,1235,1,2,0
TXN007840,40.15,9,4,367,0,2,0
TXN007841,51.76,9,6,1085,0,0,0
TXN007842,37.31,10,3,1399,0,0,0
TXN007843,95.53,9,2,193,0,0,0
TXN007844,39.02,16,3,224,0,0,0
TXN007845,211.46,23,3,620,0,0,0
TXN007846,189.7,16,2,300,0,0,0
TXN007847,25.59,15,4,153,0,0,0
TXN007848,57.93,12,3,355,0,0,0
TXN007849,31.4,11,4,527,0,1,0
TXN007850,41.36,20,4,626,0,0,0
TXN007851,299.48,22,2,485,0,1,0
TXN007852,42.04,13,3,421,0,1,0
TXN007853,74.16,11,3,308,0,0,0
TXN007854,86.5,18,4,179,0,0,0
TXN007855,23.32,8,3,827,0,1,0
TXN007856,26.39,18,6,246,0,1,0
TXN007857,19.59,19,4,307,0,0,0
TXN007858,25.71,8,2,585,0,1,0
TXN007859,5.0,22,3,185,1,1,0
TXN007860,86.74,23,1,1050,0,1,1
TXN007861,312.96,21,2,348,0,0,0
TXN007862,61.91,13,2,195,0,0,0
TXN007863,16.38,10,1,444,0,1,0
TXN007864,31.62,15,2,528,1,1,0
TXN007865,36.96,12,5,274,0,1,0
TXN007866,22.99,9,6,328,0,0,0
TXN007867,113.43,12,2,399,0,0,0
TXN007868,108.71,16,5,336,1,0,0
TXN007869,20.45,6,3,91,1,0,0
TXN007870,101.12,11,11,137,1,0,1
TXN007871,199.89,1,1,349,1,0,1
TXN007872,275.11,17,1,163,1,0,0
TXN007873,623.55,16,1,723,0,0,0
TXN007874,25.36,6,4,1148,0,0,0
TXN007875,602.2,22,2,510,0,0,1
TXN007876,40.4,1,8,81,0,0,1
TXN007877,33.0,15,2,26,0,0,0
TXN007878,72.1,18,3,217,0,0,0
TXN007879,33.29,18,1,445,0,0,0
TXN007880,76.65,3,4,578,1,1,0
TXN007881,17.78,20,0,78,1,0,0
TXN007882,44.57,21,3,333,0,1,0
TXN007883,162.84,14,2,111,1,1,0
TXN007884,52.01,13,5,37,0,1,0
TXN007885,61.58,4,2,392,0,2,1
TXN007886,81.77,14,2,361,0,0,0
TXN007887,147.68,12,4,460,0,0,0
TXN007888,13.37,18,1,344,1,1,0
TXN007889,89.73,12,3,54,0,0,0
TXN007890,43.47,16,2,442,0,1,0
TXN007891,62.91,7,5,247,0,1,0
TXN007892,134.42,8,2,220,0,1,0
TXN007893,19.79,8,2,275,0,0,0
TXN007894,23.09,4,2,33,1,1,0
TXN007895,10.54,14,4,550,1,0,0
TXN007896,34.23,18,1,310,0,1,0
TXN007897,169.16,15,3,702,0,0,0
TXN007898,49.28,14,4,543,0,1,0
TXN007899,17.48,16,6,217,0,1,0
TXN007900,36.13,11,2,924,0,0,0
TXN007901,15.41,11,2,716,0,0,0
TXN007902,20.98,11,1,192,1,0,0
TXN007903,75.98,17,3,291,0,1,0
TXN007904,20.13,9,4,541,0,0,1
TXN007905,140.57,0,4,169,1,0,0
TXN007906,51.4,15,6,212,0,1,0
TXN007907,58.72,21,4,60,1,0,0
TXN007908,43.09,15,3,87,1,0,0
TXN007909,105.31,18,2,120,0,2,0
TXN007910,106.24,16,3,319,0,0,0
TXN007911,72.59,13,6,594,1,0,0
TXN007912,88.24,17,3,180,1,0,0
TXN007913,45.59,19,4,522,1,1,0
TXN007914,86.56,10,3,175,0,1,0
TXN007915,40.97,11,4,433,0,0,0
TXN007916,54.7,10,1,258,1,0,0
TXN007917,43.23,13,0,97,1,0,0
TXN007918,37.02,20,2,549,0,0,0
TXN007919,30.39,11,3,551,0,0,0
TXN007920,81.25,12,5,27,0,0,1
TXN007921,166.34,19,2,376,0,0,0
TXN007922,147.74,14,3,407,1,1,0
TXN007923,18.76,14,5,345,1,0,0
TXN007924,163.34,19,6,221,1,0,0
TXN007925,41.66,13,2,121,0,0,0
TXN007926,90.98,16,3,321,0,0,0
TXN007927,25.27,7,2,25,1,0,0
TXN007928,61.6,9,1,137,0,0,0
TXN007929,71.28,12,2,397,0,0,0
TXN007930,15.46,13,1,606,1,1,0
TXN007931,91.56,22,4,784,1,2,0
TXN007932,171.41,22,2,106,0,0,0
TXN007933,47.07,19,2,164,0,1,0
TXN007934,173.49,11,4,471,1,0,0
TXN007935,46.47,22,3,557,0,1,0
TXN007936,112.41,16,1,922,1,1,0
TXN007937,8.28,12,2,462,0,0,0
TXN007938,426.65,17,4,373,0,3,1
TXN007939,194.64,1,2,352,1,1,0
TXN007940,42.87,8,1,128,1,0,0
TXN007941,10.21,19,2,59,0,2,0
TXN007942,69.74,16,1,458,0,1,0
TXN007943,16.0,12,4,431,1,0,0
TXN007944,79.69,13,3,57,0,0,0
TXN007945,77.47,20,4,136,0,0,0
TXN007946,24.53,15,3,971,0,3,1
TXN007947,141.57,12,3,82,0,0,0
TXN007948,108.28,8,3,68,0,1,0
TXN007949,125.14,11,3,90,0,0,0
TXN007950,55.01,22,6,399,0,0,0
TXN007951,16.39,13,7,414,1,1,0
TXN007952,125.36,13,3,741,0,0,0
TXN007953,43.39,13,2,464,0,1,0
TXN007954,16.75,20,5,188,0,0,0
TXN007955,172.3,15,2,41,0,0,0
TXN007956,325.22,16,7,297,1,0,0
TXN007957,52.72,12,4,948,0,0,0
TXN007958,342.15,2,3,184,0,0,1
TXN007959,59.0,21,1,468,1,0,0
TXN007960,39.51,21,2,207,0,0,0
TXN007961,31.95,21,4,436,1,1,0
TXN007962,219.54,21,4,355,0,2,0
TXN007963,28.13,18,4,430,0,0,0
TXN007964,102.0,16,2,183,2,0,0
TXN007965,33.94,19,3,175,1,1,0
TXN007966,36.92,15,1,117,1,1,0
TXN007967,131.07,8,4,262,0,0,0
TXN007968,39.53,12,4,426,0,0,0
TXN007969,38.7,22,4,359,0,1,0
TXN007970,143.01,11,2,240,1,2,0
TXN007971,212.25,19,2,443,0,0,0
TXN007972,94.44,7,7,474,0,0,0
TXN007973,31.29,11,3,551,0,1,0
TXN007974,35.37,11,8,215,0,0,1
TXN007975,58.44,5,2,230,0,0,0
TXN007976,71.72,8,3,722,1,0,0
TXN007977,23.58,9,5,648,0,0,0
TXN007978,100.95,19,4,530,0,0,0
TXN007979,58.71,6,6,85,2,1,0
TXN007980,12.7,11,6,278,0,0,0
TXN007981,24.79,0,7,610,0,0,0
TXN007982,35.57,16,5,550,1,0,0
TXN007983,51.32,15,2,348,0,0,0
TXN007984,272.02,16,5,333,1,0,0
TXN007985,66.85,12,3,148,1,0,0
TXN007986,26.72,9,4,124,0,1,0
TXN007987,65.86,17,0,161,0,0,0
TXN007988,40.48,18,3,154,0,0,0
TXN007989,71.96,8,1,247,0,0,0
TXN007990,89.43,13,6,572,1,0,0
TXN007991,152.6,10,1,99,1,0,0
TXN007992,53.48,9,6,104,0,0,0
TXN007993,219.89,17,3,290,0,0,0
TXN007994,118.13,14,3,736,1,0,0
TXN007995,29.92,9,2,162,1,0,1
TXN007996,357.23,11,4,272,0,0,0
TXN007997,72.09,22,3,429,1,0,0
TXN007998,26.85,19,5,251,0,0,0
TXN007999,222.51,20,1,380,0,0,0
TXN008000,319.29,13,7,503,1,2,1
TXN008001,53.09,15,3,507,0,0,0
TXN008002,35.58,12,3,131,0,1,0
TXN008003,47.16,7,5,296,0,0,0
TXN008004,100.24,12,5,125,0,0,0
TXN008005,161.77,15,1,442,0,1,0
TXN008006,88.67,10,3,752,1,1,0
TXN008007,59.53,19,2,287,0,1,0
TXN008008,195.06,8,2,486,0,0,0
TXN008009,41.85,12,3,325,0,0,0
TXN008010,131.14,8,1,310,1,0,0
TXN008011,42.74,12,5,73,0,1,0
TXN008012,78.76,3,2,689,0,0,1
TXN008013,49.57,10,2,436,0,1,0
TXN008014,52.07,12,4,303,0,0,0
TXN008015,39.62,13,4,381,1,0,0
TXN008016,171.25,14,4,268,0,0,0
TXN008017,29.28,10,2,205,0,0,0
TXN008018,29.1,14,4,624,1,1,0
TXN008019,331.24,14,2,211,0,0,0
TXN008020,125.36,11,3,406,0,0,0
TXN008021,7.19,19,0,109,1,0,0
TXN008022,33.77,14,5,343,0,1,0
TXN008023,11.7,11,4,957,0,0,0
TXN008024,24.33,21,2,131,1,0,0
TXN008025,5.0,19,1,229,0,0,0
TXN008026,48.6,23,3,378,1,1,0
TXN008027,20.68,16,4,279,0,0,0
TXN008028,57.45,12,6,115,0,3,1
TXN008029,13.72,10,3,459,1,0,0
TXN008030,58.58,16,3,1353,0,2,0
TXN008031,38.37,22,3,131,0,0,0
TXN008032,195.72,15,3,616,0,1,0
TXN008033,181.21,20,1,521,0,0,0
TXN008034,106.44,11,2,62,0,0,0
TXN008035,41.36,12,3,393,1,1,0
TXN008036,295.18,20,4,658,0,0,0
TXN008037,14.58,17,4,97,0,1,0
TXN008038,16.56,22,3,177,0,1,0
TXN008039,50.85,18,0,405,0,0,0
TXN008040,370.9,13,5,306,0,0,0
TXN008041,45.97,14,7,589,0,0,0
TXN008042,46.72,20,5,137,0,0,0
TXN008043,16.03,14,2,274,0,0,0
TXN008044,122.0,10,2,562,1,0,1
TXN008045,122.76,13,2,266,0,0,0
TXN008046,106.77,14,7,334,0,0,0
TXN008047,31.98,7,4,68,1,2,0
TXN008048,29.94,17,2,95,2,0,0
TXN008049,18.19,8,3,443,0,0,0
TXN008050,58.63,12,2,529,2,0,0
TXN008051,21.79,18,3,456,1,1,0
TXN008052,20.07,13,2,548,0,0,0
TXN008053,38.09,19,1,323,0,0,0
TXN008054,36.03,11,2,720,1,1,0
TXN008055,34.56,22,5,177,1,1,0
TXN008056,81.16,9,6,39,0,1,0
TXN008057,58.39,3,4,229,0,3,1
TXN008058,42.74,19,3,718,0,0,0
TXN008059,63.79,17,4,370,0,1,0
TXN008060,23.5,10,4,215,0,2,0
TXN008061,59.71,23,2,343,1,0,0
TXN008062,62.05,13,2,415,0,1,0
TXN008063,15.22,21,2,241,0,0,0
TXN008064,127.27,13,4,444,0,0,0
TXN008065,25.81,13,4,773,0,0,0
TXN008066,58.95,13,1,734,1,0,0
TXN008067,146.9,11,6,571,1,0,0
TXN008068,119.92,14,4,866,0,2,0
TXN008069,56.21,13,5,115,0,0,0
TXN008070,40.12,3,3,403,0,1,1
TXN008071,122.17,10,2,1146,0,0,0
TXN008072,96.88,9,0,184,0,0,0
TXN008073,32.28,19,4,265,0,0,0
TXN008074,27.78,15,2,872,0,2,0
TXN008075,9.38,18,7,583,0,1,0
TXN008076,62.24,22,2,125,0,0,0
TXN008077,50.89,16,1,844,0,2,0
TXN008078,143.42,23,6,522,0,0,0
TXN008079,74.08,11,5,633,1,1,0
TXN008080,169.71,9,2,290,0,0,0
TXN008081,30.18,12,4,420,0,0,0
TXN008082,143.66,13,3,114,1,0,0
TXN008083,34.83,20,3,253,0,0,0
TXN008084,105.74,14,3,706,0,0,1
TXN008085,15.8,11,2,212,0,0,0
TXN008086,66.68,17,7,190,1,0,0
TXN008087,10.1,13,4,430,0,0,0
TXN008088,43.51,9,3,336,0,2,0
TXN008089,79.38,15,4,238,1,0,0
TXN008090,35.06,20,6,218,1,0,0
TXN008091,22.36,19,3,279,0,0,0
TXN008092,112.08,15,4,40,0,0,0
TXN008093,50.0,12,1,155,1,1,0
TXN008094,36.01,7,4,534,0,0,0
TXN008095,56.58,13,2,409,0,0,0
TXN008096,513.46,17,5,323,1,0,0
TXN008097,145.54,11,2,139,0,0,0
TXN008098,146.67,10,5,360,1,0,0
TXN008099,79.06,21,6,395,0,0,0
TXN008100,62.9,19,3,218,0,1,0
TXN008101,7.12,15,3,71,1,0,0
TXN008102,30.66,8,2,382,0,0,0
TXN008103,36.29,8,5,191,0,0,0
TXN008104,11.09,7,2,309,0,3,1
TXN008105,20.41,15,1,234,0,0,0
TXN008106,10.14,8,4,92,0,0,0
TXN008107,52.85,19,4,75,1,0,0
TXN008108,109.5,23,5,475,0,1,1
TXN008109,139.88,12,3,328,0,0,0
TXN008110,77.68,13,1,643,1,0,0
TXN008111,24.07,17,1,611,0,0,0
TXN008112,10.57,21,7,129,1,1,0
TXN008113,12.26,20,1,176,0,1,0
TXN008114,18.57,6,1,281,0,2,0
TXN008115,25.65,9,4,59,1,1,0
TXN008116,47.67,17,2,191,1,2,0
TXN008117,23.06,16,6,805,0,0,0
TXN008118,72.83,8,5,581,0,0,0
TXN008119,44.82,13,1,511,0,0,0
TXN008120,55.09,18,2,847,0,1,1
TXN008121,143.91,9,1,23,0,1,0
TXN008122,20.02,19,6,518,0,0,0
TXN008123,77.94,5,3,519,0,2,0
TXN008124,53.95,18,2,353,0,1,0
TXN008125,41.12,15,7,96,0,2,1
TXN008126,115.87,11,1,1091,0,0,0
TXN008127,115.26,17,2,602,1,1,0
TXN008128,24.42,18,6,807,0,1,0
TXN008129,46.77,21,2,478,0,0,0
TXN008130,69.34,12,2,155,0,1,0
TXN008131,43.29,16,1,126,1,1,0
TXN008132,89.77,15,2,648,0,0,0
TXN008133,69.34,14,3,171,0,1,0
TXN008134,259.22,20,5,341,1,0,0
TXN008135,14.87,0,2,219,2,0,0
TXN008136,49.2,10,4,476,0,3,1
TXN008137,25.22,14,2,299,0,0,0
TXN008138,91.24,9,4,1082,0,1,0
TXN008139,13.81,20,2,1154,0,2,0
TXN008140,73.29,16,5,421,0,1,0
TXN008141,31.96,13,6,138,2,0,0
TXN008142,29.25,18,1,160,0,3,1
TXN008143,15.97,13,4,179,1,0,0
TXN008144,36.77,14,5,130,0,0,0
TXN008145,137.25,0,3,361,0,1,0
TXN008146,53.44,12,3,113,0,0,0
TXN008147,93.09,8,6,283,1,1,0
TXN008148,224.74,16,7,336,0,0,0
TXN008149,68.32,13,2,276,0,0,0
TXN008150,33.95,11,6,1229,0,0,0
TXN008151,81.22,13,1,340,0,0,0
TXN008152,34.38,9,2,293,0,0,0
TXN008153,35.56,21,2,633,0,0,0
TXN008154,15.0,5,5,380,0,0,0
TXN008155,119.98,19,6,678,0,0,0
TXN008156,39.33,14,3,236,1,2,1
TXN008157,63.74,15,4,477,2,1,0
TXN008158,22.63,11,1,390,0,0,0
TXN008159,79.09,22,6,239,0,0,0
TXN008160,28.57,10,3,177,0,1,0
TXN008161,48.4,15,4,432,0,0,0
TXN008162,115.14,23,2,999,2,2,1
TXN008163,106.93,20,5,913,0,0,0
TXN008164,53.59,14,3,640,0,0,0
TXN008165,12.15,23,1,577,0,0,1
TXN008166,694.98,17,1,336,0,0,1
TXN008167,240.8,9,4,150,0,1,0
TXN008168,100.91,12,2,76,1,0,0
TXN008169,28.78,11,7,438,0,1,0
TXN008170,49.57,11,9,959,0,1,1
TXN008171,34.4,18,0,370,0,3,1
TXN008172,159.86,15,4,661,0,2,0
TXN008173,68.25,3,2,403,0,0,0
TXN008174,28.04,20,6,342,0,0,0
TXN008175,36.59,11,5,198,1,0,0
TXN008176,141.6,23,0,204,1,0,0
TXN008177,212.74,21,2,324,1,2,0
TXN008178,200.15,21,1,254,0,0,0
TXN008179,103.91,18,6,595,1,0,0
TXN008180,44.05,9,1,641,0,0,0
TXN008181,5.0,14,2,469,2,0,0
TXN008182,70.29,10,4,1013,0,1,0
TXN008183,54.51,10,2,699,1,0,0
TXN008184,61.5,15,4,358,0,0,0
TXN008185,57.16,3,6,249,1,0,0
TXN008186,17.68,22,2,450,0,1,0
TXN008187,87.69,21,2,828,0,0,0
TXN008188,93.45,12,1,139,0,0,0
TXN008189,97.51,14,1,753,0,0,0
TXN008190,122.07,13,8,176,0,0,1
TXN008191,91.24,20,2,251,1,1,0
TXN008192,38.53,16,1,622,1,0,0
TXN008193,51.41,10,3,640,0,1,0
TXN008194,59.0,13,4,309,1,1,0
TXN008195,59.83,12,2,398,0,3,1
TXN008196,127.55,22,5,960,0,1,0
TXN008197,94.36,9,0,936,0,0,0
TXN008198,319.18,7,5,346,1,0,0
TXN008199,356.2,20,4,307,0,0,0
TXN008200,58.42,20,3,231,1,2,0
TXN008201,5.0,19,2,108,1,1,0
TXN008202,156.23,14,4,337,0,0,0
TXN008203,34.49,16,6,343,0,0,0
TXN008204,27.63,14,3,257,0,0,0
TXN008205,38.91,6,2,293,0,0,0
TXN008206,37.35,15,2,110,0,0,0
TXN008207,91.88,0,1,357,0,0,0
TXN008208,14.5,11,2,179,0,0,0
TXN008209,21.84,21,1,500,0,0,0
TXN008210,73.09,11,6,297,0,0,0
TXN008211,92.71,21,4,536,0,0,1
TXN008212,94.19,10,4,1411,1,2,0
TXN008213,27.97,11,2,117,0,1,0
TXN008214,23.77,15,3,132,0,0,0
TXN008215,35.49,18,3,661,0,0,0
TXN008216,66.95,13,3,417,1,0,0
TXN008217,192.99,20,3,506,0,1,0
TXN008218,9.58,3,3,55,1,2,1
TXN008219,45.26,21,5,177,0,0,0
TXN008220,17.59,9,5,558,0,0,1
TXN008221,13.4,20,3,525,0,0,0
TXN008222,124.2,12,1,70,0,0,0
TXN008223,86.74,19,2,428,0,1,0
TXN008224,80.0,16,1,193,0,1,0
TXN008225,119.45,9,3,224,2,0,0
TXN008226,36.32,21,3,267,0,0,0
TXN008227,37.8,10,6,112,0,0,0
TXN008228,349.98,10,3,273,0,1,0
TXN008229,44.27,18,3,650,1,1,0
TXN008230,101.99,7,6,223,0,0,0
TXN008231,54.9,10,4,322,0,0,0
TXN008232,11.35,13,4,459,0,0,0
TXN008233,9.6,19,6,431,0,0,0
TXN008234,33.38,8,1,223,0,2,0
TXN008235,133.98,14,4,299,0,0,0
TXN008236,106.7,17,4,381,0,0,0
TXN008237,118.74,19,3,266,0,0,0
TXN008238,23.59,21,5,328,0,1,0
TXN008239,215.61,18,5,1259,1,0,0
TXN008240,24.04,16,1,630,1,1,0
TXN008241,65.42,12,8,897,0,0,1
TXN008242,54.12,8,3,398,1,0,0
TXN008243,47.1,17,5,443,1,0,0
TXN008244,170.34,23,1,206,0,0,0
TXN008245,29.98,17,3,730,1,1,0
TXN008246,17.34,1,1,62,2,0,0
TXN008247,55.53,13,6,1148,1,1,0
TXN008248,38.87,15,4,459,0,0,0
TXN008249,963.7,16,2,218,0,2,0
TXN008250,97.03,17,2,555,0,1,0
TXN008251,38.55,14,3,158,0,2,0
TXN008252,22.25,10,4,342,0,1,0
TXN008253,11.04,21,2,216,0,2,0
TXN008254,22.84,16,5,256,0,0,0
TXN008255,60.2,10,2,348,0,0,0
TXN008256,183.69,11,2,740,0,1,0
TXN008257,141.66,21,3,335,0,0,0
TXN008258,66.34,20,1,122,0,1,0
TXN008259,41.48,12,4,204,0,0,0
TXN008260,68.61,3,1,191,0,3,1
TXN008261,35.13,5,2,1175,0,0,0
TXN008262,235.24,10,1,190,0,0,0
TXN008263,46.49,15,1,407,0,0,0
TXN008264,50.73,15,3,330,0,0,0
TXN008265,8.3,15,1,255,0,0,0
TXN008266,46.24,17,2,168,0,0,0
TXN008267,111.16,1,7,135,1,2,1
TXN008268,22.03,7,3,510,1,0,0
TXN008269,28.84,11,1,690,0,1,1
TXN008270,107.1,8,6,127,0,0,0
TXN008271,15.56,6,3,357,0,2,0
TXN008272,134.17,16,2,309,0,0,0
TXN008273,34.73,18,5,111,1,2,0
TXN008274,39.24,17,2,207,0,1,0
TXN008275,21.0,18,2,589,1,0,0
TXN008276,75.29,16,5,985,0,0,0
TXN008277,441.81,17,3,1047,1,0,0
TXN008278,106.09,10,1,293,0,0,0
TXN008279,26.19,23,5,423,0,0,0
TXN008280,143.35,9,1,308,0,2,0
TXN008281,41.71,9,5,654,0,1,0
TXN008282,175.62,10,3,544,0,0,0
TXN008283,108.38,22,3,566,0,0,0
TXN008284,5.0,23,4,180,0,0,0
TXN008285,23.26,18,5,283,0,0,0
TXN008286,121.84,15,1,599,0,0,0
TXN008287,62.11,14,2,1000,0,0,1
TXN008288,22.87,22,7,770,1,0,0
TXN008289,31.86,16,4,147,0,1,0
TXN008290,10.8,21,2,88,0,0,0
TXN008291,50.65,11,4,637,0,0,0
TXN008292,357.48,11,1,184,0,1,0
TXN008293,108.22,19,4,1218,0,0,0
TXN008294,351.38,8,0,622,0,0,0
TXN008295,115.59,21,0,502,1,0,0
TXN008296,130.76,13,2,275,1,0,0
TXN008297,292.35,21,6,464,0,1,0
TXN008298,75.24,11,4,186,0,1,0
TXN008299,46.57,17,1,390,0,1,0
TXN008300,131.34,13,6,692,0,1,0
TXN008301,187.87,15,4,271,1,2,0
TXN008302,36.31,13,3,329,1,1,0
TXN008303,29.57,22,5,65,1,2,0
TXN008304,61.44,16,2,354,1,0,0
TXN008305,110.69,10,2,426,0,1,0
TXN008306,107.6,20,3,585,0,0,0
TXN008307,16.27,11,3,898,0,0,0
TXN008308,277.23,12,5,283,0,0,0
TXN008309,31.66,7,2,115,1,0,0
TXN008310,43.58,20,1,306,1,0,1
TXN008311,25.35,10,2,602,0,0,0
TXN008312,541.09,10,7,14,1,0,1
TXN008313,67.07,21,4,150,0,0,0
TXN008314,26.49,18,2,176,0,0,0
TXN008315,113.79,8,7,191,0,2,1
TXN008316,104.98,18,6,218,0,1,0
TXN008317,46.55,20,6,225,0,0,0
TXN008318,111.55,7,1,472,0,2,0
TXN008319,27.07,19,7,579,0,2,1
TXN008320,35.91,14,3,957,1,0,0
TXN008321,9.89,16,4,495,0,0,0
TXN008322,17.72,13,2,95,0,0,0
TXN008323,253.78,16,3,298,0,1,0
TXN008324,220.35,3,3,552,0,1,1
TXN008325,57.74,18,4,290,0,1,0
TXN008326,224.41,2,1,128,1,0,1
TXN008327,47.65,13,5,709,0,0,0
TXN008328,44.39,8,4,417,0,0,0
TXN008329,57.28,19,0,687,0,1,0
TXN008330,49.1,11,3,489,1,0,0
TXN008331,45.47,13,2,504,0,1,0
TXN008332,144.3,12,2,327,0,1,0
TXN008333,62.03,18,4,261,0,0,0
TXN008334,100.04,13,5,172,1,0,0
TXN008335,131.19,18,2,469,0,1,0
TXN008336,75.94,6,4,200,2,0,0
TXN008337,23.93,9,4,134,0,0,0
TXN008338,17.29,14,5,105,1,1,0
TXN008339,61.96,21,3,515,0,1,0
TXN008340,47.2,6,3,111,0,0,0
TXN008341,58.81,4,3,541,0,0,1
TXN008342,53.86,8,2,602,0,0,0
TXN008343,490.8,16,2,477,0,0,0
TXN008344,17.62,12,4,96,0,0,1
TXN008345,10.06,19,2,563,0,0,0
TXN008346,72.42,6,2,365,0,1,0
TXN008347,39.65,9,2,218,0,1,0
TXN008348,71.43,11,2,180,0,0,0
TXN008349,89.68,15,1,303,0,0,0
TXN008350,162.63,16,5,560,0,0,0
TXN008351,15.16,8,6,381,0,0,0
TXN008352,34.01,21,4,529,0,1,0
TXN008353,78.61,11,4,248,1,0,0
TXN008354,105.1,17,3,286,0,1,0
TXN008355,352.28,14,4,181,0,2,0
TXN008356,123.02,10,0,236,0,1,0
TXN008357,52.03,19,1,609,0,0,0
TXN008358,25.61,19,2,249,0,1,0
TXN008359,33.8,12,3,299,2,0,0
TXN008360,32.99,15,2,402,0,0,0
TXN008361,95.29,10,9,297,0,0,1
TXN008362,67.93,16,2,935,0,2,0
TXN008363,17.72,11,3,243,0,0,0
TXN008364,37.69,19,6,193,0,0,0
TXN008365,115.11,9,8,384,1,0,1
TXN008366,73.62,1,3,599,1,0,1
TXN008367,88.53,10,6,282,0,0,0
TXN008368,75.6,9,3,325,0,1,0
TXN008369,217.56,14,1,61,0,0,0
TXN008370,66.73,9,4,160,0,0,0
TXN008371,39.33,18,1,570,0,0,0
TXN008372,25.07,10,3,105,1,1,0
TXN008373,67.5,17,3,50,0,0,1
TXN008374,6.86,15,4,425,0,0,0
TXN008375,46.68,23,0,104,1,1,0
TXN008376,45.83,23,4,650,1,0,0
TXN008377,17.12,19,3,617,0,0,0
TXN008378,24.8,18,3,309,0,0,0
TXN008379,108.66,12,2,206,2,0,0
TXN008380,66.43,17,2,628,0,0,0
TXN008381,59.53,22,3,289,0,1,0
TXN008382,70.84,1,1,836,0,0,0
TXN008383,59.07,14,2,82,0,1,0
TXN008384,157.03,9,5,173,1,0,0
TXN008385,60.64,14,1,124,0,3,1
TXN008386,15.81,13,2,64,0,0,0
TXN008387,218.24,14,5,417,0,0,0
TXN008388,74.8,14,4,502,1,1,0
TXN008389,33.09,22,4,1066,0,1,0
TXN008390,18.81,14,6,239,1,0,0
TXN008391,76.44,19,4,248,0,1,0
TXN008392,49.42,11,1,432,0,1,0
TXN008393,208.1,13,1,329,1,2,0
TXN008394,40.69,13,6,210,1,0,0
TXN008395,26.8,10,4,686,2,0,0
TXN008396,116.91,12,4,279,0,0,0
TXN008397,119.88,15,7,57,1,1,0
TXN008398,63.01,15,0,260,0,0,0
TXN008399,97.02,15,5,550,1,0,1
TXN008400,52.88,11,4,577,0,0,0
TXN008401,66.61,11,2,667,0,0,0
TXN008402,146.97,15,6,389,0,1,0
TXN008403,92.9,8,2,325,0,0,1
TXN008404,47.28,10,4,971,0,2,0
TXN008405,172.35,4,6,391,0,0,0
TXN008406,7.31,6,4,481,0,0,0
TXN008407,312.39,10,4,703,0,0,0
TXN008408,12.81,1,4,125,1,3,1
TXN008409,32.04,10,2,401,0,1,0
TXN008410,52.73,16,2,227,1,1,0
TXN008411,48.21,6,3,236,0,0,0
TXN008412,128.44,13,2,62,0,1,0
TXN008413,22.22,20,2,348,0,0,0
TXN008414,68.15,18,1,184,0,1,0
TXN008415,33.4,11,5,155,1,1,0
TXN008416,70.17,21,3,198,1,0,0
TXN008417,51.67,11,4,230,0,0,0
TXN008418,59.09,6,2,590,0,0,0
TXN008419,34.21,23,2,488,1,0,0
TXN008420,35.39,19,5,709,1,0,0
TXN008421,69.7,13,4,184,1,1,0
TXN008422,121.77,16,4,639,0,0,0
TXN008423,32.83,16,3,483,1,0,0
TXN008424,26.09,9,1,355,0,0,0
TXN008425,91.97,9,3,159,0,0,0
TXN008426,53.11,13,3,565,0,0,0
TXN008427,110.6,20,3,324,0,0,0
TXN008428,25.28,0,2,654,0,1,0
TXN008429,12.03,18,4,139,0,3,1
TXN008430,34.71,6,4,722,0,0,0
TXN008431,28.46,13,3,628,0,1,0
TXN008432,51.06,15,5,511,0,0,0
TXN008433,31.78,16,7,742,0,0,0
TXN008434,102.5,6,2,667,1,0,0
TXN008435,42.74,12,4,638,0,0,0
TXN008436,62.05,15,2,193,0,1,0
TXN008437,62.43,6,2,297,0,0,0
TXN008438,64.44,8,1,397,0,0,0
TXN008439,53.49,16,1,354,0,0,0
TXN008440,84.27,14,3,403,0,0,1
TXN008441,27.76,9,2,377,0,0,0
TXN008442,179.38,14,8,646,0,0,1
TXN008443,44.65,20,3,239,0,1,0
TXN008444,17.91,1,3,262,0,0,0
TXN008445,64.06,16,3,145,1,0,0
TXN008446,26.48,6,2,717,1,0,0
TXN008447,96.11,0,5,416,1,0,0
TXN008448,357.15,8,3,459,0,1,0
TXN008449,27.98,12,8,503,0,0,1
TXN008450,72.42,18,5,670,0,0,0
TXN008451,12.28,10,3,67,0,1,0
TXN008452,80.3,15,1,1334,0,0,0
TXN008453,25.72,12,1,246,0,0,0
TXN008454,32.1,10,4,378,0,0,0
TXN008455,21.41,14,1,1228,2,1,0
TXN008456,101.73,18,2,137,1,1,0
TXN008457,128.54,19,4,455,2,0,0
TXN008458,55.69,19,5,520,0,0,0
TXN008459,26.19,11,3,490,0,0,0
TXN008460,210.84,18,3,383,1,0,0
TXN008461,28.85,9,4,236,0,1,0
TXN008462,8.69,17,7,848,0,0,0
TXN008463,80.61,21,4,344,0,0,0
TXN008464,21.35,1,3,143,1,1,0
TXN008465,126.51,13,5,72,0,0,0
TXN008466,39.49,16,2,462,0,0,0
TXN008467,91.21,17,3,334,2,1,1
TXN008468,179.7,9,3,518,0,1,0
TXN008469,19.54,22,1,159,1,1,0
TXN008470,33.75,15,3,355,0,0,0
TXN008471,51.2,9,1,309,0,1,0
TXN008472,201.73,1,4,721,0,1,0
TXN008473,31.2,18,4,217,0,0,0
TXN008474,32.94,7,3,73,0,0,0
TXN008475,81.98,8,3,991,0,0,0
TXN008476,33.43,14,2,16,1,1,0
TXN008477,62.16,15,1,407,2,0,0
TXN008478,14.6,16,1,538,0,0,0
TXN008479,358.59,12,3,421,0,1,0
TXN008480,17.36,18,3,157,0,0,0
TXN008481,41.53,22,3,257,0,0,0
TXN008482,53.11,10,0,311,1,1,0
TXN008483,277.49,17,3,339,1,1,0
TXN008484,17.71,21,3,149,1,0,0
TXN008485,294.76,16,1,540,0,1,0
TXN008486,103.92,16,3,343,0,1,0
TXN008487,77.83,10,3,1014,1,1,0
TXN008488,23.64,14,3,254,0,0,0
TXN008489,88.72,14,4,41,1,0,0
TXN008490,29.52,17,2,203,0,0,0
TXN008491,160.24,23,6,39,1,1,0
TXN008492,23.92,2,1,747,0,0,0
TXN008493,49.59,6,6,344,1,1,0
TXN008494,34.06,7,3,303,1,1,0
TXN008495,23.58,17,4,739,1,1,0
TXN008496,102.53,8,1,355,0,1,0
TXN008497,86.07,15,2,523,1,0,0
TXN008498,152.58,11,3,495,0,1,0
TXN008499,12.03,13,6,543,0,1,0
TXN008500,134.9,9,4,1004,1,0,0
TXN008501,459.27,19,3,315,0,0,0
TXN008502,37.19,15,4,998,1,0,0
TXN008503,273.38,21,2,69,0,0,0
TXN008504,43.65,14,4,431,0,0,0
TXN008505,17.0,8,4,401,0,0,0
TXN008506,42.11,9,5,397,1,1,0
TXN008507,133.08,23,4,385,3,2,1
TXN008508,26.78,17,0,551,1,1,0
TXN008509,32.78,5,4,240,0,0,0
TXN008510,90.42,17,5,193,0,0,0
TXN008511,54.74,12,5,252,0,0,0
TXN008512,89.74,11,4,605,0,0,0
TXN008513,66.83,8,4,183,0,0,1
TXN008514,82.08,19,4,629,0,1,0
TXN008515,37.81,6,3,564,0,0,0
TXN008516,66.48,11,7,138,0,1,0
TXN008517,24.82,11,2,708,0,0,0
TXN008518,163.23,9,2,417,0,1,0
TXN008519,31.84,13,5,1011,1,2,0
TXN008520,142.53,0,2,94,1,2,0
TXN008521,44.77,11,4,542,0,0,0
TXN008522,64.83,21,4,533,0,0,0
TXN008523,35.85,11,0,849,0,0,0
TXN008524,23.02,11,4,329,0,0,1
TXN008525,12.39,13,7,704,0,0,0
TXN008526,22.26,14,1,1265,0,0,0
TXN008527,41.46,18,5,199,0,0,0
TXN008528,65.37,9,6,235,0,0,0
TXN008529,128.87,19,2,263,0,1,0
TXN008530,37.38,17,3,317,0,0,0
TXN008531,25.8,17,5,168,0,0,0
TXN008532,16.02,7,4,251,0,0,0
TXN008533,82.11,1,5,385,2,0,0
TXN008534,176.92,15,5,776,1,0,0
TXN008535,160.19,19,1,413,0,1,0
TXN008536,99.83,15,5,138,1,0,0
TXN008537,93.95,9,6,886,1,0,0
TXN008538,231.13,7,4,603,1,2,0
TXN008539,72.4,17,1,716,1,0,0
TXN008540,94.56,17,1,323,1,0,0
TXN008541,41.57,9,2,424,0,0,0
TXN008542,17.15,2,2,686,0,0,0
TXN008543,30.53,12,0,401,0,2,0
TXN008544,54.17,15,3,554,0,0,0
TXN008545,57.49,17,3,142,0,0,0
TXN008546,280.72,18,2,165,0,1,0
TXN008547,58.5,15,3,725,2,0,0
TXN008548,148.71,8,2,1081,0,0,0
TXN008549,37.72,16,4,155,0,0,0
TXN008550,41.89,23,1,167,0,0,0
TXN008551,17.64,20,4,447,0,1,0
TXN008552,29.05,19,1,446,0,1,0
TXN008553,85.45,11,0,481,0,0,0
TXN008554,54.95,17,2,241,0,2,0
TXN008555,121.69,19,1,408,0,2,0
TXN008556,63.69,16,4,658,0,1,0
TXN008557,40.46,10,4,373,0,0,0
TXN008558,339.02,21,1,575,0,0,0
TXN008559,50.41,13,2,632,0,1,0
TXN008560,146.72,8,1,657,1,0,0
TXN008561,38.82,8,4,163,1,0,0
TXN008562,99.8,16,1,571,0,0,0
TXN008563,120.16,13,1,124,0,0,0
TXN008564,65.18,7,2,578,2,0,0
TXN008565,7.38,17,2,576,1,1,0
TXN008566,55.45,18,5,1493,1,2,0
TXN008567,155.38,17,1,354,0,1,0
TXN008568,85.49,9,3,323,0,0,0
TXN008569,79.76,16,3,176,1,0,0
TXN008570,12.63,0,5,148,1,2,0
TXN008571,29.6,11,3,485,0,0,0
TXN008572,77.45,12,5,430,0,0,0
TXN008573,77.39,19,1,223,0,0,0
TXN008574,153.31,12,1,585,1,0,0
TXN008575,48.27,0,6,286,0,1,0
TXN008576,77.09,11,4,299,0,0,0
TXN008577,55.36,13,1,556,0,1,0
TXN008578,23.6,21,4,89,1,0,0
TXN008579,8.03,21,3,683,0,0,0
TXN008580,78.76,9,4,38,0,3,1
TXN008581,63.3,9,2,89,0,1,0
TXN008582,32.28,9,1,279,0,1,0
TXN008583,13.79,18,3,58,0,1,0
TXN008584,93.25,0,6,121,0,2,0
TXN008585,43.55,8,4,245,1,1,0
TXN008586,87.65,14,5,104,0,2,0
TXN008587,266.25,10,4,278,1,0,0
TXN008588,8.84,7,4,379,0,1,0
TXN008589,30.12,11,1,467,0,0,0
TXN008590,45.7,10,5,314,0,1,0
TXN008591,188.03,14,3,11,0,0,0
TXN008592,13.59,22,5,440,0,2,0
TXN008593,283.01,8,1,735,0,0,0
TXN008594,61.28,12,5,230,0,0,0
TXN008595,50.32,21,1,566,0,1,0
TXN008596,46.14,20,5,189,0,0,0
TXN008597,37.68,12,5,370,0,1,0
TXN008598,133.07,16,7,546,1,1,0
TXN008599,22.02,7,2,189,0,0,0
TXN008600,73.23,17,3,343,0,0,0
TXN008601,39.39,22,4,427,0,1,0
TXN008602,28.57,14,5,360,1,0,0
TXN008603,491.8,13,4,313,0,1,0
TXN008604,77.96,9,2,227,1,0,0
TXN008605,91.95,15,4,846,1,1,0
TXN008606,143.61,15,2,895,1,0,0
TXN008607,16.31,16,3,544,0,0,1
TXN008608,242.12,2,4,186,0,0,0
TXN008609,6.47,14,4,448,0,0,0
TXN008610,28.4,15,5,376,2,2,0
TXN008611,36.96,9,3,168,1,2,0
TXN008612,89.52,9,2,94,0,0,0
TXN008613,65.75,10,5,207,0,0,0
TXN008614,47.38,17,4,204,0,0,0
TXN008615,54.04,15,0,556,1,0,0
TXN008616,23.78,19,3,505,1,1,0
TXN008617,15.29,11,3,1772,1,0,1
TXN008618,101.24,20,2,638,0,0,0
TXN008619,98.46,17,8,455,0,0,1
TXN008620,209.94,12,5,281,1,0,0
TXN008621,27.9,7,4,401,0,1,0
TXN008622,98.39,10,5,99,0,0,0
TXN008623,42.9,22,4,89,0,0,0
TXN008624,150.19,11,3,519,0,0,0
TXN008625,130.15,11,5,224,0,2,1
TXN008626,65.34,9,3,501,1,1,0
TXN008627,40.91,18,5,450,1,1,0
TXN008628,123.57,10,4,263,3,0,1
TXN008629,94.62,11,4,773,2,0,0
TXN008630,30.52,12,7,71,0,0,1
TXN008631,17.66,12,4,54,1,0,0
TXN008632,42.72,12,1,188,0,1,0
TXN008633,197.97,13,2,728,1,0,0
TXN008634,144.68,18,5,194,0,1,0
TXN008635,21.21,19,3,291,2,1,0
TXN008636,20.23,18,5,227,1,0,0
TXN008637,161.33,7,3,622,1,1,0
TXN008638,20.79,18,3,547,0,0,0
TXN008639,84.18,8,8,285,0,1,1
TXN008640,32.34,8,3,184,0,2,0
TXN008641,215.83,21,4,171,0,0,0
TXN008642,28.36,19,0,137,0,1,0
TXN008643,144.29,14,6,139,0,1,0
TXN008644,63.89,20,6,847,0,0,0
TXN008645,67.65,23,2,839,1,0,0
TXN008646,10.23,15,2,356,0,0,0
TXN008647,8.39,15,4,57,1,1,0
TXN008648,45.26,17,1,672,3,0,1
TXN008649,67.35,10,1,981,0,0,0
TXN008650,20.98,9,2,208,0,0,0
TXN008651,21.64,18,3,276,0,0,1
TXN008652,87.99,11,2,888,0,0,0
TXN008653,88.1,8,4,102,1,2,0
TXN008654,48.57,11,3,773,0,0,0
TXN008655,105.97,11,1,1385,0,0,0
TXN008656,20.12,22,4,645,1,0,0
TXN008657,40.34,16,4,466,0,0,0
TXN008658,221.56,14,1,323,0,0,0
TXN008659,57.86,22,4,271,1,0,0
TXN008660,60.79,20,5,492,0,0,0
TXN008661,387.63,14,2,855,0,0,0
TXN008662,16.62,20,6,1788,0,0,0
TXN008663,107.44,12,4,147,0,0,0
TXN008664,224.62,10,3,621,0,0,0
TXN008665,41.42,10,1,311,1,1,0
TXN008666,113.37,16,3,544,0,0,0
TXN008667,23.7,13,3,110,0,0,0
TXN008668,30.46,16,3,1055,1,0,0
TXN008669,75.73,16,4,158,0,0,0
TXN008670,107.64,1,6,270,1,0,1
TXN008671,141.57,5,1,611,0,1,0
TXN008672,207.3,14,3,110,0,2,0
TXN008673,51.56,9,3,264,0,0,0
TXN008674,150.59,15,3,302,0,0,0
TXN008675,40.81,14,2,24,0,1,0
TXN008676,117.54,15,4,146,1,0,0
TXN008677,65.13,11,3,291,1,0,0
TXN008678,79.74,15,4,205,0,0,0
TXN008679,78.26,19,3,649,0,0,0
TXN008680,13.96,23,5,419,0,2,0
TXN008681,21.0,19,2,57,0,1,0
TXN008682,59.57,14,3,189,1,0,0
TXN008683,13.01,9,6,116,1,0,0
TXN008684,110.67,16,2,178,1,0,1
TXN008685,114.53,21,2,423,0,1,0
TXN008686,72.1,9,5,848,0,2,0
TXN008687,21.05,10,3,172,1,0,0
TXN008688,176.46,8,4,585,1,0,0
TXN008689,308.47,17,3,162,0,2,0
TXN008690,61.87,12,3,24,2,0,0
TXN008691,84.26,6,3,292,0,0,0
TXN008692,64.81,20,2,298,0,2,0
TXN008693,85.7,14,1,115,0,1,0
TXN008694,49.32,11,5,192,0,0,0
TXN008695,53.02,11,3,361,1,0,0
TXN008696,117.9,11,0,723,0,1,0
TXN008697,400.93,13,5,280,0,1,0
TXN008698,16.61,11,11,683,0,1,1
TXN008699,49.99,14,0,190,0,0,1
TXN008700,20.02,18,5,343,0,0,0
TXN008701,211.29,16,2,431,0,1,0
TXN008702,33.13,11,3,331,1,1,0
TXN008703,16.01,14,4,306,0,0,0
TXN008704,93.92,19,4,655,0,1,0
TXN008705,240.49,6,4,433,1,1,0
TXN008706,95.97,7,2,697,0,2,0
TXN008707,64.98,14,4,365,0,0,0
TXN008708,77.31,15,5,212,1,0,0
TXN008709,181.75,9,4,22,0,2,1
TXN008710,25.97,17,7,72,0,0,0
TXN008711,49.65,16,1,587,0,0,0
TXN008712,37.16,21,4,400,0,0,0
TXN008713,20.23,9,4,197,0,0,0
TXN008714,41.3,17,6,574,0,0,0
TXN008715,139.99,7,3,661,0,1,0
TXN008716,88.38,14,3,322,0,1,0
TXN008717,94.41,14,5,248,1,1,0
TXN008718,61.84,12,2,537,1,2,0
TXN008719,85.18,19,4,413,0,1,0
TXN008720,27.65,0,3,225,0,0,0
TXN008721,41.97,14,5,418,1,0,0
TXN008722,64.28,9,3,355,2,1,0
TXN008723,69.12,17,6,44,1,0,0
TXN008724,71.68,4,3,548,1,0,1
TXN008725,48.54,19,4,929,1,1,0
TXN008726,39.61,19,4,436,1,0,0
TXN008727,799.6,19,1,429,0,2,0
TXN008728,118.01,8,4,322,1,0,0
TXN008729,77.57,15,8,169,0,1,1
TXN008730,44.78,1,5,165,0,1,0
TXN008731,37.21,19,4,268,0,0,0
TXN008732,48.85,17,3,182,2,0,0
TXN008733,70.03,14,5,324,0,0,0
TXN008734,11.04,17,3,12,0,1,0
TXN008735,14.38,7,3,205,0,1,0
TXN008736,31.77,14,4,121,1,0,0
TXN008737,65.11,11,1,672,1,1,0
TXN008738,44.55,22,4,1049,0,1,0
TXN008739,191.79,19,2,82,0,0,0
TXN008740,15.49,17,4,815,0,0,0
TXN008741,28.83,21,4,302,1,0,0
TXN008742,198.76,11,4,524,1,0,0
TXN008743,61.04,20,0,372,1,0,0
TXN008744,115.83,11,6,979,0,0,0
TXN008745,312.17,17,3,183,1,0,0
TXN008746,30.27,17,1,528,1,1,0
TXN008747,50.18,1,2,416,0,2,0
TXN008748,43.31,11,0,481,1,1,0
TXN008749,10.37,1,3,746,0,0,1
TXN008750,41.94,23,3,481,2,0,0
TXN008751,115.46,8,3,185,1,0,0
TXN008752,86.44,14,1,462,0,0,1
TXN008753,92.41,18,4,256,1,1,0
TXN008754,39.68,9,3,616,0,0,0
TXN008755,31.26,13,5,422,1,0,0
TXN008756,160.59,15,1,92,0,1,0
TXN008757,35.78,9,2,103,0,0,0
TXN008758,70.1,18,4,502,0,0,0
TXN008759,62.73,11,5,780,0,0,0
TXN008760,189.13,9,3,577,2,1,0
TXN008761,124.67,14,3,244,1,1,0
TXN008762,18.16,12,6,713,1,0,0
TXN008763,19.9,21,6,236,1,0,0
TXN008764,89.31,20,4,219,0,1,0
TXN008765,51.69,13,3,523,0,0,0
TXN008766,37.08,11,2,87,0,0,0
TXN008767,129.45,11,5,862,0,1,0
TXN008768,64.03,10,2,270,0,0,0
TXN008769,57.09,14,3,669,1,0,1
TXN008770,105.94,18,3,949,0,0,0
TXN008771,39.69,11,4,200,1,0,0
TXN008772,207.11,9,4,837,0,0,0
TXN008773,27.94,13,1,148,0,0,0
TXN008774,95.43,6,5,204,0,0,0
TXN008775,184.7,17,3,205,0,1,0
TXN008776,16.93,14,2,487,1,2,0
TXN008777,40.78,13,1,195,0,1,0
TXN008778,144.15,11,4,121,0,0,0
TXN008779,146.01,20,3,278,1,1,0
TXN008780,47.19,7,1,204,0,0,0
TXN008781,29.24,19,5,894,0,1,0
TXN008782,123.04,12,4,244,1,0,0
TXN008783,149.31,20,3,567,0,1,0
TXN008784,20.29,17,3,105,0,0,0
TXN008785,19.62,7,2,307,0,0,0
TXN008786,66.12,19,3,909,0,1,0
TXN008787,93.22,16,5,574,0,0,0
TXN008788,42.34,2,1,1308,0,0,0
TXN008789,97.26,8,4,201,1,0,0
TXN008790,29.86,15,4,616,1,0,0
TXN008791,9.05,16,2,6,0,0,0
TXN008792,38.08,17,3,624,1,1,0
TXN008793,57.61,17,3,316,0,1,0
TXN008794,43.19,16,4,189,2,0,0
TXN008795,20.39,18,1,132,0,0,0
TXN008796,11.67,14,2,347,0,0,0
TXN008797,35.27,10,3,1055,0,0,0
TXN008798,117.1,20,1,312,0,0,0
TXN008799,158.82,1,6,313,0,0,1
TXN008800,149.84,12,6,287,0,0,0
TXN008801,27.29,17,5,171,1,0,1
TXN008802,20.48,12,5,896,1,1,0
TXN008803,83.27,2,2,661,1,1,1
TXN008804,93.68,6,5,355,0,1,0
TXN008805,76.72,16,1,60,0,2,0
TXN008806,9.86,22,2,363,0,1,0
TXN008807,26.13,14,4,250,1,0,0
TXN008808,53.24,13,2,155,1,1,0
TXN008809,82.61,11,3,334,0,0,0
TXN008810,104.82,10,5,186,0,0,0
TXN008811,61.72,1,3,328,1,0,0
TXN008812,72.32,10,4,287,1,0,0
TXN008813,58.68,13,3,130,0,1,0
TXN008814,97.79,9,3,536,1,0,0
TXN008815,71.23,7,2,538,1,0,0
TXN008816,57.74,17,7,38,0,0,0
TXN008817,43.46,20,4,385,0,0,0
TXN008818,58.5,21,5,129,0,0,0
TXN008819,82.43,15,2,316,0,0,0
TXN008820,68.54,5,3,727,0,0,0
TXN008821,75.47,17,2,50,0,0,0
TXN008822,170.94,8,5,680,1,0,0
TXN008823,68.4,16,4,14,0,1,0
TXN008824,31.45,18,3,362,1,0,1
TXN008825,115.71,17,2,210,1,0,0
TXN008826,17.09,21,1,253,1,1,0
TXN008827,21.78,17,4,180,0,1,0
TXN008828,72.64,16,8,430,0,2,1
TXN008829,84.68,10,2,766,0,0,0
TXN008830,18.95,21,3,221,1,0,0
TXN008831,39.43,9,5,245,0,1,0
TXN008832,32.62,20,2,111,0,1,0
TXN008833,36.1,11,3,196,0,2,0
TXN008834,121.76,8,3,555,0,1,0
TXN008835,99.54,19,4,487,0,1,0
TXN008836,53.72,0,1,275,0,0,0
TXN008837,34.33,19,3,310,1,0,0
TXN008838,17.34,10,2,836,0,1,1
TXN008839,182.57,20,5,732,0,1,0
TXN008840,90.31,16,1,150,1,0,0
TXN008841,29.94,16,5,844,0,0,0
TXN008842,100.65,12,1,312,0,0,0
TXN008843,51.43,6,1,488,0,0,0
TXN008844,42.78,19,0,975,0,2,0
TXN008845,79.04,9,1,1143,0,1,0
TXN008846,29.07,12,4,368,0,1,0
TXN008847,40.76,15,2,654,0,0,0
TXN008848,60.54,13,7,219,0,0,0
TXN008849,35.71,9,2,688,0,0,0
TXN008850,96.42,8,0,335,0,1,0
TXN008851,267.39,8,2,555,1,0,0
TXN008852,28.76,19,3,337,0,1,0
TXN008853,13.26,2,5,117,1,1,0
TXN008854,9.96,22,0,94,0,2,0
TXN008855,48.04,9,4,262,0,1,0
TXN008856,31.07,8,2,448,0,1,0
TXN008857,65.15,15,2,245,0,1,0
TXN008858,61.11,7,8,197,0,2,1
TXN008859,13.97,15,0,423,0,0,0
TXN008860,11.67,19,4,5,0,0,0
TXN008861,70.21,4,0,472,0,1,0
TXN008862,61.26,18,6,659,1,0,0
TXN008863,38.02,12,3,544,0,1,1
TXN008864,13.35,9,2,682,0,1,0
TXN008865,81.51,9,2,86,0,2,1
TXN008866,160.95,21,1,380,0,0,0
TXN008867,69.15,8,0,486,0,0,0
TXN008868,26.57,19,3,479,0,0,0
TXN008869,56.71,14,1,378,0,0,0
TXN008870,17.1,3,1,804,0,1,1
TXN008871,134.19,13,2,1024,1,0,0
TXN008872,58.53,18,1,432,0,0,0
TXN008873,12.15,17,5,325,0,0,0
TXN008874,42.28,13,1,530,0,0,0
TXN008875,80.95,19,2,403,1,0,0
TXN008876,41.14,8,3,694,0,0,0
TXN008877,43.18,20,4,442,1,0,0
TXN008878,19.28,19,2,324,0,1,0
TXN008879,88.37,17,5,575,0,0,1
TXN008880,31.46,19,2,331,0,0,0
TXN008881,8.73,14,5,92,0,2,0
TXN008882,39.82,16,1,550,0,0,0
TXN008883,125.71,14,2,814,2,0,0
TXN008884,39.3,11,2,381,1,2,0
TXN008885,239.2,14,4,704,0,0,0
TXN008886,78.62,10,2,273,0,0,0
TXN008887,72.82,13,4,775,0,0,0
TXN008888,48.95,10,2,218,1,1,0
TXN008889,51.52,8,5,444,1,0,0
TXN008890,43.65,11,3,157,0,0,0
TXN008891,42.23,19,6,435,1,0,0
TXN008892,85.73,12,0,344,0,0,0
TXN008893,24.64,17,3,39,0,0,0
TXN008894,21.88,9,1,492,0,1,0
TXN008895,21.02,12,3,236,0,0,0
TXN008896,310.69,8,3,189,1,0,0
TXN008897,85.69,8,4,634,0,0,0
TXN008898,70.73,15,2,289,1,1,0
TXN008899,22.22,15,3,226,0,0,0
TXN008900,92.74,9,4,463,1,0,0
TXN008901,49.45,13,2,317,0,1,0
TXN008902,65.5,19,2,264,0,0,1
TXN008903,23.8,9,4,72,0,0,0
TXN008904,62.57,1,3,130,0,0,0
TXN008905,38.08,16,3,195,0,1,0
TXN008906,28.48,5,4,250,0,2,0
TXN008907,101.9,22,2,82,0,0,0
TXN008908,14.78,15,4,343,0,1,0
TXN008909,88.24,13,5,657,0,0,0
TXN008910,97.69,12,1,263,0,0,0
TXN008911,25.85,14,4,253,1,0,0
TXN008912,27.19,7,3,364,0,0,0
TXN008913,45.17,21,4,784,0,0,0
TXN008914,69.39,15,1,449,0,0,0
TXN008915,47.95,9,5,284,0,0,0
TXN008916,78.93,14,5,344,1,0,0
TXN008917,244.33,8,3,1171,0,0,0
TXN008918,35.46,1,4,355,1,1,0
TXN008919,12.71,15,3,1422,0,0,0
TXN008920,110.17,16,1,190,0,0,0
TXN008921,228.34,15,2,286,0,0,0
TXN008922,76.24,9,2,466,1,0,0
TXN008923,21.66,15,4,221,0,0,0
TXN008924,49.14,5,2,447,0,1,0
TXN008925,21.1,15,3,275,1,0,0
TXN008926,94.29,14,4,931,0,0,0
TXN008927,17.31,16,3,487,0,0,1
TXN008928,42.3,20,4,207,0,0,0
TXN008929,23.25,19,2,931,0,2,0
TXN008930,60.81,22,2,462,0,0,0
TXN008931,39.99,22,6,388,0,1,0
TXN008932,63.45,18,3,1271,0,0,0
TXN008933,55.65,22,2,1620,1,1,0
TXN008934,23.6,19,2,940,0,0,0
TXN008935,93.02,17,3,232,1,0,0
TXN008936,52.38,6,3,226,0,1,0
TXN008937,23.56,5,2,109,0,0,0
TXN008938,366.79,19,1,270,1,0,0
TXN008939,81.86,13,3,287,0,1,0
TXN008940,47.93,18,4,474,0,0,0
TXN008941,181.8,11,4,110,0,1,0
TXN008942,261.27,12,5,426,0,0,0
TXN008943,48.25,17,7,172,1,0,0
TXN008944,73.35,20,1,282,0,0,0
TXN008945,23.58,7,0,154,0,0,0
TXN008946,48.18,19,3,166,0,0,0
TXN008947,46.1,18,3,221,1,0,0
TXN008948,63.89,11,2,69,0,1,0
TXN008949,72.45,11,5,257,0,1,0
TXN008950,87.87,4,4,346,0,0,1
TXN008951,66.82,1,0,278,0,0,0
TXN008952,19.51,13,3,1064,1,0,0
TXN008953,24.59,7,0,320,0,0,0
TXN008954,34.31,9,6,275,0,0,0
TXN008955,42.95,19,3,82,0,0,0
TXN008956,133.37,14,5,501,0,0,0
TXN008957,20.32,15,5,375,0,1,0
TXN008958,40.29,9,7,867,1,0,0
TXN008959,122.74,19,6,589,0,0,0
TXN008960,42.31,19,2,107,0,0,0
TXN008961,80.75,14,1,111,3,0,1
TXN008962,48.49,20,4,642,1,0,0
TXN008963,67.92,19,5,138,0,1,0
TXN008964,44.96,17,4,325,1,1,0
TXN008965,96.26,17,2,127,0,0,0
TXN008966,14.68,7,2,275,0,0,0
TXN008967,40.09,10,3,615,1,0,0
TXN008968,70.25,6,3,656,1,0,0
TXN008969,85.94,0,3,493,0,0,1
TXN008970,194.22,9,2,299,0,0,0
TXN008971,39.16,20,4,320,0,0,0
TXN008972,192.01,10,6,622,0,0,0
TXN008973,31.18,22,2,58,0,1,0
TXN008974,168.91,15,5,155,0,1,0
TXN008975,109.38,10,3,338,0,0,0
TXN008976,25.12,13,4,405,0,2,0
TXN008977,70.88,9,2,780,0,0,0
TXN008978,52.27,23,2,235,0,0,1
TXN008979,92.92,19,4,848,0,1,0
TXN008980,45.16,2,2,585,0,0,0
TXN008981,42.05,21,3,259,0,0,0
TXN008982,174.82,17,2,149,2,0,0
TXN008983,50.2,7,4,110,0,0,0
TXN008984,110.22,16,1,525,0,0,0
TXN008985,45.08,16,3,582,0,0,0
TXN008986,225.13,9,5,208,1,2,0
TXN008987,30.67,17,1,211,0,1,0
TXN008988,32.39,7,7,573,2,0,1
TXN008989,199.51,13,3,239,2,0,0
TXN008990,37.4,0,2,200,1,1,0
TXN008991,212.92,22,7,750,0,0,0
TXN008992,116.52,17,1,110,1,0,0
TXN008993,47.87,9,1,89,0,0,0
TXN008994,11.69,11,2,1665,0,0,0
TXN008995,53.71,9,5,30,0,1,1
TXN008996,59.52,18,3,286,0,0,0
TXN008997,147.25,6,5,766,0,1,0
TXN008998,210.65,19,4,319,0,0,0
TXN008999,30.5,21,5,68,0,0,0
TXN009000,107.88,16,4,298,0,0,0
TXN009001,104.65,9,3,398,0,1,0
TXN009002,135.97,11,3,666,1,0,0
TXN009003,83.42,13,2,325,0,0,0
TXN009004,10.47,15,1,68,0,0,0
TXN009005,47.84,16,0,348,0,0,0
TXN009006,20.44,14,4,207,0,0,0
TXN009007,45.96,11,4,1029,0,2,0
TXN009008,125.59,20,5,395,0,1,0
TXN009009,70.77,7,2,361,0,1,0
TXN009010,144.88,13,3,407,2,0,0
TXN009011,73.0,18,2,154,1,1,0
TXN009012,18.11,6,4,270,0,0,0
TXN009013,6.41,17,3,446,0,0,0
TXN009014,61.96,19,3,633,0,0,0
TXN009015,45.52,16,4,651,0,1,0
TXN009016,23.8,0,3,531,0,2,1
TXN009017,12.86,9,2,871,0,0,0
TXN009018,29.24,11,2,334,3,0,1
TXN009019,46.28,10,4,438,0,1,0
TXN009020,96.16,22,3,327,0,0,0
TXN009021,64.09,16,5,485,0,0,0
TXN009022,214.19,11,3,571,0,2,0
TXN009023,22.64,21,1,120,0,2,0
TXN009024,115.46,17,5,219,1,0,0
TXN009025,56.84,10,1,421,0,0,0
TXN009026,98.54,12,4,163,0,0,0
TXN009027,37.67,9,3,161,0,0,0
TXN009028,135.77,22,1,201,0,1,0
TXN009029,70.17,14,2,113,0,1,0
TXN009030,30.65,20,1,130,0,0,0
TXN009031,54.04,11,0,159,0,0,0
TXN009032,44.54,19,1,159,1,0,0
TXN009033,82.75,5,1,117,0,0,1
TXN009034,20.03,23,3,458,0,2,0
TXN009035,53.25,20,1,389,0,1,0
TXN009036,76.4,12,4,709,0,0,0
TXN009037,56.15,18,6,221,1,0,0
TXN009038,171.55,17,3,122,0,0,0
TXN009039,105.42,20,3,167,0,1,0
TXN009040,54.25,11,3,690,0,3,1
TXN009041,65.64,13,3,687,0,1,0
TXN009042,70.2,19,4,482,0,0,0
TXN009043,76.92,18,5,171,0,1,0
TXN009044,11.57,12,6,229,0,1,0
TXN009045,42.25,19,8,394,1,1,1
TXN009046,15.46,4,7,290,0,0,0
TXN009047,161.83,18,2,474,1,0,0
TXN009048,51.85,9,2,703,1,0,0
TXN009049,46.32,10,4,527,1,1,0
TXN009050,117.01,13,3,292,0,1,0
TXN009051,78.18,13,2,990,0,0,0
TXN009052,20.92,14,2,749,1,1,0
TXN009053,51.4,14,2,26,0,1,0
TXN009054,41.06,11,3,124,1,0,0
TXN009055,12.39,9,6,169,1,0,0
TXN009056,30.36,18,3,273,0,1,0
TXN009057,46.71,12,4,677,0,1,0
TXN009058,49.52,13,2,165,0,1,0
TXN009059,15.49,16,1,252,0,1,0
TXN009060,145.32,20,4,445,0,0,0
TXN009061,50.06,17,1,269,1,1,0
TXN009062,56.37,4,4,714,0,0,1
TXN009063,76.75,19,3,378,0,1,0
TXN009064,27.94,23,4,366,0,0,1
TXN009065,80.47,13,3,306,0,1,0
TXN009066,39.96,22,2,156,0,1,0
TXN009067,25.48,14,3,381,0,0,0
TXN009068,88.89,13,5,113,1,0,0
TXN009069,194.01,11,4,463,1,0,0
TXN009070,101.1,16,2,709,0,0,0
TXN009071,119.65,10,5,375,0,0,0
TXN009072,35.07,7,1,438,0,0,0
TXN009073,14.04,2,3,254,0,2,0
TXN009074,193.76,11,1,698,0,2,0
TXN009075,313.04,12,3,303,0,0,0
TXN009076,202.63,14,3,464,0,2,0
TXN009077,41.04,11,7,278,0,1,0
TXN009078,20.46,23,0,421,0,2,0
TXN009079,22.07,11,1,246,0,0,0
TXN009080,13.05,13,3,500,1,1,0
TXN009081,49.84,7,1,40,0,0,0
TXN009082,213.75,10,6,502,0,0,0
TXN009083,48.4,5,0,978,0,0,0
TXN009084,70.6,14,3,578,0,0,0
TXN009085,175.78,17,1,319,0,0,0
TXN009086,38.73,9,4,287,0,0,0
TXN009087,308.03,12,3,492,1,0,1
TXN009088,296.87,1,4,209,0,0,0
TXN009089,48.84,19,1,304,0,0,0
TXN009090,33.42,18,3,158,0,0,0
TXN009091,98.76,6,2,619,0,0,0
TXN009092,40.63,12,3,323,1,1,0
TXN009093,20.43,22,3,397,0,0,0
TXN009094,162.24,12,2,146,0,0,0
TXN009095,153.54,14,7,485,0,2,1
TXN009096,62.31,11,1,255,0,1,0
TXN009097,18.66,15,3,365,1,0,0
TXN009098,19.2,22,5,313,0,1,0
TXN009099,59.81,23,1,731,0,1,0
TXN009100,35.7,18,5,147,0,2,0
TXN009101,40.86,12,4,918,0,1,0
TXN009102,130.15,13,1,254,0,0,0
TXN009103,101.82,11,4,98,0,0,1
TXN009104,176.17,23,5,348,0,1,0
TXN009105,23.52,17,1,330,0,0,0
TXN009106,40.78,13,4,142,0,2,0
TXN009107,104.08,0,3,1526,0,1,0
TXN009108,79.91,14,4,692,0,0,0
TXN009109,200.84,23,3,733,0,0,0
TXN009110,78.06,14,3,709,0,0,0
TXN009111,262.67,9,4,258,1,0,0
TXN009112,86.4,1,2,1299,0,0,0
TXN009113,134.67,11,6,494,0,0,0
TXN009114,41.47,21,5,370,0,0,0
TXN009115,55.27,23,3,205,0,0,0
TXN009116,118.43,21,5,354,1,0,0
TXN009117,215.08,17,6,296,0,0,1
TXN009118,101.48,14,6,459,1,0,0
TXN009119,50.87,15,8,230,0,0,1
TXN009120,176.04,14,0,685,0,0,0
TXN009121,8.47,17,3,274,1,3,1
TXN009122,16.3,12,4,334,0,0,0
TXN009123,97.45,16,6,261,0,0,0
TXN009124,55.26,8,4,392,0,0,0
TXN009125,91.35,10,1,526,1,0,0
TXN009126,57.67,19,5,1100,0,1,0
TXN009127,88.7,20,3,279,0,0,0
TXN009128,27.32,14,2,289,1,0,0
TXN009129,88.67,2,2,343,0,0,0
TXN009130,127.14,21,2,162,1,0,0
TXN009131,154.08,17,6,81,0,3,1
TXN009132,302.33,12,5,185,0,0,0
TXN009133,67.19,15,2,111,1,0,0
TXN009134,68.91,12,1,250,0,0,0
TXN009135,14.96,13,1,314,0,1,0
TXN009136,34.75,20,2,121,0,1,0
TXN009137,46.33,9,3,306,0,3,1
TXN009138,133.32,7,1,389,0,0,0
TXN009139,32.48,0,4,543,1,0,0
TXN009140,107.44,11,4,250,0,0,0
TXN009141,54.52,8,3,190,0,0,0
TXN009142,46.97,9,3,161,1,1,0
TXN009143,67.46,0,2,325,0,0,1
TXN009144,39.15,10,2,447,0,0,0
TXN009145,37.91,11,4,346,0,0,0
TXN009146,12.82,2,5,280,0,0,0
TXN009147,44.22,15,4,1126,0,1,0
TXN009148,36.31,14,2,425,2,1,0
TXN009149,35.21,7,3,233,0,0,0
TXN009150,77.82,15,2,313,1,0,0
TXN009151,95.57,23,2,100,0,1,0
TXN009152,66.51,21,3,512,0,0,0
TXN009153,127.24,0,3,253,0,0,1
TXN009154,89.05,18,4,297,0,0,0
TXN009155,42.49,11,5,473,0,1,0
TXN009156,36.84,6,3,482,0,0,0
TXN009157,71.23,11,4,572,2,0,0
TXN009158,88.92,11,3,62,2,0,0
TXN009159,179.14,14,2,246,0,3,1
TXN009160,150.28,16,4,162,1,1,0
TXN009161,34.46,17,7,455,1,0,0
TXN009162,50.06,10,1,475,0,0,0
TXN009163,96.58,11,6,247,1,1,0
TXN009164,135.34,11,4,618,1,0,0
TXN009165,121.28,12,2,356,0,0,0
TXN009166,51.71,23,3,872,0,1,0
TXN009167,18.8,18,2,70,1,0,0
TXN009168,23.36,22,5,339,1,0,0
TXN009169,68.84,16,3,314,1,1,0
TXN009170,73.03,12,1,178,1,0,0
TXN009171,21.46,12,2,511,0,1,0
TXN009172,56.71,13,2,609,0,0,0
TXN009173,93.37,12,4,54,0,0,0
TXN009174,20.52,19,2,629,0,0,0
TXN009175,139.67,13,2,921,0,0,0
TXN009176,39.61,11,5,418,0,0,0
TXN009177,159.01,18,3,147,0,1,0
TXN009178,34.69,19,10,583,0,0,1
TXN009179,22.81,12,5,145,1,0,0
TXN009180,36.99,16,5,725,0,3,1
TXN009181,50.36,6,3,113,0,0,0
TXN009182,39.24,14,3,712,0,0,0
TXN009183,45.44,4,5,97,1,1,0
TXN009184,72.52,2,5,285,0,0,0
TXN009185,47.2,15,4,540,0,0,0
TXN009186,51.61,11,1,621,0,1,0
TXN009187,12.77,17,6,600,0,0,0
TXN009188,76.17,20,7,965,0,0,1
TXN009189,50.61,8,6,581,0,0,0
TXN009190,214.59,17,6,144,0,1,0
TXN009191,24.57,14,7,156,1,1,0
TXN009192,11.74,8,5,408,0,0,0
TXN009193,92.33,16,5,234,1,0,0
TXN009194,73.3,15,1,574,0,0,0
TXN009195,23.17,14,2,336,0,0,0
TXN009196,14.88,21,2,527,1,0,0
TXN009197,201.7,14,3,237,0,1,0
TXN009198,181.63,23,2,645,0,2,1
TXN009199,6.59,14,3,322,0,0,0
TXN009200,36.98,8,3,520,1,0,0
TXN009201,224.65,13,3,428,1,1,0
TXN009202,36.43,9,8,368,0,0,1
TXN009203,35.98,15,1,198,2,0,0
TXN009204,42.93,16,5,145,0,1,0
TXN009205,21.06,13,5,925,0,0,0
TXN009206,12.82,7,5,458,1,0,0
TXN009207,133.58,13,4,237,0,0,0
TXN009208,11.4,7,3,198,0,1,0
TXN009209,67.37,16,2,256,0,2,0
TXN009210,116.0,18,5,347,0,1,0
TXN009211,15.9,22,4,574,0,0,0
TXN009212,24.89,8,3,95,0,2,0
TXN009213,153.12,14,3,117,0,0,0
TXN009214,85.88,14,3,259,0,0,0
TXN009215,32.31,21,3,331,0,1,0
TXN009216,151.7,15,4,369,1,0,0
TXN009217,152.25,8,5,766,1,1,0
TXN009218,68.63,13,5,260,0,0,0
TXN009219,25.4,16,5,38,0,1,0
TXN009220,38.42,17,7,301,0,0,0
TXN009221,69.65,19,2,696,1,0,0
TXN009222,46.51,9,2,489,0,0,0
TXN009223,121.28,21,5,186,0,0,0
TXN009224,14.88,6,1,42,1,1,0
TXN009225,15.33,23,2,642,0,0,0
TXN009226,63.67,19,3,781,0,1,1
TXN009227,35.95,16,1,110,1,0,0
TXN009228,32.04,17,3,452,0,1,0
TXN009229,12.15,6,1,577,1,0,1
TXN009230,55.51,4,2,34,0,0,0
TXN009231,52.2,7,3,526,0,0,0
TXN009232,95.15,7,2,515,0,0,0
TXN009233,57.89,14,1,758,0,1,0
TXN009234,48.78,9,2,253,1,0,0
TXN009235,148.48,19,1,146,0,0,0
TXN009236,17.89,13,3,513,0,0,0
TXN009237,86.14,16,3,613,1,2,0
TXN009238,13.19,16,3,276,0,0,0
TXN009239,26.77,11,1,548,0,0,0
TXN009240,19.48,10,5,465,1,0,0
TXN009241,106.13,11,3,659,0,0,0
TXN009242,51.65,18,6,196,1,1,0
TXN009243,53.98,15,4,393,0,0,0
TXN009244,21.31,10,2,454,1,0,0
TXN009245,42.32,18,6,336,0,0,0
TXN009246,28.53,5,3,504,0,0,0
TXN009247,75.64,16,2,600,0,0,0
TXN009248,23.51,13,1,715,0,0,0
TXN009249,169.07,17,1,323,1,1,0
TXN009250,13.14,21,2,389,0,0,0
TXN009251,27.51,17,1,243,1,1,0
TXN009252,227.15,13,3,310,1,0,0
TXN009253,37.72,8,1,1411,2,2,0
TXN009254,17.86,18,4,166,0,0,0
TXN009255,65.77,13,1,680,2,0,0
TXN009256,36.45,6,4,365,0,0,0
TXN009257,26.83,17,4,291,0,0,0
TXN009258,21.51,11,6,307,1,1,0
TXN009259,574.28,5,2,37,1,0,0
TXN009260,44.09,20,3,303,0,0,0
TXN009261,10.63,13,4,156,1,1,0
TXN009262,194.35,10,2,209,0,1,0
TXN009263,91.78,17,3,518,1,2,0
TXN009264,28.46,20,3,437,0,0,0
TXN009265,24.7,0,2,627,0,0,1
TXN009266,96.78,16,4,383,0,1,0
TXN009267,44.26,18,4,439,0,0,0
TXN009268,10.62,9,4,387,0,0,0
TXN009269,249.42,13,3,310,0,1,0
TXN009270,37.75,7,3,710,1,1,0
TXN009271,194.66,17,2,700,0,0,0
TXN009272,161.85,19,2,632,0,1,0
TXN009273,23.32,8,5,327,0,2,0
TXN009274,131.4,18,2,337,1,3,1
TXN009275,31.38,18,1,616,0,2,0
TXN009276,11.17,11,2,560,2,0,0
TXN009277,38.06,16,0,135,0,0,0
TXN009278,76.55,0,3,810,0,0,0
TXN009279,36.84,21,4,463,1,0,0
TXN009280,42.06,14,7,212,2,0,1
TXN009281,144.32,15,2,249,0,0,0
TXN009282,59.77,16,4,668,0,1,0
TXN009283,26.66,14,3,501,0,0,0
TXN009284,99.16,19,5,911,0,0,0
TXN009285,64.59,15,5,900,0,0,0
TXN009286,6.4,20,3,809,0,0,0
TXN009287,78.58,15,2,369,0,0,0
TXN009288,76.18,9,1,657,0,1,0
TXN009289,55.54,20,3,1220,0,0,0
TXN009290,116.51,16,2,270,1,2,0
TXN009291,30.83,16,5,453,1,0,0
TXN009292,72.68,23,7,125,1,0,0
TXN009293,14.41,6,1,491,0,1,0
TXN009294,77.17,12,5,36,0,0,0
TXN009295,287.18,10,6,72,0,2,0
TXN009296,23.44,15,3,880,0,0,0
TXN009297,28.62,18,3,112,0,0,0
TXN009298,29.86,22,4,583,0,1,0
TXN009299,60.98,13,3,403,0,0,0
TXN009300,22.12,18,6,349,1,0,0
TXN009301,78.11,20,4,338,1,2,0
TXN009302,112.15,16,2,262,1,0,0
TXN009303,85.99,10,2,458,0,1,0
TXN009304,12.14,15,3,232,0,0,0
TXN009305,127.22,22,7,233,0,1,0
TXN009306,121.12,23,3,335,0,0,1
TXN009307,110.57,16,3,190,0,0,0
TXN009308,74.96,20,6,31,0,1,0
TXN009309,65.84,9,3,583,2,1,0
TXN009310,131.31,10,5,775,0,0,0
TXN009311,280.06,21,5,514,1,1,0
TXN009312,24.29,8,4,121,0,2,0
TXN009313,136.51,9,8,14,3,0,1
TXN009314,50.74,12,7,194,0,1,0
TXN009315,48.9,15,5,358,0,0,0
TXN009316,14.79,15,3,68,0,0,0
TXN009317,42.86,11,1,636,2,0,0
TXN009318,23.39,21,5,127,2,0,1
TXN009319,36.81,20,5,564,0,0,0
TXN009320,21.47,12,0,204,2,0,0
TXN009321,37.28,12,2,311,1,2,0
TXN009322,38.66,17,3,461,0,0,0
TXN009323,59.28,16,2,208,0,0,0
TXN009324,13.84,12,4,367,0,1,0
TXN009325,15.98,12,5,921,1,1,0
TXN009326,74.26,11,4,294,0,0,0
TXN009327,27.72,10,2,307,0,1,1
TXN009328,136.09,13,4,293,0,0,0
TXN009329,66.12,16,8,393,1,0,1
TXN009330,91.45,17,1,512,0,1,0
TXN009331,181.11,18,1,634,0,0,0
TXN009332,41.96,12,2,499,0,0,0
TXN009333,33.5,18,5,243,2,1,0
TXN009334,114.54,0,3,302,0,0,0
TXN009335,84.19,13,4,193,0,1,0
TXN009336,46.56,18,3,173,1,0,0
TXN009337,178.17,15,6,98,0,2,0
TXN009338,45.59,13,1,257,0,1,0
TXN009339,56.14,16,5,264,1,1,0
TXN009340,55.59,20,3,393,0,1,0
TXN009341,24.67,14,2,495,0,0,1
TXN009342,58.32,18,6,394,0,0,0
TXN009343,178.98,22,6,226,1,1,0
TXN009344,79.7,17,2,687,3,0,1
TXN009345,56.06,14,5,30,1,3,1
TXN009346,47.58,3,3,220,1,0,0
TXN009347,72.33,12,0,594,0,1,0
TXN009348,103.27,14,4,207,0,0,0
TXN009349,91.64,18,2,237,2,1,0
TXN009350,41.18,13,1,88,0,1,0
TXN009351,71.96,22,3,736,0,0,0
TXN009352,82.1,10,4,308,0,0,0
TXN009353,23.19,17,3,353,0,0,0
TXN009354,62.99,12,4,360,0,1,0
TXN009355,8.7,13,4,267,0,1,0
TXN009356,82.28,18,1,512,0,0,0
TXN009357,95.71,11,1,470,0,0,0
TXN009358,103.07,7,2,366,0,0,0
TXN009359,39.03,14,3,152,2,1,0
TXN009360,71.0,14,3,135,0,0,0
TXN009361,183.16,18,4,445,1,1,0
TXN009362,181.58,22,5,124,0,0,0
TXN009363,53.26,5,2,353,0,1,0
TXN009364,61.46,15,2,290,0,0,0
TXN009365,140.37,16,6,375,0,0,0
TXN009366,15.25,23,1,187,0,0,0
TXN009367,41.49,21,4,753,1,2,0
TXN009368,169.9,17,2,1068,0,0,0
TXN009369,125.08,14,5,130,0,0,0
TXN009370,74.73,9,3,107,0,0,0
TXN009371,15.18,12,3,100,0,1,0
TXN009372,52.33,15,4,122,0,0,0
TXN009373,33.07,17,4,111,0,0,0
TXN009374,72.34,15,1,754,0,0,0
TXN009375,27.44,17,5,254,0,0,0
TXN009376,22.83,12,2,91,0,0,0
TXN009377,9.44,17,3,157,0,0,0
TXN009378,154.24,8,2,550,0,1,0
TXN009379,38.87,9,3,295,0,0,0
TXN009380,62.4,9,1,371,0,1,0
TXN009381,54.49,20,3,361,0,0,0
TXN009382,22.04,7,0,63,0,1,0
TXN009383,18.72,18,2,182,0,0,0
TXN009384,23.23,10,1,242,0,2,0
TXN009385,29.53,13,4,127,0,0,0
TXN009386,74.56,20,3,760,0,0,0
TXN009387,27.76,15,6,239,1,0,0
TXN009388,240.93,9,4,145,0,1,0
TXN009389,130.72,10,3,1127,0,1,0
TXN009390,108.54,21,0,263,0,0,1
TXN009391,49.32,12,3,113,0,0,0
TXN009392,197.78,15,3,27,1,0,0
TXN009393,45.36,13,2,478,0,2,0
TXN009394,53.17,12,2,293,0,2,0
TXN009395,63.08,10,6,690,0,0,1
TXN009396,99.14,16,1,346,1,1,0
TXN009397,93.82,17,2,1174,0,1,0
TXN009398,36.46,10,5,426,0,1,0
TXN009399,34.71,18,4,409,1,0,1
TXN009400,94.06,19,4,73,0,2,0
TXN009401,100.28,21,5,197,0,1,0
TXN009402,39.08,9,5,1148,0,1,0
TXN009403,14.17,11,5,852,0,0,0
TXN009404,45.78,19,6,584,2,2,0
TXN009405,92.76,9,1,390,1,0,0
TXN009406,253.31,0,0,194,0,1,0
TXN009407,19.72,19,2,568,0,1,0
TXN009408,37.99,11,4,97,0,1,0
TXN009409,39.21,12,1,84,1,0,0
TXN009410,172.85,13,2,766,0,1,0
TXN009411,53.0,19,3,137,0,0,0
TXN009412,25.25,11,3,454,0,0,1
TXN009413,87.79,20,5,500,0,0,0
TXN009414,38.71,15,4,978,1,0,0
TXN009415,19.28,14,2,345,1,0,0
TXN009416,25.56,11,4,296,0,0,0
TXN009417,238.4,10,4,191,0,0,0
TXN009418,75.68,15,3,701,1,0,0
TXN009419,59.84,13,4,189,0,0,0
TXN009420,44.15,20,4,808,0,0,0
TXN009421,69.99,13,1,374,1,0,0
TXN009422,69.28,14,4,525,0,1,0
TXN009423,69.99,12,4,67,0,0,0
TXN009424,60.2,18,3,378,0,0,0
TXN009425,114.26,12,4,1435,1,0,0
TXN009426,55.68,10,4,450,2,1,0
TXN009427,23.78,19,6,149,1,0,0
TXN009428,32.44,15,2,1193,0,1,0
TXN009429,10.15,15,4,135,0,1,0
TXN009430,305.76,15,3,554,1,0,0
TXN009431,113.67,17,4,191,0,0,0
TXN009432,26.96,11,2,256,1,0,0
TXN009433,42.97,3,2,443,2,1,0
TXN009434,31.77,18,2,594,0,0,1
TXN009435,202.59,8,3,346,1,2,0
TXN009436,16.33,17,6,341,0,0,0
TXN009437,60.18,7,3,458,0,0,0
TXN009438,49.79,12,2,178,0,1,0
TXN009439,110.26,6,2,351,0,1,0
TXN009440,49.98,14,6,149,0,1,0
TXN009441,12.25,16,4,759,0,0,0
TXN009442,44.1,9,0,1043,0,0,0
TXN009443,23.89,12,5,308,0,0,0
TXN009444,58.42,21,3,526,0,0,0
TXN009445,184.76,13,4,334,1,0,0
TXN009446,12.45,18,5,158,1,0,0
TXN009447,27.66,21,0,442,0,0,0
TXN009448,34.13,22,5,597,1,0,0
TXN009449,39.47,20,2,208,1,0,0
TXN009450,102.42,11,2,743,0,0,0
TXN009451,47.11,22,4,173,0,0,0
TXN009452,77.74,18,0,544,0,0,0
TXN009453,32.08,19,4,520,1,0,0
TXN009454,66.38,1,2,603,0,0,1
TXN009455,105.76,21,1,112,0,1,0
TXN009456,29.3,18,3,100,0,0,0
TXN009457,106.08,18,6,244,0,0,0
TXN009458,57.08,7,5,989,1,0,0
TXN009459,132.77,10,4,38,0,1,0
TXN009460,46.01,22,2,576,0,0,1
TXN009461,75.49,13,3,670,0,0,0
TXN009462,52.75,12,3,688,0,0,0
TXN009463,50.31,19,4,178,0,1,0
TXN009464,68.04,7,2,31,0,1,0
TXN009465,86.17,12,6,1101,0,1,0
TXN009466,18.88,12,2,145,0,0,0
TXN009467,184.67,11,4,656,0,0,0
TXN009468,11.24,11,3,408,0,0,0
TXN009469,30.51,9,5,740,0,0,0
TXN009470,50.39,9,2,354,0,0,0
TXN009471,77.52,16,5,384,0,1,0
TXN009472,208.46,21,3,225,1,1,0
TXN009473,11.25,14,4,437,0,1,0
TXN009474,35.46,11,5,254,0,1,0
TXN009475,8.95,9,0,142,1,0,0
TXN009476,56.09,19,0,170,1,0,0
TXN009477,68.78,22,7,559,0,1,0
TXN009478,211.07,11,4,369,0,0,0
TXN009479,60.49,11,1,678,1,1,0
TXN009480,132.61,15,4,136,0,1,0
TXN009481,89.68,18,5,602,1,0,0
TXN009482,37.71,13,5,175,0,0,0
TXN009483,16.48,15,3,894,0,0,0
TXN009484,68.98,17,2,310,0,0,0
TXN009485,15.36,22,4,116,0,0,0
TXN009486,164.17,9,6,224,0,0,0
TXN009487,47.57,23,2,189,0,1,0
TXN009488,150.79,12,5,798,0,2,0
TXN009489,36.3,17,3,398,0,0,0
TXN009490,68.62,14,1,609,1,0,0
TXN009491,65.23,13,4,556,0,1,0
TXN009492,52.55,16,1,1053,1,0,0
TXN009493,37.8,12,3,466,1,0,0
TXN009494,76.22,8,2,299,3,0,1
TXN009495,24.85,13,0,162,1,0,0
TXN009496,19.53,14,5,162,0,1,0
TXN009497,157.02,9,2,95,0,1,0
TXN009498,101.3,21,2,114,0,1,0
TXN009499,57.74,10,6,211,0,1,0
TXN009500,224.84,12,4,159,0,0,0
TXN009501,43.48,8,0,643,0,2,0
TXN009502,168.06,14,2,132,0,0,0
TXN009503,63.39,11,2,370,0,0,0
TXN009504,22.85,13,1,232,0,0,0
TXN009505,262.65,10,2,538,0,0,0
TXN009506,126.74,5,11,196,0,0,1
TXN009507,49.26,18,2,269,1,0,0
TXN009508,101.3,16,5,96,0,1,0
TXN009509,38.74,11,3,312,1,2,0
TXN009510,110.47,4,5,430,0,0,1
TXN009511,7.15,19,3,196,0,0,0
TXN009512,22.95,9,4,426,0,1,0
TXN009513,125.51,21,5,122,0,0,0
TXN009514,44.16,13,5,268,1,2,0
TXN009515,65.13,11,1,420,0,0,0
TXN009516,17.38,17,4,232,0,0,0
TXN009517,262.61,20,7,654,0,0,0
TXN009518,150.2,12,3,358,2,0,0
TXN009519,46.04,12,3,276,0,0,0
TXN009520,38.71,12,3,474,0,0,0
TXN009521,131.0,21,1,704,0,0,0
TXN009522,294.45,16,1,169,0,0,0
TXN009523,122.82,10,10,438,0,0,1
TXN009524,345.86,9,1,427,0,0,0
TXN009525,24.93,10,4,469,0,0,0
TXN009526,27.21,10,3,296,0,0,0
TXN009527,19.87,10,3,793,1,0,0
TXN009528,79.48,16,1,271,0,0,0
TXN009529,63.39,8,2,327,0,0,0
TXN009530,47.98,12,2,663,0,1,0
TXN009531,108.62,15,6,155,1,0,0
TXN009532,155.63,11,3,727,0,1,0
TXN009533,14.93,6,9,930,1,1,1
TXN009534,32.87,7,4,145,2,1,0
TXN009535,109.63,8,1,12,0,1,0
TXN009536,36.69,19,3,450,1,1,0
TXN009537,27.7,16,4,571,0,1,0
TXN009538,129.77,6,3,425,0,2,0
TXN009539,18.25,12,4,807,1,0,1
TXN009540,42.25,10,3,602,0,0,0
TXN009541,72.19,15,3,486,0,0,0
TXN009542,33.52,14,3,211,1,0,0
TXN009543,106.24,13,3,215,1,1,0
TXN009544,33.66,11,5,535,1,1,0
TXN009545,180.79,8,4,1764,0,1,0
TXN009546,49.06,17,4,470,0,1,0
TXN009547,96.6,20,4,108,0,1,0
TXN009548,102.94,21,2,507,0,0,0
TXN009549,32.03,6,2,493,0,0,0
TXN009550,9.53,17,1,673,0,0,0
TXN009551,74.19,17,3,263,0,0,0
TXN009552,58.06,21,7,26,0,1,1
TXN009553,87.57,10,1,298,1,0,0
TXN009554,45.04,17,5,548,0,0,0
TXN009555,37.87,5,0,265,0,0,0
TXN009556,301.03,15,1,593,1,1,0
TXN009557,15.62,11,1,596,2,1,0
TXN009558,101.89,18,5,657,0,2,0
TXN009559,33.5,19,7,188,0,0,0
TXN009560,41.04,12,4,174,2,1,0
TXN009561,41.7,14,3,712,0,0,0
TXN009562,27.58,8,2,196,0,1,0
TXN009563,88.72,12,3,166,0,1,0
TXN009564,178.05,11,2,312,0,0,0
TXN009565,81.41,9,2,374,0,1,0
TXN009566,59.61,20,2,243,0,0,0
TXN009567,23.61,8,2,309,1,0,0
TXN009568,84.72,15,1,94,0,0,0
TXN009569,341.35,20,3,93,0,0,0
TXN009570,39.5,20,3,569,0,0,0
TXN009571,39.66,18,8,197,0,0,1
TXN009572,33.89,9,5,567,0,0,0
TXN009573,36.02,18,3,465,0,1,0
TXN009574,5.29,10,8,12,1,0,1
TXN009575,77.04,21,6,684,0,3,1
TXN009576,26.61,17,6,493,0,1,0
TXN009577,13.89,18,1,381,0,0,0
TXN009578,103.57,7,3,657,1,0,0
TXN009579,21.76,15,3,222,1,0,0
TXN009580,40.94,19,3,340,1,0,0
TXN009581,189.9,19,2,28,0,0,0
TXN009582,16.48,2,5,595,0,0,1
TXN009583,14.84,21,2,62,1,1,0
TXN009584,68.64,4,5,201,0,0,0
TXN009585,145.05,15,3,371,0,0,0
TXN009586,14.32,16,2,1073,1,0,0
TXN009587,77.21,7,6,190,0,1,0
TXN009588,89.47,4,5,398,1,1,0
TXN009589,9.49,18,1,523,0,0,0
TXN009590,107.63,12,1,697,0,0,1
TXN009591,115.02,7,4,610,1,0,0
TXN009592,41.89,18,0,521,1,1,0
TXN009593,158.3,19,3,118,1,0,0
TXN009594,143.45,15,1,353,0,1,1
TXN009595,59.6,9,2,194,0,0,1
TXN009596,37.2,1,3,352,1,1,0
TXN009597,23.88,17,6,188,0,0,0
TXN009598,52.88,14,4,175,0,2,0
TXN009599,88.61,16,1,569,0,0,0
TXN009600,41.45,18,3,255,0,2,0
TXN009601,8.43,12,3,251,0,1,0
TXN009602,160.52,8,6,77,0,0,0
TXN009603,64.18,21,0,693,0,0,0
TXN009604,39.54,14,3,703,0,1,0
TXN009605,113.14,15,1,46,0,1,0
TXN009606,199.53,21,3,865,0,1,0
TXN009607,5.04,21,2,119,0,1,0
TXN009608,78.97,14,6,819,0,0,0
TXN009609,16.24,11,3,528,0,1,0
TXN009610,83.45,23,3,357,0,0,1
TXN009611,60.87,16,4,178,0,0,0
TXN009612,93.73,12,6,727,0,0,0
TXN009613,35.72,14,1,544,0,0,0
TXN009614,11.11,12,3,460,0,0,0
TXN009615,37.23,20,1,590,0,0,0
TXN009616,77.16,13,3,259,0,0,0
TXN009617,129.42,19,5,535,0,1,0
TXN009618,20.16,19,4,367,0,1,0
TXN009619,130.71,19,0,202,0,0,0
TXN009620,31.48,17,1,188,2,1,0
TXN009621,74.3,19,5,625,0,1,0
TXN009622,35.4,12,1,172,0,0,0
TXN009623,63.74,8,3,100,0,0,0
TXN009624,116.52,19,4,318,0,0,1
TXN009625,19.24,13,1,1375,0,2,0
TXN009626,30.63,8,2,481,2,0,0
TXN009627,63.89,8,4,193,0,0,0
TXN009628,420.46,9,5,413,0,0,0
TXN009629,26.21,17,2,894,0,0,0
TXN009630,309.24,17,4,480,0,0,0
TXN009631,299.99,9,1,641,0,0,0
TXN009632,50.26,19,2,552,0,1,0
TXN009633,42.38,10,3,390,0,1,0
TXN009634,30.32,18,3,501,0,1,0
TXN009635,51.52,13,1,492,0,0,0
TXN009636,16.52,17,3,288,0,1,0
TXN009637,51.17,12,3,100,0,1,0
TXN009638,194.87,11,2,578,0,1,0
TXN009639,32.48,19,7,634,0,0,0
TXN009640,44.5,3,6,260,0,0,0
TXN009641,12.86,22,5,184,0,0,0
TXN009642,75.03,16,3,392,0,0,0
TXN009643,68.36,12,3,237,0,0,0
TXN009644,57.64,15,2,387,0,0,0
TXN009645,45.41,8,2,558,1,1,0
TXN009646,42.57,14,5,358,0,0,0
TXN009647,83.65,23,7,450,0,0,0
TXN009648,53.28,10,3,287,0,0,0
TXN009649,71.36,17,4,146,2,0,0
TXN009650,65.54,12,3,379,1,1,0
TXN009651,141.87,16,3,197,1,0,0
TXN009652,97.07,9,2,76,0,0,0
TXN009653,64.32,13,3,391,0,0,0
TXN009654,198.47,22,1,188,1,1,0
TXN009655,78.04,9,8,85,0,0,1
TXN009656,165.54,15,2,769,2,0,0
TXN009657,91.46,14,3,411,0,0,0
TXN009658,11.41,14,4,796,1,0,0
TXN009659,165.52,15,2,173,0,1,0
TXN009660,61.25,13,1,104,0,0,0
TXN009661,52.24,1,2,136,0,0,1
TXN009662,69.35,20,6,396,0,2,0
TXN009663,40.72,19,2,855,1,3,1
TXN009664,66.22,9,1,391,0,0,0
TXN009665,33.01,12,4,179,1,0,0
TXN009666,161.28,18,0,372,1,1,0
TXN009667,49.57,22,5,368,1,0,0
TXN009668,39.44,21,3,497,0,0,0
TXN009669,24.87,20,2,685,1,0,0
TXN009670,68.61,9,6,259,0,0,1
TXN009671,64.01,20,3,288,0,1,0
TXN009672,75.96,20,5,179,0,1,0
TXN009673,22.8,12,4,400,0,1,0
TXN009674,14.0,12,1,710,1,2,0
TXN009675,92.92,13,4,508,1,1,0
TXN009676,192.86,16,2,326,1,1,0
TXN009677,22.82,10,6,84,0,0,0
TXN009678,210.82,1,3,460,0,0,0
TXN009679,69.5,8,5,155,1,0,0
TXN009680,54.27,13,3,158,1,0,0
TXN009681,38.94,10,2,174,0,1,0
TXN009682,16.83,18,0,349,1,1,0
TXN009683,126.41,7,4,291,0,1,0
TXN009684,28.24,20,2,635,0,1,0
TXN009685,28.14,20,7,79,1,1,0
TXN009686,126.87,20,4,196,0,0,0
TXN009687,11.02,17,4,79,0,0,0
TXN009688,14.95,7,1,121,1,0,0
TXN009689,53.76,13,1,383,0,0,0
TXN009690,70.06,8,5,107,0,0,0
TXN009691,82.44,23,3,197,0,0,0
TXN009692,42.24,11,1,216,0,1,0
TXN009693,469.1,15,6,1411,0,1,0
TXN009694,44.98,18,1,710,0,1,0
TXN009695,44.87,21,0,95,0,0,0
TXN009696,27.73,17,6,702,0,0,0
TXN009697,60.66,16,4,324,1,0,0
TXN009698,92.09,13,2,594,0,3,1
TXN009699,151.87,15,5,879,0,2,0
TXN009700,15.4,7,3,88,2,0,0
TXN009701,44.3,20,3,210,0,0,0
TXN009702,79.81,14,2,247,0,0,0
TXN009703,89.93,3,1,171,1,0,0
TXN009704,54.9,21,3,59,0,0,0
TXN009705,86.58,13,4,519,0,0,0
TXN009706,27.45,19,4,157,0,0,0
TXN009707,205.25,19,6,570,0,0,0
TXN009708,126.94,18,1,500,1,0,0
TXN009709,17.41,6,2,418,1,0,0
TXN009710,21.89,10,2,317,1,0,0
TXN009711,22.42,20,6,524,0,1,0
TXN009712,97.15,20,3,286,0,0,0
TXN009713,18.32,13,4,274,0,1,0
TXN009714,41.21,13,4,271,0,0,0
TXN009715,80.36,9,5,94,1,1,0
TXN009716,51.61,22,5,878,0,1,0
TXN009717,68.04,9,4,454,1,0,0
TXN009718,22.07,9,3,417,0,1,1
TXN009719,90.53,16,4,191,1,0,0
TXN009720,32.42,10,2,410,0,2,0
TXN009721,41.43,21,3,225,0,0,0
TXN009722,66.82,0,0,273,0,0,0
TXN009723,59.6,0,5,535,0,0,0
TXN009724,55.72,13,3,185,1,0,0
TXN009725,28.85,13,3,660,0,0,0
TXN009726,42.33,9,3,113,2,0,0
TXN009727,54.7,13,1,233,2,1,0
TXN009728,16.97,12,5,479,0,1,0
TXN009729,36.85,20,3,560,0,0,0
TXN009730,75.91,0,4,25,0,0,1
TXN009731,18.43,22,5,174,0,0,0
TXN009732,145.93,15,1,925,1,0,0
TXN009733,160.64,8,7,201,0,0,0
TXN009734,18.95,4,4,100,0,1,0
TXN009735,173.12,14,3,154,1,0,0
TXN009736,48.33,10,6,168,0,0,0
TXN009737,77.92,11,5,104,1,0,0
TXN009738,35.8,10,3,88,0,1,0
TXN009739,119.65,16,2,800,0,0,0
TXN009740,77.11,14,2,719,0,0,0
TXN009741,27.33,7,2,746,1,0,0
TXN009742,20.28,14,2,306,0,1,0
TXN009743,15.78,18,3,345,0,1,0
TXN009744,64.06,7,3,721,0,1,0
TXN009745,88.82,20,2,179,1,4,1
TXN009746,94.95,15,0,773,1,1,0
TXN009747,49.39,21,3,29,0,0,0
TXN009748,20.42,8,7,316,0,0,0
TXN009749,30.58,23,1,330,1,0,0
TXN009750,145.4,16,8,685,0,0,1
TXN009751,36.16,14,3,577,0,1,0
TXN009752,61.68,14,5,659,0,1,0
TXN009753,21.88,1,0,84,0,0,0
TXN009754,72.68,21,8,885,0,1,1
TXN009755,37.0,16,3,638,0,2,0
TXN009756,132.91,7,5,279,0,2,0
TXN009757,105.37,1,2,216,1,1,0
TXN009758,35.83,5,2,295,0,1,0
TXN009759,49.03,15,3,384,0,0,0
TXN009760,34.18,15,1,478,0,0,0
TXN009761,16.34,13,2,140,0,0,0
TXN009762,26.34,11,6,176,1,1,0
TXN009763,64.62,14,2,174,0,0,0
TXN009764,71.99,14,1,477,1,0,0
TXN009765,61.95,1,5,262,0,0,0
TXN009766,42.25,10,0,364,0,0,0
TXN009767,120.68,5,3,448,1,0,0
TXN009768,57.63,20,1,30,0,0,0
TXN009769,99.26,17,2,348,0,1,0
TXN009770,12.09,23,2,357,1,0,1
TXN009771,5.0,11,2,110,0,1,0
TXN009772,69.49,20,2,628,0,0,0
TXN009773,16.26,15,2,324,0,1,0
TXN009774,45.58,13,1,408,0,0,0
TXN009775,42.23,10,5,280,0,1,0
TXN009776,210.46,17,2,223,1,0,0
TXN009777,76.71,20,1,314,1,0,0
TXN009778,62.86,10,3,305,0,1,0
TXN009779,111.21,9,0,118,0,0,0
TXN009780,74.68,16,1,322,0,0,0
TXN009781,37.0,22,2,1323,1,0,0
TXN009782,135.74,17,2,540,1,1,0
TXN009783,21.26,10,2,137,0,0,0
TXN009784,71.86,12,3,119,0,0,0
TXN009785,14.65,12,1,438,0,0,0
TXN009786,64.93,19,2,197,0,1,0
TXN009787,64.33,18,6,333,1,0,0
TXN009788,227.01,15,4,632,1,0,0
TXN009789,14.44,10,4,336,0,1,0
TXN009790,32.76,21,4,314,0,1,0
TXN009791,109.87,16,5,352,2,0,0
TXN009792,72.6,22,0,634,2,0,0
TXN009793,63.64,15,4,264,0,0,0
TXN009794,24.22,19,2,243,0,0,0
TXN009795,33.04,18,6,106,1,1,1
TXN009796,157.32,11,2,681,0,0,1
TXN009797,52.26,22,3,176,0,0,0
TXN009798,75.12,1,6,98,0,0,0
TXN009799,49.51,18,3,235,0,1,0
TXN009800,19.97,22,3,106,1,1,0
TXN009801,120.75,11,4,199,1,1,0
TXN009802,83.74,16,3,378,1,1,0
TXN009803,387.53,14,4,719,1,0,0
TXN009804,23.03,18,3,605,0,2,0
TXN009805,109.86,19,1,102,1,2,0
TXN009806,17.91,15,4,144,0,1,1
TXN009807,62.41,18,4,485,0,1,0
TXN009808,125.21,11,1,169,0,1,0
TXN009809,9.38,10,4,304,1,1,0
TXN009810,45.87,12,4,597,3,2,1
TXN009811,33.83,16,3,439,0,0,0
TXN009812,30.06,9,3,744,0,0,0
TXN009813,75.75,16,4,102,1,0,0
TXN009814,141.54,12,3,304,0,0,0
TXN009815,48.75,18,4,41,0,2,0
TXN009816,65.02,3,4,253,1,0,1
TXN009817,60.17,16,3,164,0,0,0
TXN009818,54.68,16,0,156,0,0,0
TXN009819,21.63,21,3,154,0,1,0
TXN009820,140.07,17,3,458,0,0,0
TXN009821,70.17,18,7,416,0,0,0
TXN009822,76.37,20,2,189,0,0,0
TXN009823,27.51,16,2,432,1,0,0
TXN009824,36.95,11,2,351,0,2,0
TXN009825,47.01,19,1,177,1,0,1
TXN009826,14.82,17,2,110,0,0,0
TXN009827,13.0,12,2,228,0,0,0
TXN009828,32.77,17,4,270,1,0,0
TXN009829,85.13,19,4,672,0,1,0
TXN009830,31.34,22,3,229,0,1,0
TXN009831,22.97,21,4,646,1,1,0
TXN009832,27.32,11,4,147,1,0,0
TXN009833,37.08,12,2,793,0,0,0
TXN009834,40.42,8,4,832,1,1,0
TXN009835,344.02,10,3,291,0,1,0
TXN009836,133.81,20,4,248,0,0,0
TXN009837,130.46,11,2,144,0,1,0
TXN009838,147.42,15,4,242,1,1,0
TXN009839,23.36,16,5,221,0,0,0
TXN009840,19.32,18,5,704,0,0,0
TXN009841,21.31,9,3,389,1,0,0
TXN009842,169.75,11,3,536,0,1,0
TXN009843,34.29,13,3,196,0,1,0
TXN009844,18.85,12,3,221,0,1,0
TXN009845,37.85,23,4,38,0,0,1
TXN009846,44.58,19,2,255,1,0,0
TXN009847,68.59,13,3,165,0,0,0
TXN009848,67.58,20,5,947,1,0,0
TXN009849,27.01,11,5,596,0,0,0
TXN009850,97.79,18,4,170,1,0,0
TXN009851,31.71,10,2,115,1,1,0
TXN009852,47.81,18,1,409,0,0,0
TXN009853,97.88,13,3,431,0,0,0
TXN009854,31.64,8,7,99,2,1,1
TXN009855,33.65,10,7,388,2,2,1
TXN009856,90.28,12,0,743,1,0,0
TXN009857,26.34,17,0,438,0,0,0
TXN009858,39.37,6,3,279,0,0,0
TXN009859,87.56,16,2,249,0,0,0
TXN009860,312.93,17,3,260,0,0,0
TXN009861,91.34,16,5,118,1,0,0
TXN009862,81.59,18,4,752,0,1,0
TXN009863,85.73,9,2,461,0,1,0
TXN009864,21.93,15,0,99,2,0,0
TXN009865,60.24,21,2,206,0,1,0
TXN009866,53.23,15,2,190,0,1,0
TXN009867,71.76,15,4,973,0,0,0
TXN009868,60.28,17,4,222,0,0,0
TXN009869,75.4,11,4,75,0,0,0
TXN009870,41.9,17,3,171,0,0,0
TXN009871,57.39,20,2,661,0,0,0
TXN009872,19.23,0,0,300,0,1,0
TXN009873,41.6,19,1,258,1,0,0
TXN009874,178.08,9,2,251,2,2,0
TXN009875,71.59,13,4,177,0,1,0
TXN009876,53.64,19,1,472,1,0,0
TXN009877,273.61,19,4,484,0,0,0
TXN009878,17.17,20,7,97,0,0,0
TXN009879,21.26,21,4,81,0,0,0
TXN009880,234.11,13,1,145,0,0,0
TXN009881,56.77,16,2,368,1,0,0
TXN009882,44.43,12,4,246,0,0,0
TXN009883,19.7,11,2,16,0,0,0
TXN009884,79.88,12,1,287,0,2,0
TXN009885,86.73,17,3,291,1,1,0
TXN009886,21.54,13,7,114,0,3,1
TXN009887,48.46,18,2,1033,0,0,0
TXN009888,41.05,17,2,328,0,0,0
TXN009889,67.87,1,3,248,0,0,1
TXN009890,21.09,15,2,214,0,1,0
TXN009891,158.25,13,4,442,0,0,0
TXN009892,118.92,13,3,157,1,0,0
TXN009893,40.1,19,2,450,0,2,0
TXN009894,45.42,14,3,1003,0,0,0
TXN009895,48.62,20,1,96,0,0,0
TXN009896,28.18,17,3,361,0,0,0
TXN009897,37.45,14,3,300,0,0,0
TXN009898,43.39,17,1,82,2,1,0
TXN009899,215.06,3,5,829,2,0,0
TXN009900,122.07,2,2,127,0,1,0
TXN009901,120.84,7,2,312,0,0,0
TXN009902,74.77,13,1,182,0,1,0
TXN009903,21.12,10,1,174,0,1,0
TXN009904,52.71,23,4,638,0,0,0
TXN009905,124.58,14,5,482,0,0,0
TXN009906,18.74,16,3,266,0,0,0
TXN009907,93.79,10,4,191,0,0,0
TXN009908,393.16,11,1,81,0,1,0
TXN009909,134.63,11,2,773,0,0,0
TXN009910,181.62,16,9,105,1,0,1
TXN009911,65.73,13,3,711,1,2,0
TXN009912,124.31,14,2,570,0,0,0
TXN009913,29.66,15,10,151,0,0,1
TXN009914,107.39,18,7,110,0,1,0
TXN009915,95.22,7,2,324,1,0,0
TXN009916,69.86,18,3,338,0,0,0
TXN009917,167.1,14,1,164,0,0,0
TXN009918,34.54,16,2,573,1,1,0
TXN009919,46.57,11,1,960,0,1,0
TXN009920,59.21,12,5,590,0,1,0
TXN009921,22.76,10,4,600,1,0,0
TXN009922,66.21,22,4,443,1,0,0
TXN009923,12.67,13,2,92,1,2,0
TXN009924,132.94,23,3,217,0,0,0
TXN009925,56.81,13,3,661,1,2,0
TXN009926,35.07,9,3,229,0,1,0
TXN009927,26.86,13,5,224,3,1,1
TXN009928,44.73,3,5,161,1,0,1
TXN009929,98.01,20,6,370,0,0,0
TXN009930,86.97,19,4,389,0,0,0
TXN009931,29.97,17,2,242,0,0,0
TXN009932,26.6,15,5,581,0,1,0
TXN009933,95.43,15,6,56,0,0,0
TXN009934,29.55,23,2,258,0,0,1
TXN009935,57.45,10,3,1076,0,0,0
TXN009936,60.65,18,1,339,0,1,0
TXN009937,71.18,15,4,251,0,0,1
TXN009938,113.24,22,2,671,0,0,0
TXN009939,18.66,19,5,341,1,0,0
TXN009940,10.76,23,2,340,1,0,0
TXN009941,33.71,15,2,425,0,1,0
TXN009942,252.47,9,9,272,0,2,1
TXN009943,304.55,13,2,480,0,0,0
TXN009944,258.92,17,6,538,0,0,0
TXN009945,46.34,18,2,982,1,1,0
TXN009946,12.0,0,5,641,0,0,1
TXN009947,7.45,13,1,325,0,0,0
TXN009948,32.4,10,3,346,0,1,0
TXN009949,46.14,20,3,92,0,0,0
TXN009950,164.93,8,2,376,0,0,0
TXN009951,114.16,16,4,363,0,1,0
TXN009952,66.24,10,3,174,0,0,0
TXN009953,25.63,11,5,363,0,0,0
TXN009954,24.13,21,5,74,0,1,0
TXN009955,67.76,10,6,881,1,1,0
TXN009956,98.74,7,1,200,0,0,0
TXN009957,76.18,6,3,150,0,1,0
TXN009958,22.66,13,3,606,0,0,0
TXN009959,94.92,16,0,469,4,1,1
TXN009960,78.42,11,2,46,0,1,0
TXN009961,21.98,16,2,393,0,0,0
TXN009962,28.03,6,2,205,0,2,0
TXN009963,98.02,19,2,958,1,0,0
TXN009964,44.73,18,6,489,0,0,0
TXN009965,210.77,23,2,67,0,1,1
TXN009966,83.59,21,4,217,0,0,0
TXN009967,36.1,11,0,146,0,1,0
TXN009968,54.13,12,4,680,0,0,0
TXN009969,57.62,17,3,522,1,1,1
TXN009970,29.4,8,2,604,0,3,1
TXN009971,25.14,11,5,182,2,0,0
TXN009972,99.11,8,3,580,0,0,0
TXN009973,112.0,13,4,95,0,0,0
TXN009974,91.21,14,3,1432,0,0,0
TXN009975,197.95,9,2,85,1,0,0
TXN009976,34.45,2,2,957,0,2,0
TXN009977,226.59,17,4,582,0,1,0
TXN009978,25.39,1,4,375,1,1,1
TXN009979,23.09,22,4,194,1,0,0
TXN009980,12.23,10,4,344,0,1,0
TXN009981,37.38,16,3,208,1,1,0
TXN009982,35.58,12,4,572,1,0,1
TXN009983,85.37,6,0,380,0,0,0
TXN009984,67.18,13,6,145,0,1,0
TXN009985,19.81,14,4,261,2,1,0
TXN009986,39.1,19,6,364,0,0,1
TXN009987,39.82,17,4,484,0,0,0
TXN009988,12.07,7,5,1334,1,0,0
TXN009989,23.72,9,1,1150,0,1,0
TXN009990,28.36,11,4,724,2,0,0
TXN009991,184.67,8,3,350,0,1,0
TXN009992,64.25,13,1,97,0,0,0
TXN009993,95.86,23,3,122,0,0,0
TXN009994,15.27,14,2,265,0,0,0
TXN009995,150.67,17,9,87,0,1,1
TXN009996,165.0,16,5,337,0,1,0
TXN009997,9.99,19,4,612,0,0,0
TXN009998,29.98,9,3,256,0,1,0
TXN009999,83.21,17,0,258,0,0,0
TXN010000,94.42,20,6,190,0,1,0
